INSERT INTO country
    (id, code)
VALUES
    (1, 'AF'),
    (2, 'AR'),
    (3, 'AM'),
    (4, 'AU'),
    (5, 'AT'),
    (6, 'BE'),
    (7, 'BZ'),
    (8, 'CA'),
    (9, 'CL'),
    (10, 'CN'),
    (11, 'CO'),
    (12, 'HR'),
    (13, 'CZ'),
    (14, 'ES'),
    (15, 'FI'),
    (16, 'FR'),
    (17, 'GB'),
    (18, 'DE'),
    (19, 'GR'),
    (20, 'HU'),
    (21, 'IN'),
    (22, 'IR'),
    (23, 'IE'),
    (24, 'IT'),
    (25, 'JP'),
    (26, 'KR'),
    (27, 'LV'),
    (28, 'LB'),
    (29, 'MK'),
    (30, 'ME'),
    (31, 'NL'),
    (32, 'NO'),
    (33, 'PK'),
    (34, 'PL'),
    (35, 'RU'),
    (36, 'RS'),
    (37, 'CH'),
    (38, 'SK'),
    (39, 'SE'),
    (40, 'UA'),
    (41, 'US'),
    (42, 'UZ');

INSERT INTO location
    (id, name, country_id)
VALUES
    (1, 'Adelboden', 37),
    (2, 'Alta Badia', 24),
    (3, 'Bansko', 7),
    (4, 'Beaver Creek', 41),
    (5, 'Bormio', 24),
    (6, 'Chamonix', 16),
    (7, 'Cortina d''Ampezzo', 24),
    (8, 'Courchevel', 16),
    (9, 'Crans-Montana', 37),
    (10, 'Flachau', 5),
    (11, 'Garmisch-Partenkirchen', 18),
    (12, 'Hinterstoder', 5),
    (13, 'Killington', 41),
    (14, 'Kitzbühel', 5),
    (15, 'La Thuile', 24),
    (16, 'Lake Louise', 8),
    (17, 'Levi', 15),
    (18, 'Lienz', 5),
    (19, 'Madonna di Campiglio', 24),
    (20, 'Ofterschwang', 18),
    (21, 'Rosa Khutor', 35),
    (22, 'Schladming', 5),
    (23, 'St. Moritz', 37),
    (24, 'Sölden', 5),
    (25, 'Val d''Isère', 16),
    (26, 'Val Gardena/Groeden', 24),
    (27, 'Wengen', 37),
    (28, 'Yanqing', 10),
    (29, 'Yuzawa Naeba', 25),
    (30, 'Zauchensee', 5);

INSERT INTO race
    (id, date, description, name, number_of_sensors, website, picture_url, gender, location_id, race_type, status)
VALUES
    (1, '2019-01-26', 'Yearly slalom competition', 'Kitzbühel Slalom', 5, 'hahnenkamm.com', NULL, 'Male', 14, 'Slalom', 'Finished'),
    (2, '2019-01-29', 'Schladming slalom at night', 'Schladming Slalom', 5, 'thenightrace.at', NULL, 'Female', 22, 'Slalom', 'Finished'),
    (3, '2019-01-20', 'Winter sports in Wengen', 'Wengen Giant Slalom', 5, NULL, NULL, 'Male', 27, 'SuperSlalom', 'Finished'),
    (4, '2019-01-12', 'January'' giant slalom', 'Adelboden Giant Slalom', 5, 'weltcup-adelboden.ch', NULL, 'Male', 1, 'SuperSlalom', 'Ready'),
    (5, '2019-01-13', 'World cup slalom competition', 'Adelboden Slalom', 5, 'weltcup-adelboden.ch', NULL, 'Male', 1, 'Slalom', 'Ready'),
    (6, '2019-01-06', 'Newyear''s slalom race', 'La Thuile', 5, 'snowqueentrophy.com', NULL, 'Male', 15, 'Slalom', 'Ready'),
    (7, '2019-01-08', 'Female skiing competition', 'Flachau Slalom', 5, 'skiweltcup-flachau.at', NULL, 'Female', 10, 'Slalom', 'Ready'),
    (8, '2018-12-21', 'Giant slalom female race', 'Courchevel Giant Slalom', 5, 'sportcourchevel.com', NULL, 'Female', 8, 'SuperSlalom', 'Ready'),
    (9, '2018-12-22', NULL, 'Courchevel Slalom', 5, 'sportcourchevel.com', NULL, 'Male', 8, 'Slalom', 'Ready'),
    (10, '2019-03-05', 'End season''s slalom competition', 'Lake Louise', 5, 'sportcourchevel.com', NULL, 'Male', 16, 'Slalom', 'Ready');

INSERT INTO skier
    (id, archived, birthdate, first_name, last_name, gender, picture_url, country_id)
VALUES
    (1, 0, '1998-04-18', 'Ema', 'Martinez', 'Female', NULL, 41),
    (2, 0, '1988-06-01', 'Donghyun', 'Jung', 'Male', NULL, 26),
    (3, 0, '2000-01-03', 'Jean', 'Kayrouz', 'Male', NULL, 28),
    (4, 0, '1999-03-11', 'Theodore', 'Coates', 'Male', NULL, 4),
    (5, 0, '1999-06-25', 'Lucien', 'Bryan', 'Male', NULL, 41),
    (6, 0, '1998-02-10', 'Carlo', 'Dorn', 'Male', NULL, 18),
    (7, 0, '2002-09-04', 'Bobby', 'Stevenish', 'Male', NULL, 41),
    (8, 0, '2002-08-03', 'Sergey', 'Koprikov', 'Male', NULL, 35),
    (9, 0, '1999-10-24', 'Mihajlo', 'Djordjevic', 'Male', NULL, 36),
    (10, 0, '1995-02-12', 'Yuriy', 'Drugov', 'Male', NULL, 35),
    (11, 0, '2001-12-31', 'Gaia', 'Gianassi', 'Female', NULL, 24),
    (12, 0, '1982-07-01', 'Yo', 'Sugaya', 'Male', NULL, 25),
    (13, 0, '2002-11-27', 'Olga', 'Nowotny', 'Female', NULL, 34),
    (14, 0, '1991-12-11', 'Ryo', 'Sugai', 'Male', NULL, 25),
    (15, 0, '1999-07-06', 'Arthur', 'Mugnier', 'Male', NULL, 16),
    (16, 0, '1969-09-23', 'Luca', 'Bongioanni', 'Male', NULL, 24),
    (17, 0, '1999-06-08', 'Serge', 'Salameh', 'Male', NULL, 28),
    (18, 0, '2000-12-24', 'Yuka', 'Miyajima', 'Female', NULL, 25),
    (19, 0, '2002-12-19', 'Alina', 'Ivleva', 'Female', NULL, 35),
    (20, 0, '2001-04-08', 'Matteo', 'Orsieres', 'Male', NULL, 24),
    (21, 0, '2001-10-01', 'Tina', 'Schaedle', 'Female', NULL, 5),
    (22, 0, '2002-12-26', 'Rinka', 'Shimizu', 'Female', NULL, 25),
    (23, 0, '2001-11-15', 'Elin', 'Baeccman', 'Female', NULL, 39),
    (24, 0, '1998-06-14', 'Davis', 'Zvejnieks', 'Male', NULL, 27),
    (25, 0, '2000-03-10', 'Bradshaw', 'Underhill', 'Male', NULL, 41),
    (26, 0, '2001-01-24', 'Jelena', 'Vujicic', 'Female', NULL, 30),
    (27, 0, '2001-07-06', 'Maria', 'Astorgano', 'Female', NULL, 14),
    (28, 0, '2000-01-13', 'Philipp', 'Weissensteiner', 'Male', NULL, 24),
    (29, 0, '2000-07-19', 'Simon', 'Pavlas', 'Male', NULL, 13),
    (30, 0, '2000-02-04', 'Luca', 'Gstrein', 'Male', NULL, 5),
    (31, 0, '2002-03-31', 'Kotaro', 'Omiya', 'Male', NULL, 25),
    (32, 0, '2001-10-08', 'Ignacio', 'Burgos', 'Male', NULL, 14),
    (33, 0, '1998-02-19', 'Carina', 'Bracy', 'Female', NULL, 41),
    (34, 0, '2000-02-17', 'Aleksandra', 'Karachun', 'Female', NULL, 35),
    (35, 0, '2000-05-12', 'Victoria', 'Berne', 'Female', NULL, 16),
    (36, 0, '1999-08-28', 'Sara', 'Lindstroem', 'Female', NULL, 39),
    (37, 0, '1994-04-29', 'Xiang', 'Fang', 'Male', NULL, 10),
    (38, 0, '1996-10-25', 'Ayumu', 'Onishi', 'Male', NULL, 25),
    (39, 0, '1999-07-22', 'Takanori', 'Saito', 'Male', NULL, 25),
    (40, 0, '2000-05-19', 'Mira', 'Raggl', 'Female', NULL, 5),
    (41, 0, '1999-07-28', 'Jeremy', 'Dubois', 'Male', NULL, 16),
    (42, 0, '2002-04-19', 'Adela', 'Kestlova', 'Female', NULL, 13),
    (43, 0, '2001-08-01', 'Fazal', 'Wadood', 'Male', NULL, 33),
    (44, 0, '2001-02-15', 'Sarah', 'Coombs', 'Female', NULL, 41),
    (45, 0, '1991-09-22', 'Guillaume', 'Rambaud', 'Male', NULL, 16),
    (46, 0, '2002-08-21', 'Dominick', 'Epifanio', 'Male', NULL, 41),
    (47, 0, '2002-05-11', 'Zoe', 'Priest', 'Female', NULL, 8),
    (48, 0, '1995-06-29', 'Nikolaos', 'Vasileiou', 'Male', NULL, 19),
    (49, 0, '2002-04-26', 'Nanna', 'Tuhkanen', 'Female', NULL, 15),
    (50, 0, '2000-05-31', 'Holden', 'Parazette', 'Male', NULL, 41),
    (51, 0, '2001-05-08', 'Peter', 'Krol', 'Male', NULL, 31),
    (52, 0, '1999-02-27', 'Bastien', 'Fracheboud', 'Male', NULL, 37),
    (53, 0, '1983-05-12', 'Cynthia', 'Denzler', 'Female', NULL, 11),
    (54, 0, '2000-08-19', 'Enrico', 'Pletti', 'Male', NULL, 24),
    (55, 0, '1995-10-03', 'Paul', 'Perrier', 'Male', NULL, 16),
    (56, 0, '1994-07-18', 'Christine', 'Scheyer', 'Female', NULL, 5),
    (57, 0, '2002-03-12', 'Tiziano', 'Gravier', 'Male', NULL, 2),
    (58, 0, '1988-05-14', 'Kazufumi', 'Takizawa', 'Male', NULL, 25),
    (59, 0, '2001-09-13', 'Selina', 'Egloff', 'Female', NULL, 37),
    (60, 0, '1997-04-02', 'Amanda', 'Stenberg', 'Female', NULL, 39),
    (61, 0, '2000-02-10', 'Eemeli', 'Maklin', 'Male', NULL, 15),
    (62, 0, '2000-08-28', 'Paul', 'Jaquet', 'Male', NULL, 37),
    (63, 0, '1999-02-06', 'Paul', 'Menard', 'Male', NULL, 41),
    (64, 0, '2002-01-09', 'Claire', 'Macdonell', 'Female', NULL, 8),
    (65, 0, '2001-06-23', 'Michele', 'Renzi', 'Male', NULL, 24),
    (66, 0, '2002-04-13', 'Lauren', 'Brackett', 'Female', NULL, 8),
    (67, 0, '2001-12-26', 'William', 'Pignon', 'Male', NULL, 16),
    (68, 0, '1990-03-12', 'Jakob', 'Eriksson', 'Male', NULL, 39),
    (69, 0, '2001-08-28', 'Sue', 'Fuchs', 'Female', NULL, 37),
    (70, 0, '1999-02-23', 'Emil', 'Persson', 'Male', NULL, 39),
    (71, 0, '2002-04-29', 'Andrew', 'Waldman', 'Male', NULL, 41),
    (72, 0, '2001-01-25', 'Federico', 'Toscano', 'Male', NULL, 37),
    (73, 0, '2000-05-15', 'Eliot', 'Grandjean', 'Male', NULL, 6),
    (74, 0, '2001-08-28', 'Anna', 'Pertile', 'Female', NULL, 24),
    (75, 0, '2002-04-19', 'Francesco', 'Sanmartino', 'Male', NULL, 24),
    (76, 0, '2001-06-28', 'Illia', 'Kirbatov', 'Male', NULL, 40),
    (77, 0, '1990-03-08', 'Kohei', 'Ohashi', 'Male', NULL, 25),
    (78, 0, '2001-06-16', 'Hoshimi', 'Kotake', 'Female', NULL, 25),
    (79, 0, '2002-01-21', 'Miina', 'Sakuma', 'Female', NULL, 25),
    (80, 0, '2000-09-01', 'Yu', 'Bai', 'Male', NULL, 10),
    (81, 0, '2001-06-07', 'Jonas', 'Barsch', 'Male', NULL, 39),
    (82, 0, '2001-05-07', 'Michael', 'Dandy', 'Male', NULL, 8),
    (83, 0, '1993-05-12', 'Nicholas', 'Krause', 'Male', NULL, 41),
    (84, 0, '1999-06-27', 'Christian', 'Arnold', 'Male', NULL, 37),
    (85, 0, '2001-07-07', 'Lukas', 'Hromec', 'Male', NULL, 38),
    (86, 0, '2002-10-12', 'Annika', 'Howell', 'Female', NULL, 41),
    (87, 0, '1997-10-04', 'Virginia', 'Sosio', 'Female', NULL, 24),
    (88, 0, '2001-10-25', 'Angeliki', 'Maniati', 'Female', NULL, 19),
    (89, 0, '2002-04-23', 'Georgi', 'Konyarski', 'Male', NULL, 7),
    (90, 0, '1997-12-20', 'Thomas', 'Cote', 'Male', NULL, 8),
    (91, 0, '2000-09-20', 'Giovanni', 'Chiolini', 'Male', NULL, 24),
    (92, 0, '1993-07-06', 'Lukas', 'Kaefer', 'Male', NULL, 5),
    (93, 0, '2002-05-20', 'Lorenzo', 'Sandri', 'Male', NULL, 24),
    (94, 0, '1997-04-30', 'Katja', 'Grossmann', 'Female', NULL, 37),
    (95, 0, '2000-08-10', 'Catherine', 'Krupka', 'Female', NULL, 41),
    (96, 0, '1992-06-14', 'Michaela', 'Wenig', 'Female', NULL, 18),
    (97, 0, '1988-12-14', 'Roberto', 'Nani', 'Male', NULL, 24),
    (98, 0, '1998-04-30', 'Zaks', 'Gedra', 'Male', NULL, 27),
    (99, 0, '1998-02-05', 'Claire', 'Tan', 'Female', NULL, 31),
    (100, 0, '1991-05-17', 'Hitomi', 'Sado', 'Female', NULL, 25),
    (101, 0, '1994-10-31', 'Charlotte', 'Chable', 'Female', NULL, 37),
    (102, 0, '1999-06-23', 'Anna', 'Trenary', 'Female', NULL, 41),
    (103, 0, '2000-07-30', 'Arman', 'Gayupov', 'Male', NULL, 42),
    (104, 0, '1996-12-06', 'Jonas', 'Landshom', 'Male', NULL, 32),
    (105, 0, '2001-05-23', 'Paolo', 'Palmegiano', 'Male', NULL, 24),
    (106, 0, '2001-11-05', 'Milena', 'Goffredi', 'Female', NULL, 24),
    (107, 0, '2002-11-03', 'Leo', 'Oesterberg', 'Male', NULL, 39),
    (108, 0, '2002-01-25', 'Ryota', 'Yuji', 'Male', NULL, 25),
    (109, 0, '2002-12-26', 'Ryan', 'Becker', 'Male', NULL, 41),
    (110, 0, '2002-12-04', 'Isabel', 'Guerenu', 'Female', NULL, 14),
    (111, 0, '1993-06-21', 'Mladen', 'Minic', 'Male', NULL, 30),
    (112, 0, '2002-01-24', 'Leonardo', 'Occoffer', 'Male', NULL, 24),
    (113, 0, '2002-05-25', 'Noemie', 'Laurier', 'Female', NULL, 8),
    (114, 0, '2001-03-01', 'Moa', 'Lundquist', 'Female', NULL, 39),
    (115, 0, '1997-06-15', 'Carter', 'Armstrong', 'Male', NULL, 8),
    (116, 0, '1998-04-13', 'Galina', 'Vorozheiko', 'Female', NULL, 35),
    (117, 0, '2002-07-03', 'Marian', 'Danos', 'Male', NULL, 13),
    (118, 0, '1999-05-21', 'Neena', 'Sore', 'Female', NULL, 15),
    (119, 0, '1997-06-23', 'Gabriel', 'Aregger', 'Male', NULL, 37),
    (120, 0, '2001-11-01', 'Rinka', 'Kanai', 'Female', NULL, 25),
    (121, 0, '2000-11-17', 'Olivia', 'Weymouth', 'Female', NULL, 41),
    (122, 0, '1997-04-23', 'Monika', 'Maroty', 'Female', NULL, 20),
    (123, 0, '1998-03-20', 'Elle', 'Kempenaers', 'Female', NULL, 6),
    (124, 0, '2002-03-31', 'Filip', 'Dvorak', 'Male', NULL, 13),
    (125, 0, '2002-12-19', 'Genya', 'Miyazawa', 'Male', NULL, 25),
    (126, 0, '2002-05-10', 'Laura', 'Graziani', 'Female', NULL, 24),
    (127, 0, '2002-07-14', 'Mara', 'Platter', 'Female', NULL, 24),
    (128, 0, '1990-02-25', 'Hyeontae', 'Kim', 'Male', NULL, 26),
    (129, 0, '1999-01-27', 'Misato', 'Koba', 'Female', NULL, 25),
    (130, 0, '1996-04-06', 'Jakub', 'Pospisil', 'Male', NULL, 13),
    (131, 0, '1960-03-11', 'Stefano', 'Rampazzo', 'Male', NULL, 24),
    (132, 0, '1995-06-26', 'Takuya', 'Kusakabe', 'Male', NULL, 25),
    (133, 0, '2001-06-25', 'Ginevra', 'Ostini', 'Female', NULL, 37),
    (134, 0, '2001-12-17', 'Owen', 'Vinter', 'Male', NULL, 17),
    (135, 0, '2000-04-13', 'Ignace', 'Keirouz', 'Male', NULL, 28),
    (136, 0, '1997-05-21', 'Amelia', 'Adams', 'Female', NULL, 41),
    (137, 0, '1999-06-17', 'Eldar', 'Salihovic', 'Male', NULL, 30),
    (138, 0, '2002-09-17', 'Adam', 'Coito', 'Male', NULL, 8),
    (139, 0, '1996-04-28', 'Yukihiro', 'Takikawa', 'Male', NULL, 25),
    (140, 0, '2002-12-04', 'Sini', 'Heikkala', 'Female', NULL, 15),
    (141, 0, '1997-03-19', 'Martin', 'Bergman', 'Male', NULL, 39),
    (142, 0, '1998-09-07', 'Luka', 'Bozhinovski', 'Male', NULL, 29),
    (143, 0, '1998-03-04', 'Shuntaro', 'Nakazawa', 'Male', NULL, 25),
    (144, 0, '1986-01-23', 'Sandro', 'Viletta', 'Male', NULL, 37),
    (145, 0, '1997-03-28', 'Deborah', 'Gerber', 'Female', NULL, 37),
    (146, 0, '2001-02-13', 'Finn', 'Rice', 'Male', NULL, 23),
    (147, 0, '2001-10-14', 'Alberto', 'Guerrini', 'Male', NULL, 24),
    (148, 0, '2001-04-04', 'Edoardo', 'Galeasso', 'Male', NULL, 24),
    (149, 0, '2001-04-14', 'Drew', 'Wingard', 'Male', NULL, 41),
    (150, 0, '2001-07-04', 'Eirik', 'Gjeraldstveit', 'Male', NULL, 32),
    (151, 0, '2001-09-26', 'Cosmo', 'Osmond', 'Male', NULL, 17),
    (152, 0, '2000-04-30', 'Lorenzo', 'Bellet', 'Male', NULL, 24),
    (153, 0, '2001-11-16', 'Carla', 'Torresi', 'Female', NULL, 2),
    (154, 0, '1998-03-16', 'Ryo', 'Oshikiri', 'Male', NULL, 25),
    (155, 0, '2001-05-07', 'Alessandro', 'Peaquin', 'Male', NULL, 24),
    (156, 0, '2002-06-24', 'Yuki', 'Taka', 'Male', NULL, 25),
    (157, 0, '1996-04-14', 'Frederik', 'Norys', 'Male', NULL, 18),
    (158, 0, '1999-06-08', 'Yuta', 'Uchikawa', 'Male', NULL, 25),
    (159, 0, '2001-07-03', 'Silvia', 'Lastei', 'Female', NULL, 24),
    (160, 0, '1999-03-12', 'Juliusz', 'Mitan', 'Male', NULL, 34),
    (161, 0, '2001-02-21', 'Anna', 'Oberdanner', 'Female', NULL, 5),
    (162, 0, '2002-08-02', 'Samantha', 'Trudeau', 'Female', NULL, 41),
    (163, 0, '1986-10-05', 'Jad', 'Makhoul', 'Male', NULL, 28),
    (164, 0, '2000-02-10', 'Filippo', 'Collini', 'Male', NULL, 24),
    (165, 0, '2002-10-15', 'Oskar', 'Gillberg', 'Male', NULL, 39),
    (166, 0, '2000-03-17', 'Karolina', 'Vlckova', 'Female', NULL, 13),
    (167, 0, '2000-03-22', 'Nicolo', 'Valentini', 'Male', NULL, 24),
    (168, 0, '1997-01-18', 'Cristina', 'Pachi', 'Female', NULL, 19),
    (169, 0, '2002-08-14', 'David', 'Hrbac', 'Male', NULL, 13),
    (170, 0, '1997-01-15', 'Marco', 'Fischbacher', 'Male', NULL, 37),
    (171, 0, '2002-03-29', 'Alice', 'Carneli', 'Female', NULL, 24),
    (172, 0, '1999-12-22', 'Niclas', 'Carlson', 'Male', NULL, 41),
    (173, 0, '2001-01-24', 'Severin', 'Imseng', 'Male', NULL, 37),
    (174, 0, '1969-12-21', 'Kouichi', 'Murakami', 'Male', NULL, 25),
    (175, 0, '2001-12-14', 'Eduard', 'Tashov', 'Male', NULL, 35),
    (176, 0, '2002-03-07', 'Pavel', 'Ustiuzhanin', 'Male', NULL, 35),
    (177, 0, '2002-09-11', 'Guilhem', 'Castillon', 'Male', NULL, 16),
    (178, 0, '2000-04-02', 'Grace', 'Klapatiuk', 'Female', NULL, 8),
    (179, 0, '1995-01-01', 'Michal', 'Staszowski', 'Male', NULL, 13),
    (180, 0, '2002-08-08', 'Sayo', 'Yamashita', 'Female', NULL, 25),
    (181, 0, '2001-10-22', 'Maja', 'Fucak', 'Female', NULL, 12),
    (182, 0, '2001-10-14', 'Marvin', 'Avesani', 'Male', NULL, 24),
    (183, 0, '1991-06-27', 'Nicolas', 'Raffort', 'Male', NULL, 16),
    (184, 0, '2002-02-07', 'Alexandra', 'Diessinger', 'Female', NULL, 18),
    (185, 0, '2000-10-03', 'Kyosuke', 'Yamamoto', 'Male', NULL, 25),
    (186, 0, '2001-03-28', 'Bella', 'Gigone', 'Female', NULL, 8),
    (187, 0, '2001-01-29', 'Maren', 'Fodnaess', 'Female', NULL, 32),
    (188, 0, '2002-09-05', 'Justin', 'Laricheliere', 'Male', NULL, 8),
    (189, 0, '2002-11-24', 'Yudai', 'Katsumasa', 'Male', NULL, 25),
    (190, 0, '2002-02-01', 'Annelise', 'Norkitis', 'Female', NULL, 41),
    (191, 0, '2002-02-20', 'Bastien', 'Hirschi', 'Male', NULL, 37),
    (192, 0, '1998-12-15', 'Veronika', 'Kivelevich', 'Female', NULL, 35),
    (193, 0, '1999-02-19', 'Sumitaka', 'Hagiuda', 'Male', NULL, 25),
    (194, 0, '2001-03-14', 'Sequoia', 'Anstine', 'Female', NULL, 41),
    (195, 0, '1995-01-13', 'Varsha', 'Devi', 'Female', NULL, 21),
    (196, 0, '1996-12-29', 'Luca', 'Decostanzi', 'Male', NULL, 24),
    (197, 0, '2002-10-30', 'Antonio', 'Scarpitti', 'Male', NULL, 24),
    (198, 0, '2002-03-05', 'Martin', 'Mcdonough', 'Male', NULL, 41),
    (199, 0, '2001-05-10', 'Rio', 'Miyazawa', 'Female', NULL, 25),
    (200, 0, '1995-05-29', 'Ramona', 'Boettinger', 'Female', NULL, 18),
    (201, 0, '1996-07-23', 'Alexandre', 'Trudeau', 'Male', NULL, 8),
    (202, 0, '2001-04-06', 'Lili', 'Flachbart', 'Female', NULL, 41),
    (203, 0, '2002-06-30', 'Tiago', 'Janet', 'Male', NULL, 37),
    (204, 0, '2002-12-31', 'Josefine', 'Enqvist', 'Female', NULL, 39),
    (205, 0, '1989-01-30', 'Thomas', 'Biesemeyer', 'Male', NULL, 41),
    (206, 0, '2002-09-09', 'Oscar', 'Holmqvist', 'Male', NULL, 39),
    (207, 0, '2001-12-27', 'Una', 'Grauda', 'Female', NULL, 27),
    (208, 0, '2001-03-02', 'Daria', 'Zaviruha', 'Female', NULL, 35),
    (209, 0, '1998-06-30', 'Minori', 'Tamura', 'Female', NULL, 25),
    (210, 0, '1997-11-11', 'Arashi', 'Nagata', 'Male', NULL, 25),
    (211, 0, '1995-01-01', 'Martin', 'Kucera', 'Male', NULL, 13),
    (212, 0, '1965-02-14', 'Yoichi', 'Amakasu', 'Male', NULL, 25),
    (213, 0, '2002-10-15', 'Robin', 'Gross', 'Male', NULL, 16),
    (214, 0, '1985-08-03', 'Yuheng', 'Tian', 'Male', NULL, 10),
    (215, 0, '2000-02-09', 'Sam', 'Conzelman', 'Female', NULL, 41),
    (216, 0, '1999-05-09', 'Ashot', 'Karapetyan', 'Male', NULL, 3),
    (217, 0, '2002-12-25', 'Esperanza', 'Vergara', 'Female', NULL, 9),
    (218, 0, '1997-03-30', 'Rami', 'Chaaya', 'Male', NULL, 28),
    (219, 0, '1997-04-14', 'Eric', 'Johnson', 'Male', NULL, 41),
    (220, 0, '1998-06-26', 'Alejandro', 'Triay', 'Male', NULL, 14),
    (221, 0, '1998-06-29', 'Benjamin', 'Meyers', 'Male', NULL, 41),
    (222, 0, '1997-04-15', 'Paul', 'Rechberger', 'Male', NULL, 5),
    (223, 0, '1999-05-02', 'Ramon', 'Barrufet', 'Male', NULL, 14),
    (224, 0, '2001-10-07', 'Lois', 'Abouly', 'Female', NULL, 16),
    (225, 0, '1999-05-05', 'Jake', 'Abbott', 'Male', NULL, 41),
    (226, 0, '1994-10-13', 'Cyprien', 'Sarrazin', 'Male', NULL, 16),
    (227, 0, '1997-11-17', 'Pietro', 'Tomei', 'Male', NULL, 24),
    (228, 0, '2000-11-01', 'Thomas', 'Borash', 'Male', NULL, 41),
    (229, 0, '1981-01-03', 'Cristian', 'Deville', 'Male', NULL, 24),
    (230, 0, '1980-11-26', 'Hira', 'Lal', 'Male', NULL, 21),
    (231, 0, '2002-11-13', 'Peder', 'Skogstad', 'Male', NULL, 32),
    (232, 0, '2000-05-08', 'Matteo', 'Tognetti', 'Male', NULL, 24),
    (233, 0, '1995-04-08', 'Louise', 'Wedin', 'Female', NULL, 39),
    (234, 0, '2001-06-23', 'Elena', 'Zipp', 'Female', NULL, 41),
    (235, 0, '1998-08-13', 'Masooma', 'Hassani', 'Female', NULL, 1),
    (236, 0, '1979-09-05', 'Julien', 'Lizeroux', 'Male', NULL, 16),
    (237, 0, '1993-07-13', 'Petra', 'Houserova', 'Female', NULL, 13),
    (238, 0, '1992-07-21', 'Niloofar', 'Khorrami', 'Female', NULL, 22),
    (239, 0, '1998-12-28', 'Yui', 'Yamaguchi', 'Female', NULL, 25),
    (240, 0, '2002-06-30', 'Lora', 'Broz', 'Female', NULL, 12),
    (241, 0, '2002-07-28', 'Jacopo', 'Biz', 'Male', NULL, 24),
    (242, 0, '1997-09-28', 'Matej', 'Prielozny', 'Male', NULL, 38),
    (243, 0, '2002-03-25', 'Fedor', 'Chernyshev', 'Male', NULL, 35),
    (244, 0, '2002-06-27', 'Bradley', 'Bonner', 'Male', NULL, 8),
    (245, 0, '1996-05-12', 'Emer', 'Pisarnik', 'Female', NULL, 23),
    (246, 0, '2000-07-14', 'Mikael', 'Larsson', 'Male', NULL, 39),
    (247, 0, '2002-05-18', 'Emil', 'Taernsby', 'Male', NULL, 39),
    (248, 0, '2001-11-14', 'Mia', 'Saglia', 'Female', NULL, 16),
    (249, 0, '1990-06-21', 'Paraskevi', 'Mavridou', 'Female', NULL, 19),
    (250, 0, '2002-03-23', 'Claudia', 'Lopez', 'Female', NULL, 14);

INSERT INTO run
    (id, skier_id, race_id, run_number, start_position, status, total_time)
VALUES
    (1, 148, 1, 1, 1, 'Completed', NULL),
    (2, 103, 1, 1, 2, 'Completed', NULL),
    (3, 225, 1, 1, 3, 'Completed', NULL),
    (4, 205, 1, 1, 4, 'Completed', NULL),
    (5, 57, 1, 1, 5, 'Completed', NULL),
    (6, 154, 1, 1, 6, 'Completed', NULL),
    (7, 90, 1, 1, 7, 'Completed', NULL),
    (8, 173, 1, 1, 8, 'Completed', NULL),
    (9, 214, 1, 1, 9, 'Completed', NULL),
    (10, 175, 1, 1, 10, 'Completed', NULL),
    (11, 7, 1, 1, 11, 'Completed', NULL),
    (12, 67, 1, 1, 12, 'Completed', NULL),
    (13, 68, 1, 1, 13, 'Unfinished', NULL),
    (14, 16, 1, 1, 14, 'NotStarted', NULL),
    (15, 142, 1, 1, 15, 'Completed', NULL),
    (16, 31, 1, 1, 16, 'Completed', NULL),
    (17, 128, 1, 1, 17, 'Completed', NULL),
    (18, 212, 1, 1, 18, 'Completed', NULL),
    (19, 83, 1, 1, 19, 'Completed', NULL),
    (20, 92, 1, 1, 20, 'Completed', NULL),
    (21, 156, 1, 1, 21, 'Disqualified', NULL),
    (22, 149, 1, 1, 22, 'Completed', NULL),
    (23, 81, 1, 1, 23, 'Completed', NULL),
    (24, 51, 1, 1, 24, 'Completed', NULL),
    (25, 111, 1, 1, 25, 'Completed', NULL),
    (26, 243, 1, 1, 26, 'Completed', NULL),
    (27, 50, 1, 1, 27, 'Completed', NULL),
    (28, 247, 1, 1, 28, 'Completed', NULL),
    (29, 29, 1, 1, 29, 'Completed', NULL),
    (30, 73, 1, 1, 30, 'Completed', NULL),
    (31, 176, 1, 1, 31, 'Completed', NULL),
    (32, 213, 1, 1, 32, 'Unfinished', NULL),
    (33, 176, 1, 2, 33, 'Completed', NULL),
    (34, 73, 1, 2, 34, 'Completed', NULL),
    (35, 29, 1, 2, 35, 'Completed', NULL),
    (36, 247, 1, 2, 36, 'Completed', NULL),
    (37, 50, 1, 2, 37, 'Completed', NULL),
    (38, 243, 1, 2, 38, 'Completed', NULL),
    (39, 111, 1, 2, 39, 'Completed', NULL),
    (40, 51, 1, 2, 40, 'Completed', NULL),
    (41, 81, 1, 2, 41, 'NotStarted', NULL),
    (42, 89, 1, 2, 42, 'Completed', NULL),
    (43, 92, 1, 2, 43, 'Completed', NULL),
    (44, 83, 1, 2, 44, 'Completed', NULL),
    (45, 212, 1, 2, 45, 'Completed', NULL),
    (46, 128, 1, 2, 46, 'Disqualified', NULL),
    (47, 142, 1, 2, 47, 'Completed', NULL),
    (48, 244, 1, 2, 48, 'Completed', NULL),
    (49, 43, 1, 2, 49, 'Completed', NULL),
    (50, 67, 1, 2, 50, 'Completed', NULL),
    (51, 7, 1, 2, 51, 'Unfinished', NULL),
    (52, 214, 1, 2, 52, 'Completed', NULL),
    (53, 173, 1, 2, 53, 'Completed', NULL),
    (54, 90, 1, 2, 54, 'Completed', NULL),
    (55, 154, 1, 2, 55, 'Unfinished', NULL),
    (56, 205, 1, 2, 56, 'Completed', NULL),
    (57, 225, 1, 2, 57, 'Completed', NULL),
    (58, 103, 1, 2, 58, 'Completed', NULL),
    (59, 148, 1, 2, 59, 'Completed', NULL),
    (60, 74, 2, 1, 1, 'Completed', NULL),
    (61, 181, 2, 1, 2, 'Completed', NULL),
    (62, 79, 2, 1, 3, 'Disqualified', NULL),
    (63, 186, 2, 1, 4, 'Completed', NULL),
    (64, 215, 2, 1, 5, 'Completed', NULL),
    (65, 95, 2, 1, 6, 'Completed', NULL),
    (66, 145, 2, 1, 7, 'Completed', NULL),
    (67, 168, 2, 1, 8, 'Completed', NULL),
    (68, 162, 2, 1, 9, 'Completed', NULL),
    (69, 87, 2, 1, 10, 'Completed', NULL),
    (70, 64, 2, 1, 11, 'Completed', NULL),
    (71, 121, 2, 1, 12, 'Completed', NULL),
    (72, 245, 2, 1, 13, 'Completed', NULL),
    (73, 127, 2, 1, 14, 'Disqualified', NULL),
    (74, 233, 2, 1, 15, 'Completed', NULL),
    (75, 69, 2, 1, 16, 'Completed', NULL),
    (76, 56, 2, 1, 17, 'Completed', NULL),
    (77, 207, 2, 1, 18, 'Completed', NULL),
    (78, 249, 2, 1, 19, 'Completed', NULL),
    (79, 209, 2, 1, 20, 'Completed', NULL),
    (80, 49, 2, 1, 21, 'Completed', NULL),
    (81, 159, 2, 1, 22, 'Completed', NULL),
    (82, 248, 2, 1, 23, 'Completed', NULL),
    (83, 180, 2, 1, 24, 'Completed', NULL),
    (84, 106, 2, 1, 25, 'Completed', NULL),
    (85, 171, 2, 1, 26, 'Completed', NULL),
    (86, 26, 2, 1, 27, 'Completed', NULL),
    (87, 88, 2, 1, 28, 'Completed', NULL),
    (88, 202, 2, 1, 29, 'Completed', NULL),
    (89, 114, 2, 1, 30, 'Completed', NULL),
    (90, 53, 2, 1, 31, 'Completed', NULL),
    (91, 153, 2, 1, 32, 'Disqualified', NULL),
    (92, 23, 2, 1, 33, 'Completed', NULL),
    (93, 59, 2, 1, 34, 'Completed', NULL),
    (94, 192, 2, 1, 35, 'Completed', NULL),
    (95, 187, 2, 1, 36, 'Completed', NULL),
    (96, 110, 2, 1, 37, 'Completed', NULL),
    (97, 110, 2, 2, 38, 'Completed', NULL),
    (98, 187, 2, 2, 39, 'Completed', NULL),
    (99, 192, 2, 2, 40, 'Completed', NULL),
    (100, 59, 2, 2, 41, 'Completed', NULL),
    (101, 23, 2, 2, 42, 'Completed', NULL),
    (102, 126, 2, 2, 43, 'Completed', NULL),
    (103, 53, 2, 2, 44, 'Disqualified', NULL),
    (104, 202, 2, 2, 45, 'Completed', NULL),
    (105, 88, 2, 2, 46, 'Completed', NULL),
    (106, 26, 2, 2, 47, 'Disqualified', NULL),
    (107, 106, 2, 2, 48, 'Disqualified', NULL),
    (108, 248, 2, 2, 49, 'Completed', NULL),
    (109, 159, 2, 2, 50, 'Completed', NULL),
    (110, 49, 2, 2, 51, 'Completed', NULL),
    (111, 209, 2, 2, 52, 'Disqualified', NULL),
    (112, 207, 2, 2, 53, 'Completed', NULL),
    (113, 56, 2, 2, 54, 'Completed', NULL),
    (114, 69, 2, 2, 55, 'Completed', NULL),
    (115, 233, 2, 2, 56, 'Completed', NULL),
    (116, 224, 2, 2, 57, 'Completed', NULL),
    (117, 245, 2, 2, 58, 'Completed', NULL),
    (118, 121, 2, 2, 59, 'Completed', NULL),
    (119, 64, 2, 2, 60, 'Completed', NULL),
    (120, 87, 2, 2, 61, 'Disqualified', NULL),
    (121, 168, 2, 2, 62, 'Disqualified', NULL),
    (122, 95, 2, 2, 63, 'Completed', NULL),
    (123, 215, 2, 2, 64, 'Completed', NULL),
    (124, 186, 2, 2, 65, 'Completed', NULL),
    (125, 13, 2, 2, 66, 'Completed', NULL),
    (126, 181, 2, 2, 67, 'Completed', NULL),
    (127, 74, 2, 2, 68, 'Completed', NULL),
    (128, 4, 3, 1, 1, 'Completed', NULL),
    (129, 63, 3, 1, 2, 'Completed', NULL),
    (130, 57, 3, 1, 3, 'Completed', NULL),
    (131, 72, 3, 1, 4, 'Completed', NULL),
    (132, 142, 3, 1, 5, 'Completed', NULL),
    (133, 193, 3, 1, 6, 'Completed', NULL),
    (134, 109, 3, 1, 7, 'Completed', NULL),
    (135, 172, 3, 1, 8, 'Completed', NULL),
    (136, 85, 3, 1, 9, 'Completed', NULL),
    (137, 197, 3, 1, 10, 'Completed', NULL),
    (138, 191, 3, 1, 11, 'Completed', NULL),
    (139, 167, 3, 1, 12, 'Completed', NULL),
    (140, 158, 3, 1, 13, 'Completed', NULL),
    (141, 119, 3, 1, 14, 'Completed', NULL),
    (142, 247, 3, 1, 15, 'Completed', NULL),
    (143, 105, 3, 1, 16, 'Completed', NULL),
    (144, 93, 3, 1, 17, 'Completed', NULL),
    (145, 155, 3, 1, 18, 'Unfinished', NULL),
    (146, 89, 3, 1, 19, 'Disqualified', NULL),
    (147, 137, 3, 1, 20, 'Completed', NULL),
    (148, 134, 3, 1, 21, 'Completed', NULL),
    (149, 20, 3, 1, 22, 'Completed', NULL),
    (150, 37, 3, 1, 23, 'Completed', NULL),
    (151, 14, 3, 1, 24, 'Completed', NULL),
    (152, 73, 3, 1, 25, 'Completed', NULL),
    (153, 45, 3, 1, 26, 'Completed', NULL),
    (154, 107, 3, 1, 27, 'Completed', NULL),
    (155, 76, 3, 1, 28, 'Completed', NULL),
    (156, 132, 3, 1, 29, 'Unfinished', NULL),
    (157, 9, 3, 1, 30, 'Completed', NULL),
    (158, 150, 3, 1, 31, 'Completed', NULL),
    (159, 183, 3, 1, 32, 'Completed', NULL),
    (160, 203, 3, 1, 33, 'Disqualified', NULL),
    (161, 61, 3, 1, 34, 'Completed', NULL),
    (162, 213, 3, 1, 35, 'Completed', NULL),
    (163, 84, 3, 1, 36, 'Completed', NULL),
    (164, 154, 3, 1, 37, 'Completed', NULL),
    (165, 50, 3, 1, 38, 'Completed', NULL),
    (166, 2, 3, 1, 39, 'Completed', NULL),
    (167, 16, 3, 1, 40, 'Completed', NULL),
    (168, 227, 3, 1, 41, 'Completed', NULL),
    (169, 216, 3, 1, 42, 'Unfinished', NULL),
    (170, 68, 3, 1, 43, 'Completed', NULL),
    (171, 220, 3, 1, 44, 'Completed', NULL),
    (172, 225, 3, 1, 45, 'Completed', NULL),
    (173, 225, 3, 2, 46, 'Completed', NULL),
    (174, 220, 3, 2, 47, 'Completed', NULL),
    (175, 68, 3, 2, 48, 'Completed', NULL),
    (176, 8, 3, 2, 49, 'Completed', NULL),
    (177, 227, 3, 2, 50, 'Completed', NULL),
    (178, 16, 3, 2, 51, 'Completed', NULL),
    (179, 2, 3, 2, 52, 'Disqualified', NULL),
    (180, 154, 3, 2, 53, 'Completed', NULL),
    (181, 84, 3, 2, 54, 'Completed', NULL),
    (182, 213, 3, 2, 55, 'Completed', NULL),
    (183, 61, 3, 2, 56, 'Completed', NULL),
    (184, 210, 3, 2, 57, 'Completed', NULL),
    (185, 183, 3, 2, 58, 'Completed', NULL),
    (186, 150, 3, 2, 59, 'Completed', NULL),
    (187, 9, 3, 2, 60, 'Completed', NULL),
    (188, 163, 3, 2, 61, 'Completed', NULL),
    (189, 76, 3, 2, 62, 'Completed', NULL),
    (190, 107, 3, 2, 63, 'Completed', NULL),
    (191, 45, 3, 2, 64, 'Completed', NULL),
    (192, 73, 3, 2, 65, 'Completed', NULL),
    (193, 14, 3, 2, 66, 'Completed', NULL),
    (194, 37, 3, 2, 67, 'Completed', NULL),
    (195, 20, 3, 2, 68, 'Completed', NULL),
    (196, 134, 3, 2, 69, 'Completed', NULL),
    (197, 137, 3, 2, 70, 'Unfinished', NULL),
    (198, 124, 3, 2, 71, 'Completed', NULL),
    (199, 93, 3, 2, 72, 'Completed', NULL),
    (200, 105, 3, 2, 73, 'Completed', NULL),
    (201, 247, 3, 2, 74, 'Completed', NULL),
    (202, 119, 3, 2, 75, 'Completed', NULL),
    (203, 158, 3, 2, 76, 'Completed', NULL),
    (204, 167, 3, 2, 77, 'Completed', NULL),
    (205, 191, 3, 2, 78, 'Completed', NULL),
    (206, 197, 3, 2, 79, 'Completed', NULL),
    (207, 85, 3, 2, 80, 'Completed', NULL),
    (208, 172, 3, 2, 81, 'Completed', NULL),
    (209, 109, 3, 2, 82, 'NotStarted', NULL),
    (210, 142, 3, 2, 83, 'Completed', NULL),
    (211, 72, 3, 2, 84, 'Completed', NULL),
    (212, 57, 3, 2, 85, 'Completed', NULL),
    (213, 63, 3, 2, 86, 'Completed', NULL),
    (214, 4, 3, 2, 87, 'Completed', NULL);

INSERT INTO sensor_measurement
    (id, sensor_id, timestamp, run_id)
VALUES
    (1, 0, 1576850015.2836, 1),
    (2, 1, 1576850012.4159, 1),
    (3, 2, 1576850018.7605, 1),
    (4, 3, 1576850016.6483, 1),
    (5, 4, 1576850011.6188, 1),
    (6, 0, 1576850015.5151, 2),
    (7, 1, 1576850019.1647, 2),
    (8, 2, 1576850014.3322, 2),
    (9, 3, 1576850014.3294, 2),
    (10, 4, 1576850018.4760, 2),
    (11, 0, 1576850012.2216, 3),
    (12, 1, 1576850018.6319, 3),
    (13, 2, 1576850012.3015, 3),
    (14, 3, 1576850012.6003, 3),
    (15, 4, 1576850015.8788, 3),
    (16, 0, 1576850015.6201, 4),
    (17, 1, 1576850018.2937, 4),
    (18, 2, 1576850013.4022, 4),
    (19, 3, 1576850013.1214, 4),
    (20, 4, 1576850017.2090, 4),
    (21, 0, 1576850011.4796, 5),
    (22, 1, 1576850019.1759, 5),
    (23, 2, 1576850018.5495, 5),
    (24, 3, 1576850016.6833, 5),
    (25, 4, 1576850011.4748, 5),
    (26, 0, 1576850019.1981, 6),
    (27, 1, 1576850016.6477, 6),
    (28, 2, 1576850012.9322, 6),
    (29, 3, 1576850011.1654, 6),
    (30, 4, 1576850013.8960, 6),
    (31, 0, 1576850016.8976, 7),
    (32, 1, 1576850016.3279, 7),
    (33, 2, 1576850016.4335, 7),
    (34, 3, 1576850018.7083, 7),
    (35, 4, 1576850011.2098, 7),
    (36, 0, 1576850011.6731, 8),
    (37, 1, 1576850019.1197, 8),
    (38, 2, 1576850013.2352, 8),
    (39, 3, 1576850011.5244, 8),
    (40, 4, 1576850012.7930, 8),
    (41, 0, 1576850014.4726, 9),
    (42, 1, 1576850011.5329, 9),
    (43, 2, 1576850012.4265, 9),
    (44, 3, 1576850016.1013, 9),
    (45, 4, 1576850012.1328, 9),
    (46, 0, 1576850018.5821, 10),
    (47, 1, 1576850014.6977, 10),
    (48, 2, 1576850018.7742, 10),
    (49, 3, 1576850013.1484, 10),
    (50, 4, 1576850012.4320, 10),
    (51, 0, 1576850012.3906, 11),
    (52, 1, 1576850019.9179, 11),
    (53, 2, 1576850015.2585, 11),
    (54, 3, 1576850016.8683, 11),
    (55, 4, 1576850016.1438, 11),
    (56, 0, 1576850016.6531, 12),
    (57, 1, 1576850013.4647, 12),
    (58, 2, 1576850013.1182, 12),
    (59, 3, 1576850011.4524, 12),
    (60, 4, 1576850018.5100, 12),
    (61, 0, 1576850015.4586, 13),
    (62, 1, 1576850019.6939, 13),
    (63, 0, 1576850015.3395, 15),
    (64, 1, 1576850018.9953, 15),
    (65, 2, 1576850012.8568, 15),
    (66, 3, 1576850013.9871, 15),
    (67, 4, 1576850011.7277, 15),
    (68, 0, 1576850012.6212, 16),
    (69, 1, 1576850016.1164, 16),
    (70, 2, 1576850014.3140, 16),
    (71, 3, 1576850017.7846, 16),
    (72, 4, 1576850018.4149, 16),
    (73, 0, 1576850017.4805, 17),
    (74, 1, 1576850016.6393, 17),
    (75, 2, 1576850012.1568, 17),
    (76, 3, 1576850014.1021, 17),
    (77, 4, 1576850013.6637, 17),
    (78, 0, 1576850014.7942, 18),
    (79, 1, 1576850016.7674, 18),
    (80, 2, 1576850018.9970, 18),
    (81, 3, 1576850015.3506, 18),
    (82, 4, 1576850015.5389, 18),
    (83, 0, 1576850011.8345, 19),
    (84, 1, 1576850016.4463, 19),
    (85, 2, 1576850013.4658, 19),
    (86, 3, 1576850018.2951, 19),
    (87, 4, 1576850014.3757, 19),
    (88, 0, 1576850015.8712, 20),
    (89, 1, 1576850011.8114, 20),
    (90, 2, 1576850015.4090, 20),
    (91, 3, 1576850015.3036, 20),
    (92, 4, 1576850016.8579, 20),
    (93, 0, 1576850016.7115, 21),
    (94, 1, 1576850015.8933, 21),
    (95, 2, 1576850016.6228, 21),
    (96, 3, 1576850015.1851, 21),
    (97, 4, 1576850015.1517, 21),
    (98, 0, 1576850012.9752, 22),
    (99, 1, 1576850013.4334, 22),
    (100, 2, 1576850014.1390, 22),
    (101, 3, 1576850017.3196, 22),
    (102, 4, 1576850015.7719, 22),
    (103, 0, 1576850012.8135, 23),
    (104, 1, 1576850012.9943, 23),
    (105, 2, 1576850011.6058, 23),
    (106, 3, 1576850017.5041, 23),
    (107, 4, 1576850016.8657, 23),
    (108, 0, 1576850012.2762, 24),
    (109, 1, 1576850012.7194, 24),
    (110, 2, 1576850019.3600, 24),
    (111, 3, 1576850017.7696, 24),
    (112, 4, 1576850013.7999, 24),
    (113, 0, 1576850015.7125, 25),
    (114, 1, 1576850014.9593, 25),
    (115, 2, 1576850015.3168, 25),
    (116, 3, 1576850019.7131, 25),
    (117, 4, 1576850012.7847, 25),
    (118, 0, 1576850018.2902, 26),
    (119, 1, 1576850013.7004, 26),
    (120, 2, 1576850019.2960, 26),
    (121, 3, 1576850014.3606, 26),
    (122, 4, 1576850013.7369, 26),
    (123, 0, 1576850011.3015, 27),
    (124, 1, 1576850012.6233, 27),
    (125, 2, 1576850019.4708, 27),
    (126, 3, 1576850014.1071, 27),
    (127, 4, 1576850013.7347, 27),
    (128, 0, 1576850014.9012, 28),
    (129, 1, 1576850019.5374, 28),
    (130, 2, 1576850015.5550, 28),
    (131, 3, 1576850016.1346, 28),
    (132, 4, 1576850018.9289, 28),
    (133, 0, 1576850013.6145, 29),
    (134, 1, 1576850012.1813, 29),
    (135, 2, 1576850013.4108, 29),
    (136, 3, 1576850019.1701, 29),
    (137, 4, 1576850013.6197, 29),
    (138, 0, 1576850019.5002, 30),
    (139, 1, 1576850014.5934, 30),
    (140, 2, 1576850018.2960, 30),
    (141, 3, 1576850011.1426, 30),
    (142, 4, 1576850018.7899, 30),
    (143, 0, 1576850017.2315, 31),
    (144, 1, 1576850017.5583, 31),
    (145, 2, 1576850018.8168, 31),
    (146, 3, 1576850016.2981, 31),
    (147, 4, 1576850017.5907, 31),
    (148, 0, 1576850018.4012, 32),
    (149, 1, 1576850013.2904, 32),
    (150, 2, 1576850014.9820, 32),
    (151, 0, 1576850018.8736, 33),
    (152, 1, 1576850018.5569, 33),
    (153, 2, 1576850012.8455, 33),
    (154, 3, 1576850018.9003, 33),
    (155, 4, 1576850011.4148, 33),
    (156, 0, 1576850014.3121, 34),
    (157, 1, 1576850017.9347, 34),
    (158, 2, 1576850013.7852, 34),
    (159, 3, 1576850017.7894, 34),
    (160, 4, 1576850017.5260, 34),
    (161, 0, 1576850017.9216, 35),
    (162, 1, 1576850013.4999, 35),
    (163, 2, 1576850013.6105, 35),
    (164, 3, 1576850014.8253, 35),
    (165, 4, 1576850012.9808, 35),
    (166, 0, 1576850018.7831, 36),
    (167, 1, 1576850011.1227, 36),
    (168, 2, 1576850015.2352, 36),
    (169, 3, 1576850018.3814, 36),
    (170, 4, 1576850019.1410, 36),
    (171, 0, 1576850017.9356, 37),
    (172, 1, 1576850011.6719, 37),
    (173, 2, 1576850017.8655, 37),
    (174, 3, 1576850012.1743, 37),
    (175, 4, 1576850014.3638, 37),
    (176, 0, 1576850016.2531, 38),
    (177, 1, 1576850012.1587, 38),
    (178, 2, 1576850019.4752, 38),
    (179, 3, 1576850012.4084, 38),
    (180, 4, 1576850013.2810, 38),
    (181, 0, 1576850013.7176, 39),
    (182, 1, 1576850018.6759, 39),
    (183, 2, 1576850019.7805, 39),
    (184, 3, 1576850013.2283, 39),
    (185, 4, 1576850011.9748, 39),
    (186, 0, 1576850019.4111, 40),
    (187, 1, 1576850017.6587, 40),
    (188, 2, 1576850014.8312, 40),
    (189, 3, 1576850013.4434, 40),
    (190, 4, 1576850013.1960, 40),
    (191, 0, 1576850019.5386, 42),
    (192, 1, 1576850015.5789, 42),
    (193, 2, 1576850016.5055, 42),
    (194, 3, 1576850017.2323, 42),
    (195, 4, 1576850013.8748, 42),
    (196, 0, 1576850012.8331, 43),
    (197, 1, 1576850015.5187, 43),
    (198, 2, 1576850019.1622, 43),
    (199, 3, 1576850015.2944, 43),
    (200, 4, 1576850019.8030, 43),
    (201, 0, 1576850015.1396, 44),
    (202, 1, 1576850012.2029, 44),
    (203, 2, 1576850018.1455, 44),
    (204, 3, 1576850012.4143, 44),
    (205, 4, 1576850016.4978, 44),
    (206, 0, 1576850012.6771, 45),
    (207, 1, 1576850018.8087, 45),
    (208, 2, 1576850016.5672, 45),
    (209, 3, 1576850016.5784, 45),
    (210, 4, 1576850019.7750, 45),
    (211, 0, 1576850019.9836, 46),
    (212, 1, 1576850012.2849, 46),
    (213, 2, 1576850013.4625, 46),
    (214, 3, 1576850017.6023, 46),
    (215, 4, 1576850017.6328, 46),
    (216, 0, 1576850013.3001, 47),
    (217, 1, 1576850017.8597, 47),
    (218, 2, 1576850019.3802, 47),
    (219, 3, 1576850012.8764, 47),
    (220, 4, 1576850019.9420, 47),
    (221, 0, 1576850018.8136, 48),
    (222, 1, 1576850019.4249, 48),
    (223, 2, 1576850015.3205, 48),
    (224, 3, 1576850012.4423, 48),
    (225, 4, 1576850016.5918, 48),
    (226, 0, 1576850019.4931, 49),
    (227, 1, 1576850011.5297, 49),
    (228, 2, 1576850019.3252, 49),
    (229, 3, 1576850015.8504, 49),
    (230, 4, 1576850015.5190, 49),
    (231, 0, 1576850019.3886, 50),
    (232, 1, 1576850014.7249, 50),
    (233, 2, 1576850017.9385, 50),
    (234, 3, 1576850018.2463, 50),
    (235, 4, 1576850015.1128, 50),
    (236, 0, 1576850014.9271, 51),
    (237, 0, 1576850018.4317, 52),
    (238, 1, 1576850014.8282, 52),
    (239, 2, 1576850012.6604, 52),
    (240, 3, 1576850012.2960, 52),
    (241, 4, 1576850012.9426, 52),
    (242, 0, 1576850011.5669, 53),
    (243, 1, 1576850019.9175, 53),
    (244, 2, 1576850016.3093, 53),
    (245, 3, 1576850012.4228, 53),
    (246, 4, 1576850013.9901, 53),
    (247, 0, 1576850018.2097, 54),
    (248, 1, 1576850019.7112, 54),
    (249, 2, 1576850017.9704, 54),
    (250, 3, 1576850014.2880, 54),
    (251, 4, 1576850011.7256, 54),
    (252, 0, 1576850011.9799, 55),
    (253, 1, 1576850018.3575, 55),
    (254, 2, 1576850019.4523, 55),
    (255, 3, 1576850019.1928, 55),
    (256, 0, 1576850019.9601, 56),
    (257, 1, 1576850018.5487, 56),
    (258, 2, 1576850013.2062, 56),
    (259, 3, 1576850014.7814, 56),
    (260, 4, 1576850014.3370, 56),
    (261, 0, 1576850011.6286, 57),
    (262, 1, 1576850015.7609, 57),
    (263, 2, 1576850013.3995, 57),
    (264, 3, 1576850012.6653, 57),
    (265, 4, 1576850018.7738, 57),
    (266, 0, 1576850016.8391, 58),
    (267, 1, 1576850017.7747, 58),
    (268, 2, 1576850019.1642, 58),
    (269, 3, 1576850011.3844, 58),
    (270, 4, 1576850018.3750, 58),
    (271, 0, 1576850016.6146, 59),
    (272, 1, 1576850018.5509, 59),
    (273, 2, 1576850017.7405, 59),
    (274, 3, 1576850011.5003, 59),
    (275, 4, 1576850018.5938, 59),
    (276, 0, 1576850018.2541, 60),
    (277, 1, 1576850012.2897, 60),
    (278, 2, 1576850016.1262, 60),
    (279, 3, 1576850016.3884, 60),
    (280, 4, 1576850016.2640, 60),
    (281, 0, 1576850012.1206, 61),
    (282, 1, 1576850018.9529, 61),
    (283, 2, 1576850014.3655, 61),
    (284, 3, 1576850017.2403, 61),
    (285, 4, 1576850015.4748, 61),
    (286, 0, 1576850012.2861, 62),
    (287, 1, 1576850012.3787, 62),
    (288, 2, 1576850014.5862, 62),
    (289, 3, 1576850010.8784, 62),
    (290, 4, 1576850011.9270, 62),
    (291, 0, 1576850011.8896, 63),
    (292, 1, 1576850011.5799, 63),
    (293, 2, 1576850016.5315, 63),
    (294, 3, 1576850016.1993, 63),
    (295, 4, 1576850014.1288, 63),
    (296, 0, 1576850013.8681, 64),
    (297, 1, 1576850012.1107, 64),
    (298, 2, 1576850011.1782, 64),
    (299, 3, 1576850015.1934, 64),
    (300, 4, 1576850013.1950, 64),
    (301, 0, 1576850018.1056, 65),
    (302, 1, 1576850013.6869, 65),
    (303, 2, 1576850018.6635, 65),
    (304, 3, 1576850012.7343, 65),
    (305, 4, 1576850018.4468, 65),
    (306, 0, 1576850015.8501, 66),
    (307, 1, 1576850010.5747, 66),
    (308, 2, 1576850010.6692, 66),
    (309, 3, 1576850013.1444, 66),
    (310, 4, 1576850016.7590, 66),
    (311, 0, 1576850012.4856, 67),
    (312, 1, 1576850010.3309, 67),
    (313, 2, 1576850011.6115, 67),
    (314, 3, 1576850010.5613, 67),
    (315, 4, 1576850018.5628, 67),
    (316, 0, 1576850015.7221, 68),
    (317, 1, 1576850010.8247, 68),
    (318, 2, 1576850012.6652, 68),
    (319, 3, 1576850010.2774, 68),
    (320, 4, 1576850012.6250, 68),
    (321, 0, 1576850012.7626, 69),
    (322, 1, 1576850017.1389, 69),
    (323, 2, 1576850013.6535, 69),
    (324, 3, 1576850014.8173, 69),
    (325, 4, 1576850015.9298, 69),
    (326, 0, 1576850018.2541, 70),
    (327, 1, 1576850012.8317, 70),
    (328, 2, 1576850010.4512, 70),
    (329, 3, 1576850013.3964, 70),
    (330, 4, 1576850010.2840, 70),
    (331, 0, 1576850017.6436, 71),
    (332, 1, 1576850015.6609, 71),
    (333, 2, 1576850017.1385, 71),
    (334, 3, 1576850013.1853, 71),
    (335, 4, 1576850014.7958, 71),
    (336, 0, 1576850018.5461, 72),
    (337, 1, 1576850016.8747, 72),
    (338, 2, 1576850014.6262, 72),
    (339, 3, 1576850017.7114, 72),
    (340, 4, 1576850011.1120, 72),
    (341, 0, 1576850013.6486, 73),
    (342, 1, 1576850010.7619, 73),
    (343, 2, 1576850013.3385, 73),
    (344, 3, 1576850017.4523, 73),
    (345, 4, 1576850011.8568, 73),
    (346, 0, 1576850018.7481, 74),
    (347, 1, 1576850014.7957, 74),
    (348, 2, 1576850012.7932, 74),
    (349, 3, 1576850014.4564, 74),
    (350, 4, 1576850017.1560, 74),
    (351, 0, 1576850013.9376, 75),
    (352, 1, 1576850016.4969, 75),
    (353, 2, 1576850016.6995, 75),
    (354, 3, 1576850015.2923, 75),
    (355, 4, 1576850011.6188, 75),
    (356, 0, 1576850016.3161, 76),
    (357, 1, 1576850015.5877, 76),
    (358, 2, 1576850013.6102, 76),
    (359, 3, 1576850012.9704, 76),
    (360, 4, 1576850014.9070, 76),
    (361, 0, 1576850014.4786, 77),
    (362, 1, 1576850016.6479, 77),
    (363, 2, 1576850016.1815, 77),
    (364, 3, 1576850010.5103, 77),
    (365, 4, 1576850013.4518, 77),
    (366, 0, 1576850017.9251, 78),
    (367, 1, 1576850018.7107, 78),
    (368, 2, 1576850011.6772, 78),
    (369, 3, 1576850016.3494, 78),
    (370, 4, 1576850016.6990, 78),
    (371, 0, 1576850013.2556, 79),
    (372, 1, 1576850018.9559, 79),
    (373, 2, 1576850017.1315, 79),
    (374, 3, 1576850012.9023, 79),
    (375, 4, 1576850017.3678, 79),
    (376, 0, 1576850017.7271, 80),
    (377, 1, 1576850011.5417, 80),
    (378, 2, 1576850017.7132, 80),
    (379, 3, 1576850017.2354, 80),
    (380, 4, 1576850015.4420, 80),
    (381, 0, 1576850012.2976, 81),
    (382, 1, 1576850012.9549, 81),
    (383, 2, 1576850015.4425, 81),
    (384, 3, 1576850011.2773, 81),
    (385, 4, 1576850012.4818, 81),
    (386, 0, 1576850013.7181, 82),
    (387, 1, 1576850016.8807, 82),
    (388, 2, 1576850018.1632, 82),
    (389, 3, 1576850011.4684, 82),
    (390, 4, 1576850015.2660, 82),
    (391, 0, 1576850013.3576, 83),
    (392, 1, 1576850015.3869, 83),
    (393, 2, 1576850016.6455, 83),
    (394, 3, 1576850017.6313, 83),
    (395, 4, 1576850014.3658, 83),
    (396, 0, 1576850011.6371, 84),
    (397, 1, 1576850017.8287, 84),
    (398, 2, 1576850012.7992, 84),
    (399, 3, 1576850010.5314, 84),
    (400, 4, 1576850018.4500, 84),
    (401, 0, 1576850011.9866, 85),
    (402, 1, 1576850017.3709, 85),
    (403, 2, 1576850012.2045, 85),
    (404, 3, 1576850014.6313, 85),
    (405, 4, 1576850015.5118, 85),
    (406, 0, 1576850014.3601, 86),
    (407, 1, 1576850010.2127, 86),
    (408, 2, 1576850012.4092, 86),
    (409, 3, 1576850012.6104, 86),
    (410, 4, 1576850014.9390, 86),
    (411, 0, 1576850012.1326, 87),
    (412, 1, 1576850016.4439, 87),
    (413, 2, 1576850013.8625, 87),
    (414, 3, 1576850011.6343, 87),
    (415, 4, 1576850010.7198, 87),
    (416, 0, 1576850018.2011, 88),
    (417, 1, 1576850013.8587, 88),
    (418, 2, 1576850012.7622, 88),
    (419, 3, 1576850018.4704, 88),
    (420, 4, 1576850016.9990, 88),
    (421, 0, 1576850015.1096, 89),
    (422, 1, 1576850010.6619, 89),
    (423, 2, 1576850015.2155, 89),
    (424, 3, 1576850013.4803, 89),
    (425, 4, 1576850013.8578, 89),
    (426, 0, 1576850011.2621, 90),
    (427, 1, 1576850018.9287, 90),
    (428, 2, 1576850018.5202, 90),
    (429, 3, 1576850011.2624, 90),
    (430, 4, 1576850017.2680, 90),
    (431, 0, 1576850011.2246, 91),
    (432, 1, 1576850013.5949, 91),
    (433, 2, 1576850016.6265, 91),
    (434, 3, 1576850012.7953, 91),
    (435, 4, 1576850011.8248, 91),
    (436, 0, 1576850017.9711, 92),
    (437, 1, 1576850014.4457, 92),
    (438, 2, 1576850012.6442, 92),
    (439, 3, 1576850014.1184, 92),
    (440, 4, 1576850016.8800, 92),
    (441, 0, 1576850010.1746, 93),
    (442, 1, 1576850015.2909, 93),
    (443, 2, 1576850016.4555, 93),
    (444, 3, 1576850016.5823, 93),
    (445, 4, 1576850012.6318, 93),
    (446, 0, 1576850014.9101, 94),
    (447, 1, 1576850011.9567, 94),
    (448, 2, 1576850015.7192, 94),
    (449, 3, 1576850018.8234, 94),
    (450, 4, 1576850017.1040, 94),
    (451, 0, 1576850010.1176, 95),
    (452, 1, 1576850010.3319, 95),
    (453, 2, 1576850010.2995, 95),
    (454, 3, 1576850015.6373, 95),
    (455, 4, 1576850018.4548, 95),
    (456, 0, 1576850017.5151, 96),
    (457, 1, 1576850010.2317, 96),
    (458, 2, 1576850016.6872, 96),
    (459, 3, 1576850014.3574, 96),
    (460, 4, 1576850010.6900, 96),
    (461, 0, 1576850010.3196, 97),
    (462, 1, 1576850016.1389, 97),
    (463, 2, 1576850018.1435, 97),
    (464, 3, 1576850018.2893, 97),
    (465, 4, 1576850018.7308, 97),
    (466, 0, 1576850016.9571, 98),
    (467, 1, 1576850014.2837, 98),
    (468, 2, 1576850011.2722, 98),
    (469, 3, 1576850012.7884, 98),
    (470, 4, 1576850015.5410, 98),
    (471, 0, 1576850016.6066, 99),
    (472, 1, 1576850011.2799, 99),
    (473, 2, 1576850015.6425, 99),
    (474, 3, 1576850014.6063, 99),
    (475, 4, 1576850015.1918, 99),
    (476, 0, 1576850018.1401, 100),
    (477, 1, 1576850015.3717, 100),
    (478, 2, 1576850016.9402, 100),
    (479, 3, 1576850014.6214, 100),
    (480, 4, 1576850015.3610, 100),
    (481, 0, 1576850015.4716, 101),
    (482, 1, 1576850014.7979, 101),
    (483, 2, 1576850010.9935, 101),
    (484, 3, 1576850010.5003, 101),
    (485, 4, 1576850018.2738, 101),
    (486, 0, 1576850017.9411, 102),
    (487, 1, 1576850018.1697, 102),
    (488, 2, 1576850013.5072, 102),
    (489, 3, 1576850011.4634, 102),
    (490, 4, 1576850012.3620, 102),
    (491, 0, 1576850013.8246, 103),
    (492, 1, 1576850012.1319, 103),
    (493, 2, 1576850015.9905, 103),
    (494, 3, 1576850015.9473, 103),
    (495, 4, 1576850015.9418, 103),
    (496, 0, 1576850015.7141, 104),
    (497, 1, 1576850012.3567, 104),
    (498, 2, 1576850017.3042, 104),
    (499, 3, 1576850012.9674, 104),
    (500, 4, 1576850013.2010, 104),
    (501, 0, 1576850018.1906, 105),
    (502, 1, 1576850010.8399, 105),
    (503, 2, 1576850014.4745, 105),
    (504, 3, 1576850011.1743, 105),
    (505, 4, 1576850017.3438, 105),
    (506, 0, 1576850015.7501, 106),
    (507, 1, 1576850017.2587, 106),
    (508, 2, 1576850014.9552, 106),
    (509, 3, 1576850012.4914, 106),
    (510, 4, 1576850018.4950, 106),
    (511, 0, 1576850017.1996, 107),
    (512, 1, 1576850015.3649, 107),
    (513, 2, 1576850012.7255, 107),
    (514, 3, 1576850015.4143, 107),
    (515, 4, 1576850012.1578, 107),
    (516, 0, 1576850018.6751, 108),
    (517, 1, 1576850013.9717, 108),
    (518, 2, 1576850011.4502, 108),
    (519, 3, 1576850014.7954, 108),
    (520, 4, 1576850011.3600, 108),
    (521, 0, 1576850014.7256, 109),
    (522, 1, 1576850012.9459, 109),
    (523, 2, 1576850010.4645, 109),
    (524, 3, 1576850014.5683, 109),
    (525, 4, 1576850015.8548, 109),
    (526, 0, 1576850013.2711, 110),
    (527, 1, 1576850012.2477, 110),
    (528, 2, 1576850012.8722, 110),
    (529, 3, 1576850015.2324, 110),
    (530, 4, 1576850016.4010, 110),
    (531, 0, 1576850018.8866, 111),
    (532, 1, 1576850017.9589, 111),
    (533, 2, 1576850018.5605, 111),
    (534, 3, 1576850018.5253, 111),
    (535, 4, 1576850013.1418, 111),
    (536, 0, 1576850013.6261, 112),
    (537, 1, 1576850012.3827, 112),
    (538, 2, 1576850014.1672, 112),
    (539, 3, 1576850018.7384, 112),
    (540, 4, 1576850017.4670, 112),
    (541, 0, 1576850017.4136, 113),
    (542, 1, 1576850013.6779, 113),
    (543, 2, 1576850012.3705, 113),
    (544, 3, 1576850010.2693, 113),
    (545, 4, 1576850013.5638, 113),
    (546, 0, 1576850013.5661, 114),
    (547, 1, 1576850011.3227, 114),
    (548, 2, 1576850012.9682, 114),
    (549, 3, 1576850011.4204, 114),
    (550, 4, 1576850015.4630, 114),
    (551, 0, 1576850015.1556, 115),
    (552, 1, 1576850012.1459, 115),
    (553, 2, 1576850018.4545, 115),
    (554, 3, 1576850010.1793, 115),
    (555, 4, 1576850010.7638, 115),
    (556, 0, 1576850017.6721, 116),
    (557, 1, 1576850012.7647, 116),
    (558, 2, 1576850010.9082, 116),
    (559, 3, 1576850017.2884, 116),
    (560, 4, 1576850017.6300, 116),
    (561, 0, 1576850016.7946, 117),
    (562, 1, 1576850016.5689, 117),
    (563, 2, 1576850013.9355, 117),
    (564, 3, 1576850017.1803, 117),
    (565, 4, 1576850012.1588, 117),
    (566, 0, 1576850012.4891, 118),
    (567, 1, 1576850010.5737, 118),
    (568, 2, 1576850014.9582, 118),
    (569, 3, 1576850016.9234, 118),
    (570, 4, 1576850012.5860, 118),
    (571, 0, 1576850013.5496, 119),
    (572, 1, 1576850014.2459, 119),
    (573, 2, 1576850017.7135, 119),
    (574, 3, 1576850015.1363, 119),
    (575, 4, 1576850013.8258, 119),
    (576, 0, 1576850017.4821, 120),
    (577, 1, 1576850011.8257, 120),
    (578, 2, 1576850014.6582, 120),
    (579, 3, 1576850013.6864, 120),
    (580, 4, 1576850018.4840, 120),
    (581, 0, 1576850015.8736, 121),
    (582, 1, 1576850010.2169, 121),
    (583, 2, 1576850018.8515, 121),
    (584, 3, 1576850015.6963, 121),
    (585, 4, 1576850017.9728, 121),
    (586, 0, 1576850016.6251, 122),
    (587, 1, 1576850017.3047, 122),
    (588, 2, 1576850018.6412, 122),
    (589, 3, 1576850012.9504, 122),
    (590, 4, 1576850013.3270, 122),
    (591, 0, 1576850012.8316, 123),
    (592, 1, 1576850015.2049, 123),
    (593, 2, 1576850014.9255, 123),
    (594, 3, 1576850013.4633, 123),
    (595, 4, 1576850013.2818, 123),
    (596, 0, 1576850017.9081, 124),
    (597, 1, 1576850015.2177, 124),
    (598, 2, 1576850010.8882, 124),
    (599, 3, 1576850012.4744, 124),
    (600, 4, 1576850016.1530, 124),
    (601, 0, 1576850012.4696, 125),
    (602, 1, 1576850012.7889, 125),
    (603, 2, 1576850018.9735, 125),
    (604, 3, 1576850015.7293, 125),
    (605, 4, 1576850018.5218, 125),
    (606, 0, 1576850013.4701, 126),
    (607, 1, 1576850017.4987, 126),
    (608, 2, 1576850010.8072, 126),
    (609, 3, 1576850010.8464, 126),
    (610, 4, 1576850016.5640, 126),
    (611, 0, 1576850016.7986, 127),
    (612, 1, 1576850018.1219, 127),
    (613, 2, 1576850018.2895, 127),
    (614, 3, 1576850015.1553, 127),
    (615, 4, 1576850017.4148, 127),
    (616, 0, 1576850010.6801, 128),
    (617, 1, 1576850011.1817, 128),
    (618, 2, 157685008.2332, 128),
    (619, 3, 1576850012.5254, 128),
    (620, 4, 1576850016.5200, 128),
    (621, 0, 1576850016.4696, 129),
    (622, 1, 1576850011.1779, 129),
    (623, 2, 1576850016.5945, 129),
    (624, 3, 1576850015.6073, 129),
    (625, 4, 1576850014.6248, 129),
    (626, 0, 1576850010.5041, 130),
    (627, 1, 1576850013.7247, 130),
    (628, 2, 157685008.9452, 130),
    (629, 3, 1576850015.2874, 130),
    (630, 4, 157685008.8920, 130),
    (631, 0, 1576850015.6866, 131),
    (632, 1, 1576850010.6139, 131),
    (633, 2, 1576850010.9375, 131),
    (634, 3, 157685008.7333, 131),
    (635, 4, 1576850012.2138, 131),
    (636, 0, 1576850011.4261, 132),
    (637, 1, 1576850010.6637, 132),
    (638, 2, 1576850015.2292, 132),
    (639, 3, 1576850010.7764, 132),
    (640, 4, 1576850016.3670, 132),
    (641, 0, 1576850012.6756, 133),
    (642, 1, 1576850010.2539, 133),
    (643, 2, 1576850011.2165, 133),
    (644, 3, 1576850013.4193, 133),
    (645, 4, 1576850010.9598, 133),
    (646, 0, 1576850010.4851, 134),
    (647, 1, 157685009.7237, 134),
    (648, 2, 1576850016.5332, 134),
    (649, 3, 1576850012.4784, 134),
    (650, 4, 1576850015.7270, 134),
    (651, 0, 157685008.2326, 135),
    (652, 1, 1576850015.7949, 135),
    (653, 2, 1576850014.8605, 135),
    (654, 3, 1576850016.1343, 135),
    (655, 4, 1576850015.4338, 135),
    (656, 0, 157685009.5791, 136),
    (657, 1, 1576850011.8077, 136),
    (658, 2, 1576850010.5542, 136),
    (659, 3, 1576850012.5784, 136),
    (660, 4, 1576850015.3920, 136),
    (661, 0, 1576850016.2806, 137),
    (662, 1, 1576850010.4459, 137),
    (663, 2, 1576850010.4475, 137),
    (664, 3, 1576850013.3473, 137),
    (665, 4, 1576850016.8288, 137),
    (666, 0, 1576850014.5971, 138),
    (667, 1, 1576850010.2977, 138),
    (668, 2, 157685009.4222, 138),
    (669, 3, 1576850015.8264, 138),
    (670, 4, 1576850015.5400, 138),
    (671, 0, 1576850013.4306, 139),
    (672, 1, 157685009.3619, 139),
    (673, 2, 1576850015.9145, 139),
    (674, 3, 157685009.4713, 139),
    (675, 4, 1576850012.5038, 139),
    (676, 0, 1576850014.6301, 140),
    (677, 1, 1576850016.5737, 140),
    (678, 2, 157685008.6002, 140),
    (679, 3, 1576850012.2004, 140),
    (680, 4, 1576850015.5820, 140),
    (681, 0, 157685008.4756, 141),
    (682, 1, 1576850016.1869, 141),
    (683, 2, 1576850010.3565, 141),
    (684, 3, 157685008.9183, 141),
    (685, 4, 1576850013.3458, 141),
    (686, 0, 1576850011.6241, 142),
    (687, 1, 1576850011.7927, 142),
    (688, 2, 1576850014.7962, 142),
    (689, 3, 157685008.4104, 142),
    (690, 4, 1576850013.6980, 142),
    (691, 0, 157685008.8286, 143),
    (692, 1, 1576850012.7249, 143),
    (693, 2, 1576850011.5875, 143),
    (694, 3, 157685008.7113, 143),
    (695, 4, 1576850016.8058, 143),
    (696, 0, 1576850013.7221, 144),
    (697, 1, 157685009.9907, 144),
    (698, 2, 157685008.8742, 144),
    (699, 3, 1576850011.6274, 144),
    (700, 4, 157685008.5480, 144),
    (701, 0, 1576850010.6116, 145),
    (702, 1, 1576850012.6579, 145),
    (703, 2, 1576850011.7025, 145),
    (704, 0, 157685009.2353, 146),
    (705, 1, 157685008.2478, 146),
    (706, 2, 1576850016.8021, 146),
    (707, 3, 1576850015.9597, 146),
    (708, 4, 1576850012.7982, 146),
    (709, 0, 1576850013.6624, 147),
    (710, 1, 1576850012.8770, 147),
    (711, 2, 157685008.3496, 147),
    (712, 3, 1576850016.5009, 147),
    (713, 4, 1576850013.3495, 147),
    (714, 0, 1576850015.3643, 148),
    (715, 1, 1576850013.1198, 148),
    (716, 2, 1576850016.6131, 148),
    (717, 3, 1576850016.4557, 148),
    (718, 4, 157685009.8422, 148),
    (719, 0, 1576850014.7864, 149),
    (720, 1, 1576850010.2230, 149),
    (721, 2, 1576850014.9566, 149),
    (722, 3, 1576850012.1379, 149),
    (723, 4, 157685009.7065, 149),
    (724, 0, 1576850015.8443, 150),
    (725, 1, 157685008.6528, 150),
    (726, 2, 1576850013.6251, 150),
    (727, 3, 1576850013.3557, 150),
    (728, 4, 1576850011.7452, 150),
    (729, 0, 1576850011.4754, 151),
    (730, 1, 1576850010.8290, 151),
    (731, 2, 157685008.6506, 151),
    (732, 3, 1576850010.5989, 151),
    (733, 4, 1576850014.5225, 151),
    (734, 0, 1576850015.9103, 152),
    (735, 1, 1576850015.5198, 152),
    (736, 2, 157685009.1931, 152),
    (737, 3, 1576850015.3137, 152),
    (738, 4, 1576850011.9572, 152),
    (739, 0, 1576850016.5304, 153),
    (740, 1, 1576850012.7460, 153),
    (741, 2, 157685009.7856, 153),
    (742, 3, 1576850015.8579, 153),
    (743, 4, 1576850014.2325, 153),
    (744, 0, 1576850015.6123, 154),
    (745, 1, 1576850012.9458, 154),
    (746, 2, 1576850014.7021, 154),
    (747, 3, 1576850012.2007, 154),
    (748, 4, 1576850010.6062, 154),
    (749, 0, 157685008.9824, 155),
    (750, 1, 1576850011.8580, 155),
    (751, 2, 1576850013.2456, 155),
    (752, 3, 1576850012.3719, 155),
    (753, 4, 1576850013.8815, 155),
    (754, 0, 1576850014.2693, 156),
    (755, 0, 1576850011.8048, 157),
    (756, 1, 1576850013.3431, 157),
    (757, 2, 1576850013.3777, 157),
    (758, 3, 1576850016.8452, 157),
    (759, 4, 157685009.4914, 157),
    (760, 0, 1576850014.5450, 158),
    (761, 1, 1576850015.4806, 158),
    (762, 2, 157685008.8439, 158),
    (763, 3, 1576850011.6805, 158),
    (764, 4, 1576850014.2263, 158),
    (765, 0, 157685008.6988, 159),
    (766, 1, 157685008.1931, 159),
    (767, 2, 157685008.6027, 159),
    (768, 3, 1576850014.2362, 159),
    (769, 4, 1576850015.8174, 159),
    (770, 0, 1576850011.3450, 160),
    (771, 1, 1576850015.2946, 160),
    (772, 2, 1576850016.2399, 160),
    (773, 3, 157685008.5765, 160),
    (774, 4, 1576850010.6333, 160),
    (775, 0, 157685008.3738, 161),
    (776, 1, 1576850015.1841, 161),
    (777, 2, 157685009.1487, 161),
    (778, 3, 157685008.6102, 161),
    (779, 4, 1576850016.3754, 161),
    (780, 0, 1576850012.7280, 162),
    (781, 1, 1576850011.3906, 162),
    (782, 2, 1576850016.9099, 162),
    (783, 3, 1576850010.7705, 162),
    (784, 4, 1576850011.6673, 162),
    (785, 0, 157685008.4068, 163),
    (786, 1, 1576850015.6951, 163),
    (787, 2, 1576850014.2077, 163),
    (788, 3, 1576850015.8042, 163),
    (789, 4, 1576850015.3664, 163),
    (790, 0, 1576850013.9090, 164),
    (791, 1, 1576850014.7346, 164),
    (792, 2, 1576850010.3139, 164),
    (793, 3, 1576850012.3415, 164),
    (794, 4, 1576850016.7853, 164),
    (795, 0, 1576850013.8698, 165),
    (796, 1, 1576850012.6811, 165),
    (797, 2, 1576850014.3127, 165),
    (798, 3, 157685009.5532, 165),
    (799, 4, 1576850016.7534, 165),
    (800, 0, 1576850014.6750, 166),
    (801, 1, 157685008.2056, 166),
    (802, 2, 1576850011.3809, 166),
    (803, 3, 157685009.7645, 166),
    (804, 4, 1576850012.1013, 166),
    (805, 0, 157685009.3278, 167),
    (806, 1, 1576850015.6851, 167),
    (807, 2, 1576850010.9017, 167),
    (808, 3, 1576850011.9772, 167),
    (809, 4, 1576850014.9914, 167),
    (810, 0, 1576850016.2740, 168),
    (811, 1, 157685008.2496, 168),
    (812, 2, 1576850014.1339, 168),
    (813, 3, 157685009.7575, 168),
    (814, 4, 157685009.1073, 168),
    (815, 0, 157685009.3618, 169),
    (816, 1, 157685008.8841, 169),
    (817, 2, 1576850015.9567, 169),
    (818, 3, 1576850013.2052, 169),
    (819, 0, 1576850012.2754, 170),
    (820, 1, 1576850011.7960, 170),
    (821, 2, 1576850010.4686, 170),
    (822, 3, 1576850010.4369, 170),
    (823, 4, 1576850013.9595, 170),
    (824, 0, 1576850012.8203, 171),
    (825, 1, 1576850010.4658, 171),
    (826, 2, 1576850010.7561, 171),
    (827, 3, 1576850013.4097, 171),
    (828, 4, 1576850012.1792, 171),
    (829, 0, 157685009.4994, 172),
    (830, 1, 1576850010.7580, 172),
    (831, 2, 1576850010.2316, 172),
    (832, 3, 1576850010.7149, 172),
    (833, 4, 1576850010.4005, 172),
    (834, 0, 1576850014.5613, 173),
    (835, 1, 1576850015.1208, 173),
    (836, 2, 157685008.4901, 173),
    (837, 3, 1576850011.9777, 173),
    (838, 4, 1576850014.2482, 173),
    (839, 0, 1576850015.4874, 174),
    (840, 1, 157685008.9730, 174),
    (841, 2, 1576850010.3696, 174),
    (842, 3, 1576850011.3889, 174),
    (843, 4, 1576850011.9645, 174),
    (844, 0, 1576850015.6773, 175),
    (845, 1, 157685008.7648, 175),
    (846, 2, 1576850010.5941, 175),
    (847, 3, 1576850015.9667, 175),
    (848, 4, 157685008.4252, 175),
    (849, 0, 1576850011.7784, 176),
    (850, 1, 1576850010.2730, 176),
    (851, 2, 157685008.3996, 176),
    (852, 3, 1576850016.7949, 176),
    (853, 4, 1576850015.6985, 176),
    (854, 0, 1576850011.8093, 177),
    (855, 1, 1576850014.4528, 177),
    (856, 2, 1576850013.7341, 177),
    (857, 3, 157685009.4687, 177),
    (858, 4, 157685009.3322, 177),
    (859, 0, 1576850016.2734, 178),
    (860, 1, 1576850010.8090, 178),
    (861, 2, 1576850016.8616, 178),
    (862, 3, 1576850014.1729, 178),
    (863, 4, 1576850016.8735, 178),
    (864, 0, 157685009.8193, 179),
    (865, 1, 1576850014.3438, 179),
    (866, 2, 157685008.8431, 179),
    (867, 3, 1576850014.5977, 179),
    (868, 4, 1576850014.2642, 179),
    (869, 0, 157685008.7844, 180),
    (870, 1, 1576850012.1210, 180),
    (871, 2, 1576850012.9586, 180),
    (872, 3, 1576850015.3779, 180),
    (873, 4, 1576850016.1415, 180),
    (874, 0, 157685008.1293, 181),
    (875, 1, 1576850014.4538, 181),
    (876, 2, 1576850015.2771, 181),
    (877, 3, 157685008.4037, 181),
    (878, 4, 157685009.4702, 181),
    (879, 0, 1576850013.9724, 182),
    (880, 1, 1576850012.4230, 182),
    (881, 2, 157685008.5666, 182),
    (882, 3, 157685008.7949, 182),
    (883, 4, 1576850010.5135, 182),
    (884, 0, 157685008.6493, 183),
    (885, 1, 157685008.8358, 183),
    (886, 2, 157685008.7391, 183),
    (887, 3, 1576850013.2797, 183),
    (888, 4, 157685008.8262, 183),
    (889, 0, 1576850016.5394, 184),
    (890, 1, 1576850014.6410, 184),
    (891, 2, 1576850013.9586, 184),
    (892, 3, 1576850014.1289, 184),
    (893, 4, 1576850011.5245, 184),
    (894, 0, 1576850011.6213, 185),
    (895, 1, 1576850014.7408, 185),
    (896, 2, 1576850011.3091, 185),
    (897, 3, 1576850013.1087, 185),
    (898, 4, 1576850010.9572, 185),
    (899, 0, 1576850016.2774, 186),
    (900, 1, 1576850010.6470, 186),
    (901, 2, 157685008.5386, 186),
    (902, 3, 1576850016.3449, 186),
    (903, 4, 1576850015.5705, 186),
    (904, 0, 157685009.4893, 187),
    (905, 1, 1576850012.9468, 187),
    (906, 2, 1576850012.7141, 187),
    (907, 3, 1576850015.1997, 187),
    (908, 4, 1576850010.7302, 187),
    (909, 0, 1576850016.3204, 188),
    (910, 1, 157685009.4460, 188),
    (911, 2, 1576850012.4496, 188),
    (912, 3, 157685009.9969, 188),
    (913, 4, 1576850014.3885, 188),
    (914, 0, 1576850015.5133, 189),
    (915, 1, 1576850012.5888, 189),
    (916, 2, 157685009.6691, 189),
    (917, 3, 1576850011.3237, 189),
    (918, 4, 1576850015.5272, 189),
    (919, 0, 1576850010.6044, 190),
    (920, 1, 1576850012.2140, 190),
    (921, 2, 1576850015.5286, 190),
    (922, 3, 1576850015.2769, 190),
    (923, 4, 1576850013.5735, 190),
    (924, 0, 1576850011.7403, 191),
    (925, 1, 1576850015.4938, 191),
    (926, 2, 1576850013.7771, 191),
    (927, 3, 1576850011.9397, 191),
    (928, 4, 1576850016.1142, 191),
    (929, 0, 1576850011.7124, 192),
    (930, 1, 157685008.2050, 192),
    (931, 2, 1576850010.5176, 192),
    (932, 3, 1576850011.8799, 192),
    (933, 4, 1576850014.2915, 192),
    (934, 0, 1576850015.8363, 193),
    (935, 1, 1576850013.6508, 193),
    (936, 2, 157685009.6781, 193),
    (937, 3, 1576850015.1907, 193),
    (938, 4, 1576850011.9912, 193),
    (939, 0, 1576850015.6854, 194),
    (940, 1, 1576850014.6730, 194),
    (941, 2, 1576850010.7336, 194),
    (942, 3, 1576850016.2329, 194),
    (943, 4, 1576850011.1275, 194),
    (944, 0, 1576850010.5493, 195),
    (945, 1, 1576850013.6608, 195),
    (946, 2, 1576850010.5101, 195),
    (947, 3, 1576850014.1307, 195),
    (948, 4, 1576850014.2432, 195),
    (949, 0, 1576850011.3274, 196),
    (950, 1, 1576850015.4770, 196),
    (951, 2, 1576850013.9156, 196),
    (952, 3, 1576850016.9939, 196),
    (953, 4, 1576850013.8575, 196),
    (954, 0, 1576850016.7923, 197),
    (955, 0, 1576850016.3328, 198),
    (956, 1, 1576850012.1911, 198),
    (957, 2, 1576850010.3107, 198),
    (958, 3, 1576850010.7642, 198),
    (959, 4, 157685008.6714, 198),
    (960, 0, 1576850014.8810, 199),
    (961, 1, 1576850012.6536, 199),
    (962, 2, 157685009.8309, 199),
    (963, 3, 157685009.7015, 199),
    (964, 4, 1576850014.6933, 199),
    (965, 0, 1576850015.1328, 200),
    (966, 1, 1576850013.6801, 200),
    (967, 2, 1576850014.6757, 200),
    (968, 3, 157685009.3892, 200),
    (969, 4, 1576850010.1334, 200),
    (970, 0, 1576850014.5860, 201),
    (971, 1, 1576850013.2636, 201),
    (972, 2, 1576850013.6619, 201),
    (973, 3, 1576850013.4135, 201),
    (974, 4, 1576850016.4793, 201),
    (975, 0, 1576850013.3468, 202),
    (976, 1, 1576850016.4051, 202),
    (977, 2, 1576850014.5767, 202),
    (978, 3, 157685009.2912, 202),
    (979, 4, 1576850015.3504, 202),
    (980, 0, 1576850015.4270, 203),
    (981, 1, 1576850012.6616, 203),
    (982, 2, 1576850011.1759, 203),
    (983, 3, 157685009.6185, 203),
    (984, 4, 1576850011.1233, 203),
    (985, 0, 157685009.9558, 204),
    (986, 1, 1576850015.8471, 204),
    (987, 2, 1576850014.6077, 204),
    (988, 3, 1576850014.1462, 204),
    (989, 4, 157685009.2634, 204),
    (990, 0, 157685008.2450, 205),
    (991, 1, 1576850010.1236, 205),
    (992, 2, 157685008.7979, 205),
    (993, 3, 157685009.5595, 205),
    (994, 4, 1576850014.3293, 205),
    (995, 0, 157685008.1278, 206),
    (996, 1, 157685008.2521, 206),
    (997, 2, 157685008.6227, 206),
    (998, 3, 1576850011.4172, 206),
    (999, 4, 1576850015.1594, 206),
    (1000, 0, 1576850016.1240, 207),
    (1001, 1, 1576850011.4956, 207),
    (1002, 2, 1576850010.2279, 207),
    (1003, 3, 1576850011.6765, 207),
    (1004, 4, 1576850011.6733, 207),
    (1005, 0, 1576850015.5928, 208),
    (1006, 1, 1576850016.3011, 208),
    (1007, 2, 1576850016.9667, 208),
    (1008, 3, 157685008.1012, 208),
    (1009, 4, 1576850013.3454, 208),
    (1010, 0, 1576850013.3410, 210),
    (1011, 1, 1576850010.3276, 210),
    (1012, 2, 157685009.4119, 210),
    (1013, 3, 157685008.8025, 210),
    (1014, 4, 1576850013.7653, 210),
    (1015, 0, 1576850013.8818, 211),
    (1016, 1, 1576850013.2381, 211),
    (1017, 2, 1576850011.6867, 211),
    (1018, 3, 1576850014.6922, 211),
    (1019, 4, 1576850010.7264, 211),
    (1020, 0, 1576850012.6470, 212),
    (1021, 1, 1576850010.5636, 212),
    (1022, 2, 1576850014.7849, 212),
    (1023, 3, 157685008.5645, 212),
    (1024, 4, 1576850013.3473, 212),
    (1025, 0, 1576850014.9618, 213),
    (1026, 1, 1576850014.4131, 213),
    (1027, 2, 1576850010.9727, 213),
    (1028, 3, 1576850012.2182, 213),
    (1029, 4, 157685008.4764, 213),
    (1030, 0, 157685008.7690, 214),
    (1031, 1, 1576850015.4574, 214),
    (1032, 2, 1576850011.8193, 214),
    (1033, 3, 1576850016.5376, 214),
    (1034, 4, 1576850011.5447, 214);
