INSERT INTO country
    (id, code)
VALUES
    (1, 'AF'),
    (2, 'AR'),
    (3, 'AM'),
    (4, 'AU'),
    (5, 'AT'),
    (6, 'BE'),
    (7, 'BZ'),
    (8, 'CA'),
    (9, 'CL'),
    (10, 'CN'),
    (11, 'CO'),
    (12, 'HR'),
    (13, 'CZ'),
    (14, 'ES'),
    (15, 'FI'),
    (16, 'FR'),
    (17, 'GB'),
    (18, 'DE'),
    (19, 'GR'),
    (20, 'HU'),
    (21, 'IN'),
    (22, 'IR'),
    (23, 'IE'),
    (24, 'IT'),
    (25, 'JP'),
    (26, 'KR'),
    (27, 'LV'),
    (28, 'LB'),
    (29, 'MK'),
    (30, 'ME'),
    (31, 'NL'),
    (32, 'NO'),
    (33, 'PK'),
    (34, 'PL'),
    (35, 'RU'),
    (36, 'RS'),
    (37, 'CH'),
    (38, 'SK'),
    (39, 'SE'),
    (40, 'UA'),
    (41, 'US'),
    (42, 'UZ');

INSERT INTO location
    (id, name, country_id)
VALUES
    (1, 'Adelboden', 37),
    (2, 'Alta Badia', 24),
    (3, 'Bansko', 7),
    (4, 'Beaver Creek', 41),
    (5, 'Bormio', 24),
    (6, 'Chamonix', 16),
    (7, 'Cortina d''Ampezzo', 24),
    (8, 'Courchevel', 16),
    (9, 'Crans-Montana', 37),
    (10, 'Flachau', 5),
    (11, 'Garmisch-Partenkirchen', 18),
    (12, 'Hinterstoder', 5),
    (13, 'Killington', 41),
    (14, 'Kitzbühel', 5),
    (15, 'La Thuile', 24),
    (16, 'Lake Louise', 8),
    (17, 'Levi', 15),
    (18, 'Lienz', 5),
    (19, 'Madonna di Campiglio', 24),
    (20, 'Ofterschwang', 18),
    (21, 'Rosa Khutor', 35),
    (22, 'Schladming', 5),
    (23, 'St. Moritz', 37),
    (24, 'Sölden', 5),
    (25, 'Val d''Isère', 16),
    (26, 'Val Gardena/Groeden', 24),
    (27, 'Wengen', 37),
    (28, 'Yanqing', 10),
    (29, 'Yuzawa Naeba', 25),
    (30, 'Zauchensee', 5);

INSERT INTO race
    (id, date, description, name, number_of_sensors, website, picture_url, gender, location_id, race_type, status)
VALUES
    (1, '2019-01-26', 'Yearly slalom competition', 'Kitzbühel Slalom', 5, 'hahnenkamm.com', NULL, 'Male', 14, 'Slalom', 'Finished'),
    (2, '2019-01-29', 'Schladming slalom at night', 'Schladming Slalom', 5, 'thenightrace.at', NULL, 'Female', 22, 'Slalom', 'Finished'),
    (3, '2019-01-20', 'Winter sports in Wengen', 'Wengen Giant Slalom', 5, NULL, NULL, 'Male', 27, 'SuperSlalom', 'Finished'),
    (4, '2019-01-12', 'January'' giant slalom', 'Adelboden Giant Slalom', 5, 'weltcup-adelboden.ch', NULL, 'Male', 1, 'SuperSlalom', 'Ready'),
    (5, '2019-01-13', 'World cup slalom competition', 'Adelboden Slalom', 5, 'weltcup-adelboden.ch', NULL, 'Male', 1, 'Slalom', 'Ready'),
    (6, '2019-01-06', 'Newyear''s slalom race', 'La Thuile', 5, 'snowqueentrophy.com', NULL, 'Male', 15, 'Slalom', 'Ready'),
    (7, '2019-01-08', 'Female skiing competition', 'Flachau Slalom', 5, 'skiweltcup-flachau.at', NULL, 'Female', 10, 'Slalom', 'Ready'),
    (8, '2018-12-21', 'Giant slalom female race', 'Courchevel Giant Slalom', 5, 'sportcourchevel.com', NULL, 'Female', 8, 'SuperSlalom', 'Ready'),
    (9, '2018-12-22', NULL, 'Courchevel Slalom', 5, 'sportcourchevel.com', NULL, 'Male', 8, 'Slalom', 'Ready'),
    (10, '2019-03-05', 'End season''s slalom competition', 'Lake Louise', 5, 'sportcourchevel.com', NULL, 'Male', 16, 'Slalom', 'Ready');

INSERT INTO skier
    (id, archived, birthdate, first_name, last_name, gender, picture_url, country_id)
VALUES
    (1, 0, '1998-04-18', 'Ema', 'Martinez', 'Female', NULL, 41),
    (2, 0, '1988-06-01', 'Donghyun', 'Jung', 'Male', NULL, 26),
    (3, 0, '2000-01-03', 'Jean', 'Kayrouz', 'Male', NULL, 28),
    (4, 0, '1999-03-11', 'Theodore', 'Coates', 'Male', NULL, 4),
    (5, 0, '1999-06-25', 'Lucien', 'Bryan', 'Male', NULL, 41),
    (6, 0, '1998-02-10', 'Carlo', 'Dorn', 'Male', NULL, 18),
    (7, 0, '2002-09-04', 'Bobby', 'Stevenish', 'Male', NULL, 41),
    (8, 0, '2002-08-03', 'Sergey', 'Koprikov', 'Male', NULL, 35),
    (9, 0, '1999-10-24', 'Mihajlo', 'Djordjevic', 'Male', NULL, 36),
    (10, 0, '1995-02-12', 'Yuriy', 'Drugov', 'Male', NULL, 35),
    (11, 0, '2001-12-31', 'Gaia', 'Gianassi', 'Female', NULL, 24),
    (12, 0, '1982-07-01', 'Yo', 'Sugaya', 'Male', NULL, 25),
    (13, 0, '2002-11-27', 'Olga', 'Nowotny', 'Female', NULL, 34),
    (14, 0, '1991-12-11', 'Ryo', 'Sugai', 'Male', NULL, 25),
    (15, 0, '1999-07-06', 'Arthur', 'Mugnier', 'Male', NULL, 16),
    (16, 0, '1969-09-23', 'Luca', 'Bongioanni', 'Male', NULL, 24),
    (17, 0, '1999-06-08', 'Serge', 'Salameh', 'Male', NULL, 28),
    (18, 0, '2000-12-24', 'Yuka', 'Miyajima', 'Female', NULL, 25),
    (19, 0, '2002-12-19', 'Alina', 'Ivleva', 'Female', NULL, 35),
    (20, 0, '2001-04-08', 'Matteo', 'Orsieres', 'Male', NULL, 24),
    (21, 0, '2001-10-01', 'Tina', 'Schaedle', 'Female', NULL, 5),
    (22, 0, '2002-12-26', 'Rinka', 'Shimizu', 'Female', NULL, 25),
    (23, 0, '2001-11-15', 'Elin', 'Baeccman', 'Female', NULL, 39),
    (24, 0, '1998-06-14', 'Davis', 'Zvejnieks', 'Male', NULL, 27),
    (25, 0, '2000-03-10', 'Bradshaw', 'Underhill', 'Male', NULL, 41),
    (26, 0, '2001-01-24', 'Jelena', 'Vujicic', 'Female', NULL, 30),
    (27, 0, '2001-07-06', 'Maria', 'Astorgano', 'Female', NULL, 14),
    (28, 0, '2000-01-13', 'Philipp', 'Weissensteiner', 'Male', NULL, 24),
    (29, 0, '2000-07-19', 'Simon', 'Pavlas', 'Male', NULL, 13),
    (30, 0, '2000-02-04', 'Luca', 'Gstrein', 'Male', NULL, 5),
    (31, 0, '2002-03-31', 'Kotaro', 'Omiya', 'Male', NULL, 25),
    (32, 0, '2001-10-08', 'Ignacio', 'Burgos', 'Male', NULL, 14),
    (33, 0, '1998-02-19', 'Carina', 'Bracy', 'Female', NULL, 41),
    (34, 0, '2000-02-17', 'Aleksandra', 'Karachun', 'Female', NULL, 35),
    (35, 0, '2000-05-12', 'Victoria', 'Berne', 'Female', NULL, 16),
    (36, 0, '1999-08-28', 'Sara', 'Lindstroem', 'Female', NULL, 39),
    (37, 0, '1994-04-29', 'Xiang', 'Fang', 'Male', NULL, 10),
    (38, 0, '1996-10-25', 'Ayumu', 'Onishi', 'Male', NULL, 25),
    (39, 0, '1999-07-22', 'Takanori', 'Saito', 'Male', NULL, 25),
    (40, 0, '2000-05-19', 'Mira', 'Raggl', 'Female', NULL, 5),
    (41, 0, '1999-07-28', 'Jeremy', 'Dubois', 'Male', NULL, 16),
    (42, 0, '2002-04-19', 'Adela', 'Kestlova', 'Female', NULL, 13),
    (43, 0, '2001-08-01', 'Fazal', 'Wadood', 'Male', NULL, 33),
    (44, 0, '2001-02-15', 'Sarah', 'Coombs', 'Female', NULL, 41),
    (45, 0, '1991-09-22', 'Guillaume', 'Rambaud', 'Male', NULL, 16),
    (46, 0, '2002-08-21', 'Dominick', 'Epifanio', 'Male', NULL, 41),
    (47, 0, '2002-05-11', 'Zoe', 'Priest', 'Female', NULL, 8),
    (48, 0, '1995-06-29', 'Nikolaos', 'Vasileiou', 'Male', NULL, 19),
    (49, 0, '2002-04-26', 'Nanna', 'Tuhkanen', 'Female', NULL, 15),
    (50, 0, '2000-05-31', 'Holden', 'Parazette', 'Male', NULL, 41),
    (51, 0, '2001-05-08', 'Peter', 'Krol', 'Male', NULL, 31),
    (52, 0, '1999-02-27', 'Bastien', 'Fracheboud', 'Male', NULL, 37),
    (53, 0, '1983-05-12', 'Cynthia', 'Denzler', 'Female', NULL, 11),
    (54, 0, '2000-08-19', 'Enrico', 'Pletti', 'Male', NULL, 24),
    (55, 0, '1995-10-03', 'Paul', 'Perrier', 'Male', NULL, 16),
    (56, 0, '1994-07-18', 'Christine', 'Scheyer', 'Female', NULL, 5),
    (57, 0, '2002-03-12', 'Tiziano', 'Gravier', 'Male', NULL, 2),
    (58, 0, '1988-05-14', 'Kazufumi', 'Takizawa', 'Male', NULL, 25),
    (59, 0, '2001-09-13', 'Selina', 'Egloff', 'Female', NULL, 37),
    (60, 0, '1997-04-02', 'Amanda', 'Stenberg', 'Female', NULL, 39),
    (61, 0, '2000-02-10', 'Eemeli', 'Maklin', 'Male', NULL, 15),
    (62, 0, '2000-08-28', 'Paul', 'Jaquet', 'Male', NULL, 37),
    (63, 0, '1999-02-06', 'Paul', 'Menard', 'Male', NULL, 41),
    (64, 0, '2002-01-09', 'Claire', 'Macdonell', 'Female', NULL, 8),
    (65, 0, '2001-06-23', 'Michele', 'Renzi', 'Male', NULL, 24),
    (66, 0, '2002-04-13', 'Lauren', 'Brackett', 'Female', NULL, 8),
    (67, 0, '2001-12-26', 'William', 'Pignon', 'Male', NULL, 16),
    (68, 0, '1990-03-12', 'Jakob', 'Eriksson', 'Male', NULL, 39),
    (69, 0, '2001-08-28', 'Sue', 'Fuchs', 'Female', NULL, 37),
    (70, 0, '1999-02-23', 'Emil', 'Persson', 'Male', NULL, 39),
    (71, 0, '2002-04-29', 'Andrew', 'Waldman', 'Male', NULL, 41),
    (72, 0, '2001-01-25', 'Federico', 'Toscano', 'Male', NULL, 37),
    (73, 0, '2000-05-15', 'Eliot', 'Grandjean', 'Male', NULL, 6),
    (74, 0, '2001-08-28', 'Anna', 'Pertile', 'Female', NULL, 24),
    (75, 0, '2002-04-19', 'Francesco', 'Sanmartino', 'Male', NULL, 24),
    (76, 0, '2001-06-28', 'Illia', 'Kirbatov', 'Male', NULL, 40),
    (77, 0, '1990-03-08', 'Kohei', 'Ohashi', 'Male', NULL, 25),
    (78, 0, '2001-06-16', 'Hoshimi', 'Kotake', 'Female', NULL, 25),
    (79, 0, '2002-01-21', 'Miina', 'Sakuma', 'Female', NULL, 25),
    (80, 0, '2000-09-01', 'Yu', 'Bai', 'Male', NULL, 10),
    (81, 0, '2001-06-07', 'Jonas', 'Barsch', 'Male', NULL, 39),
    (82, 0, '2001-05-07', 'Michael', 'Dandy', 'Male', NULL, 8),
    (83, 0, '1993-05-12', 'Nicholas', 'Krause', 'Male', NULL, 41),
    (84, 0, '1999-06-27', 'Christian', 'Arnold', 'Male', NULL, 37),
    (85, 0, '2001-07-07', 'Lukas', 'Hromec', 'Male', NULL, 38),
    (86, 0, '2002-10-12', 'Annika', 'Howell', 'Female', NULL, 41),
    (87, 0, '1997-10-04', 'Virginia', 'Sosio', 'Female', NULL, 24),
    (88, 0, '2001-10-25', 'Angeliki', 'Maniati', 'Female', NULL, 19),
    (89, 0, '2002-04-23', 'Georgi', 'Konyarski', 'Male', NULL, 7),
    (90, 0, '1997-12-20', 'Thomas', 'Cote', 'Male', NULL, 8),
    (91, 0, '2000-09-20', 'Giovanni', 'Chiolini', 'Male', NULL, 24),
    (92, 0, '1993-07-06', 'Lukas', 'Kaefer', 'Male', NULL, 5),
    (93, 0, '2002-05-20', 'Lorenzo', 'Sandri', 'Male', NULL, 24),
    (94, 0, '1997-04-30', 'Katja', 'Grossmann', 'Female', NULL, 37),
    (95, 0, '2000-08-10', 'Catherine', 'Krupka', 'Female', NULL, 41),
    (96, 0, '1992-06-14', 'Michaela', 'Wenig', 'Female', NULL, 18),
    (97, 0, '1988-12-14', 'Roberto', 'Nani', 'Male', NULL, 24),
    (98, 0, '1998-04-30', 'Zaks', 'Gedra', 'Male', NULL, 27),
    (99, 0, '1998-02-05', 'Claire', 'Tan', 'Female', NULL, 31),
    (100, 0, '1991-05-17', 'Hitomi', 'Sado', 'Female', NULL, 25),
    (101, 0, '1994-10-31', 'Charlotte', 'Chable', 'Female', NULL, 37),
    (102, 0, '1999-06-23', 'Anna', 'Trenary', 'Female', NULL, 41),
    (103, 0, '2000-07-30', 'Arman', 'Gayupov', 'Male', NULL, 42),
    (104, 0, '1996-12-06', 'Jonas', 'Landshom', 'Male', NULL, 32),
    (105, 0, '2001-05-23', 'Paolo', 'Palmegiano', 'Male', NULL, 24),
    (106, 0, '2001-11-05', 'Milena', 'Goffredi', 'Female', NULL, 24),
    (107, 0, '2002-11-03', 'Leo', 'Oesterberg', 'Male', NULL, 39),
    (108, 0, '2002-01-25', 'Ryota', 'Yuji', 'Male', NULL, 25),
    (109, 0, '2002-12-26', 'Ryan', 'Becker', 'Male', NULL, 41),
    (110, 0, '2002-12-04', 'Isabel', 'Guerenu', 'Female', NULL, 14),
    (111, 0, '1993-06-21', 'Mladen', 'Minic', 'Male', NULL, 30),
    (112, 0, '2002-01-24', 'Leonardo', 'Occoffer', 'Male', NULL, 24),
    (113, 0, '2002-05-25', 'Noemie', 'Laurier', 'Female', NULL, 8),
    (114, 0, '2001-03-01', 'Moa', 'Lundquist', 'Female', NULL, 39),
    (115, 0, '1997-06-15', 'Carter', 'Armstrong', 'Male', NULL, 8),
    (116, 0, '1998-04-13', 'Galina', 'Vorozheiko', 'Female', NULL, 35),
    (117, 0, '2002-07-03', 'Marian', 'Danos', 'Male', NULL, 13),
    (118, 0, '1999-05-21', 'Neena', 'Sore', 'Female', NULL, 15),
    (119, 0, '1997-06-23', 'Gabriel', 'Aregger', 'Male', NULL, 37),
    (120, 0, '2001-11-01', 'Rinka', 'Kanai', 'Female', NULL, 25),
    (121, 0, '2000-11-17', 'Olivia', 'Weymouth', 'Female', NULL, 41),
    (122, 0, '1997-04-23', 'Monika', 'Maroty', 'Female', NULL, 20),
    (123, 0, '1998-03-20', 'Elle', 'Kempenaers', 'Female', NULL, 6),
    (124, 0, '2002-03-31', 'Filip', 'Dvorak', 'Male', NULL, 13),
    (125, 0, '2002-12-19', 'Genya', 'Miyazawa', 'Male', NULL, 25),
    (126, 0, '2002-05-10', 'Laura', 'Graziani', 'Female', NULL, 24),
    (127, 0, '2002-07-14', 'Mara', 'Platter', 'Female', NULL, 24),
    (128, 0, '1990-02-25', 'Hyeontae', 'Kim', 'Male', NULL, 26),
    (129, 0, '1999-01-27', 'Misato', 'Koba', 'Female', NULL, 25),
    (130, 0, '1996-04-06', 'Jakub', 'Pospisil', 'Male', NULL, 13),
    (131, 0, '1960-03-11', 'Stefano', 'Rampazzo', 'Male', NULL, 24),
    (132, 0, '1995-06-26', 'Takuya', 'Kusakabe', 'Male', NULL, 25),
    (133, 0, '2001-06-25', 'Ginevra', 'Ostini', 'Female', NULL, 37),
    (134, 0, '2001-12-17', 'Owen', 'Vinter', 'Male', NULL, 17),
    (135, 0, '2000-04-13', 'Ignace', 'Keirouz', 'Male', NULL, 28),
    (136, 0, '1997-05-21', 'Amelia', 'Adams', 'Female', NULL, 41),
    (137, 0, '1999-06-17', 'Eldar', 'Salihovic', 'Male', NULL, 30),
    (138, 0, '2002-09-17', 'Adam', 'Coito', 'Male', NULL, 8),
    (139, 0, '1996-04-28', 'Yukihiro', 'Takikawa', 'Male', NULL, 25),
    (140, 0, '2002-12-04', 'Sini', 'Heikkala', 'Female', NULL, 15),
    (141, 0, '1997-03-19', 'Martin', 'Bergman', 'Male', NULL, 39),
    (142, 0, '1998-09-07', 'Luka', 'Bozhinovski', 'Male', NULL, 29),
    (143, 0, '1998-03-04', 'Shuntaro', 'Nakazawa', 'Male', NULL, 25),
    (144, 0, '1986-01-23', 'Sandro', 'Viletta', 'Male', NULL, 37),
    (145, 0, '1997-03-28', 'Deborah', 'Gerber', 'Female', NULL, 37),
    (146, 0, '2001-02-13', 'Finn', 'Rice', 'Male', NULL, 23),
    (147, 0, '2001-10-14', 'Alberto', 'Guerrini', 'Male', NULL, 24),
    (148, 0, '2001-04-04', 'Edoardo', 'Galeasso', 'Male', NULL, 24),
    (149, 0, '2001-04-14', 'Drew', 'Wingard', 'Male', NULL, 41),
    (150, 0, '2001-07-04', 'Eirik', 'Gjeraldstveit', 'Male', NULL, 32),
    (151, 0, '2001-09-26', 'Cosmo', 'Osmond', 'Male', NULL, 17),
    (152, 0, '2000-04-30', 'Lorenzo', 'Bellet', 'Male', NULL, 24),
    (153, 0, '2001-11-16', 'Carla', 'Torresi', 'Female', NULL, 2),
    (154, 0, '1998-03-16', 'Ryo', 'Oshikiri', 'Male', NULL, 25),
    (155, 0, '2001-05-07', 'Alessandro', 'Peaquin', 'Male', NULL, 24),
    (156, 0, '2002-06-24', 'Yuki', 'Taka', 'Male', NULL, 25),
    (157, 0, '1996-04-14', 'Frederik', 'Norys', 'Male', NULL, 18),
    (158, 0, '1999-06-08', 'Yuta', 'Uchikawa', 'Male', NULL, 25),
    (159, 0, '2001-07-03', 'Silvia', 'Lastei', 'Female', NULL, 24),
    (160, 0, '1999-03-12', 'Juliusz', 'Mitan', 'Male', NULL, 34),
    (161, 0, '2001-02-21', 'Anna', 'Oberdanner', 'Female', NULL, 5),
    (162, 0, '2002-08-02', 'Samantha', 'Trudeau', 'Female', NULL, 41),
    (163, 0, '1986-10-05', 'Jad', 'Makhoul', 'Male', NULL, 28),
    (164, 0, '2000-02-10', 'Filippo', 'Collini', 'Male', NULL, 24),
    (165, 0, '2002-10-15', 'Oskar', 'Gillberg', 'Male', NULL, 39),
    (166, 0, '2000-03-17', 'Karolina', 'Vlckova', 'Female', NULL, 13),
    (167, 0, '2000-03-22', 'Nicolo', 'Valentini', 'Male', NULL, 24),
    (168, 0, '1997-01-18', 'Cristina', 'Pachi', 'Female', NULL, 19),
    (169, 0, '2002-08-14', 'David', 'Hrbac', 'Male', NULL, 13),
    (170, 0, '1997-01-15', 'Marco', 'Fischbacher', 'Male', NULL, 37),
    (171, 0, '2002-03-29', 'Alice', 'Carneli', 'Female', NULL, 24),
    (172, 0, '1999-12-22', 'Niclas', 'Carlson', 'Male', NULL, 41),
    (173, 0, '2001-01-24', 'Severin', 'Imseng', 'Male', NULL, 37),
    (174, 0, '1969-12-21', 'Kouichi', 'Murakami', 'Male', NULL, 25),
    (175, 0, '2001-12-14', 'Eduard', 'Tashov', 'Male', NULL, 35),
    (176, 0, '2002-03-07', 'Pavel', 'Ustiuzhanin', 'Male', NULL, 35),
    (177, 0, '2002-09-11', 'Guilhem', 'Castillon', 'Male', NULL, 16),
    (178, 0, '2000-04-02', 'Grace', 'Klapatiuk', 'Female', NULL, 8),
    (179, 0, '1995-01-01', 'Michal', 'Staszowski', 'Male', NULL, 13),
    (180, 0, '2002-08-08', 'Sayo', 'Yamashita', 'Female', NULL, 25),
    (181, 0, '2001-10-22', 'Maja', 'Fucak', 'Female', NULL, 12),
    (182, 0, '2001-10-14', 'Marvin', 'Avesani', 'Male', NULL, 24),
    (183, 0, '1991-06-27', 'Nicolas', 'Raffort', 'Male', NULL, 16),
    (184, 0, '2002-02-07', 'Alexandra', 'Diessinger', 'Female', NULL, 18),
    (185, 0, '2000-10-03', 'Kyosuke', 'Yamamoto', 'Male', NULL, 25),
    (186, 0, '2001-03-28', 'Bella', 'Gigone', 'Female', NULL, 8),
    (187, 0, '2001-01-29', 'Maren', 'Fodnaess', 'Female', NULL, 32),
    (188, 0, '2002-09-05', 'Justin', 'Laricheliere', 'Male', NULL, 8),
    (189, 0, '2002-11-24', 'Yudai', 'Katsumasa', 'Male', NULL, 25),
    (190, 0, '2002-02-01', 'Annelise', 'Norkitis', 'Female', NULL, 41),
    (191, 0, '2002-02-20', 'Bastien', 'Hirschi', 'Male', NULL, 37),
    (192, 0, '1998-12-15', 'Veronika', 'Kivelevich', 'Female', NULL, 35),
    (193, 0, '1999-02-19', 'Sumitaka', 'Hagiuda', 'Male', NULL, 25),
    (194, 0, '2001-03-14', 'Sequoia', 'Anstine', 'Female', NULL, 41),
    (195, 0, '1995-01-13', 'Varsha', 'Devi', 'Female', NULL, 21),
    (196, 0, '1996-12-29', 'Luca', 'Decostanzi', 'Male', NULL, 24),
    (197, 0, '2002-10-30', 'Antonio', 'Scarpitti', 'Male', NULL, 24),
    (198, 0, '2002-03-05', 'Martin', 'Mcdonough', 'Male', NULL, 41),
    (199, 0, '2001-05-10', 'Rio', 'Miyazawa', 'Female', NULL, 25),
    (200, 0, '1995-05-29', 'Ramona', 'Boettinger', 'Female', NULL, 18),
    (201, 0, '1996-07-23', 'Alexandre', 'Trudeau', 'Male', NULL, 8),
    (202, 0, '2001-04-06', 'Lili', 'Flachbart', 'Female', NULL, 41),
    (203, 0, '2002-06-30', 'Tiago', 'Janet', 'Male', NULL, 37),
    (204, 0, '2002-12-31', 'Josefine', 'Enqvist', 'Female', NULL, 39),
    (205, 0, '1989-01-30', 'Thomas', 'Biesemeyer', 'Male', NULL, 41),
    (206, 0, '2002-09-09', 'Oscar', 'Holmqvist', 'Male', NULL, 39),
    (207, 0, '2001-12-27', 'Una', 'Grauda', 'Female', NULL, 27),
    (208, 0, '2001-03-02', 'Daria', 'Zaviruha', 'Female', NULL, 35),
    (209, 0, '1998-06-30', 'Minori', 'Tamura', 'Female', NULL, 25),
    (210, 0, '1997-11-11', 'Arashi', 'Nagata', 'Male', NULL, 25),
    (211, 0, '1995-01-01', 'Martin', 'Kucera', 'Male', NULL, 13),
    (212, 0, '1965-02-14', 'Yoichi', 'Amakasu', 'Male', NULL, 25),
    (213, 0, '2002-10-15', 'Robin', 'Gross', 'Male', NULL, 16),
    (214, 0, '1985-08-03', 'Yuheng', 'Tian', 'Male', NULL, 10),
    (215, 0, '2000-02-09', 'Sam', 'Conzelman', 'Female', NULL, 41),
    (216, 0, '1999-05-09', 'Ashot', 'Karapetyan', 'Male', NULL, 3),
    (217, 0, '2002-12-25', 'Esperanza', 'Vergara', 'Female', NULL, 9),
    (218, 0, '1997-03-30', 'Rami', 'Chaaya', 'Male', NULL, 28),
    (219, 0, '1997-04-14', 'Eric', 'Johnson', 'Male', NULL, 41),
    (220, 0, '1998-06-26', 'Alejandro', 'Triay', 'Male', NULL, 14),
    (221, 0, '1998-06-29', 'Benjamin', 'Meyers', 'Male', NULL, 41),
    (222, 0, '1997-04-15', 'Paul', 'Rechberger', 'Male', NULL, 5),
    (223, 0, '1999-05-02', 'Ramon', 'Barrufet', 'Male', NULL, 14),
    (224, 0, '2001-10-07', 'Lois', 'Abouly', 'Female', NULL, 16),
    (225, 0, '1999-05-05', 'Jake', 'Abbott', 'Male', NULL, 41),
    (226, 0, '1994-10-13', 'Cyprien', 'Sarrazin', 'Male', NULL, 16),
    (227, 0, '1997-11-17', 'Pietro', 'Tomei', 'Male', NULL, 24),
    (228, 0, '2000-11-01', 'Thomas', 'Borash', 'Male', NULL, 41),
    (229, 0, '1981-01-03', 'Cristian', 'Deville', 'Male', NULL, 24),
    (230, 0, '1980-11-26', 'Hira', 'Lal', 'Male', NULL, 21),
    (231, 0, '2002-11-13', 'Peder', 'Skogstad', 'Male', NULL, 32),
    (232, 0, '2000-05-08', 'Matteo', 'Tognetti', 'Male', NULL, 24),
    (233, 0, '1995-04-08', 'Louise', 'Wedin', 'Female', NULL, 39),
    (234, 0, '2001-06-23', 'Elena', 'Zipp', 'Female', NULL, 41),
    (235, 0, '1998-08-13', 'Masooma', 'Hassani', 'Female', NULL, 1),
    (236, 0, '1979-09-05', 'Julien', 'Lizeroux', 'Male', NULL, 16),
    (237, 0, '1993-07-13', 'Petra', 'Houserova', 'Female', NULL, 13),
    (238, 0, '1992-07-21', 'Niloofar', 'Khorrami', 'Female', NULL, 22),
    (239, 0, '1998-12-28', 'Yui', 'Yamaguchi', 'Female', NULL, 25),
    (240, 0, '2002-06-30', 'Lora', 'Broz', 'Female', NULL, 12),
    (241, 0, '2002-07-28', 'Jacopo', 'Biz', 'Male', NULL, 24),
    (242, 0, '1997-09-28', 'Matej', 'Prielozny', 'Male', NULL, 38),
    (243, 0, '2002-03-25', 'Fedor', 'Chernyshev', 'Male', NULL, 35),
    (244, 0, '2002-06-27', 'Bradley', 'Bonner', 'Male', NULL, 8),
    (245, 0, '1996-05-12', 'Emer', 'Pisarnik', 'Female', NULL, 23),
    (246, 0, '2000-07-14', 'Mikael', 'Larsson', 'Male', NULL, 39),
    (247, 0, '2002-05-18', 'Emil', 'Taernsby', 'Male', NULL, 39),
    (248, 0, '2001-11-14', 'Mia', 'Saglia', 'Female', NULL, 16),
    (249, 0, '1990-06-21', 'Paraskevi', 'Mavridou', 'Female', NULL, 19),
    (250, 0, '2002-03-23', 'Claudia', 'Lopez', 'Female', NULL, 14);

INSERT INTO run
    (id, skier_id, race_id, run_number, start_position, status, total_time)
VALUES
    (1, 148, 1, 1, 1, 'Completed', NULL),
    (2, 103, 1, 1, 2, 'Completed', NULL),
    (3, 225, 1, 1, 3, 'Completed', NULL),
    (4, 205, 1, 1, 4, 'Completed', NULL),
    (5, 57, 1, 1, 5, 'Completed', NULL),
    (6, 154, 1, 1, 6, 'Completed', NULL),
    (7, 90, 1, 1, 7, 'Completed', NULL),
    (8, 173, 1, 1, 8, 'Completed', NULL),
    (9, 214, 1, 1, 9, 'Completed', NULL),
    (10, 175, 1, 1, 10, 'Completed', NULL),
    (11, 7, 1, 1, 11, 'Completed', NULL),
    (12, 67, 1, 1, 12, 'Completed', NULL),
    (13, 68, 1, 1, 13, 'Unfinished', NULL),
    (14, 16, 1, 1, 14, 'NotStarted', NULL),
    (15, 142, 1, 1, 15, 'Completed', NULL),
    (16, 31, 1, 1, 16, 'Completed', NULL),
    (17, 128, 1, 1, 17, 'Completed', NULL),
    (18, 212, 1, 1, 18, 'Completed', NULL),
    (19, 83, 1, 1, 19, 'Completed', NULL),
    (20, 92, 1, 1, 20, 'Completed', NULL),
    (21, 156, 1, 1, 21, 'Disqualified', NULL),
    (22, 149, 1, 1, 22, 'Completed', NULL),
    (23, 81, 1, 1, 23, 'Completed', NULL),
    (24, 51, 1, 1, 24, 'Completed', NULL),
    (25, 111, 1, 1, 25, 'Completed', NULL),
    (26, 243, 1, 1, 26, 'Completed', NULL),
    (27, 50, 1, 1, 27, 'Completed', NULL),
    (28, 247, 1, 1, 28, 'Completed', NULL),
    (29, 29, 1, 1, 29, 'Completed', NULL),
    (30, 73, 1, 1, 30, 'Completed', NULL),
    (31, 176, 1, 1, 31, 'Completed', NULL),
    (32, 213, 1, 1, 32, 'Unfinished', NULL),
    (33, 176, 1, 2, 33, 'Completed', NULL),
    (34, 73, 1, 2, 34, 'Completed', NULL),
    (35, 29, 1, 2, 35, 'Completed', NULL),
    (36, 247, 1, 2, 36, 'Completed', NULL),
    (37, 50, 1, 2, 37, 'Completed', NULL),
    (38, 243, 1, 2, 38, 'Completed', NULL),
    (39, 111, 1, 2, 39, 'Completed', NULL),
    (40, 51, 1, 2, 40, 'Completed', NULL),
    (41, 81, 1, 2, 41, 'NotStarted', NULL),
    (42, 89, 1, 2, 42, 'Completed', NULL),
    (43, 92, 1, 2, 43, 'Completed', NULL),
    (44, 83, 1, 2, 44, 'Completed', NULL),
    (45, 212, 1, 2, 45, 'Completed', NULL),
    (46, 128, 1, 2, 46, 'Disqualified', NULL),
    (47, 142, 1, 2, 47, 'Completed', NULL),
    (48, 244, 1, 2, 48, 'Completed', NULL),
    (49, 43, 1, 2, 49, 'Completed', NULL),
    (50, 67, 1, 2, 50, 'Completed', NULL),
    (51, 7, 1, 2, 51, 'Unfinished', NULL),
    (52, 214, 1, 2, 52, 'Completed', NULL),
    (53, 173, 1, 2, 53, 'Completed', NULL),
    (54, 90, 1, 2, 54, 'Completed', NULL),
    (55, 154, 1, 2, 55, 'Unfinished', NULL),
    (56, 205, 1, 2, 56, 'Completed', NULL),
    (57, 225, 1, 2, 57, 'Completed', NULL),
    (58, 103, 1, 2, 58, 'Completed', NULL),
    (59, 148, 1, 2, 59, 'Completed', NULL),
    (60, 74, 2, 1, 1, 'Completed', NULL),
    (61, 181, 2, 1, 2, 'Completed', NULL),
    (62, 79, 2, 1, 3, 'Disqualified', NULL),
    (63, 186, 2, 1, 4, 'Completed', NULL),
    (64, 215, 2, 1, 5, 'Completed', NULL),
    (65, 95, 2, 1, 6, 'Completed', NULL),
    (66, 145, 2, 1, 7, 'Completed', NULL),
    (67, 168, 2, 1, 8, 'Completed', NULL),
    (68, 162, 2, 1, 9, 'Completed', NULL),
    (69, 87, 2, 1, 10, 'Completed', NULL),
    (70, 64, 2, 1, 11, 'Completed', NULL),
    (71, 121, 2, 1, 12, 'Completed', NULL),
    (72, 245, 2, 1, 13, 'Completed', NULL),
    (73, 127, 2, 1, 14, 'Disqualified', NULL),
    (74, 233, 2, 1, 15, 'Completed', NULL),
    (75, 69, 2, 1, 16, 'Completed', NULL),
    (76, 56, 2, 1, 17, 'Completed', NULL),
    (77, 207, 2, 1, 18, 'Completed', NULL),
    (78, 249, 2, 1, 19, 'Completed', NULL),
    (79, 209, 2, 1, 20, 'Completed', NULL),
    (80, 49, 2, 1, 21, 'Completed', NULL),
    (81, 159, 2, 1, 22, 'Completed', NULL),
    (82, 248, 2, 1, 23, 'Completed', NULL),
    (83, 180, 2, 1, 24, 'Completed', NULL),
    (84, 106, 2, 1, 25, 'Completed', NULL),
    (85, 171, 2, 1, 26, 'Completed', NULL),
    (86, 26, 2, 1, 27, 'Completed', NULL),
    (87, 88, 2, 1, 28, 'Completed', NULL),
    (88, 202, 2, 1, 29, 'Completed', NULL),
    (89, 114, 2, 1, 30, 'Completed', NULL),
    (90, 53, 2, 1, 31, 'Completed', NULL),
    (91, 153, 2, 1, 32, 'Disqualified', NULL),
    (92, 23, 2, 1, 33, 'Completed', NULL),
    (93, 59, 2, 1, 34, 'Completed', NULL),
    (94, 192, 2, 1, 35, 'Completed', NULL),
    (95, 187, 2, 1, 36, 'Completed', NULL),
    (96, 110, 2, 1, 37, 'Completed', NULL),
    (97, 110, 2, 2, 38, 'Completed', NULL),
    (98, 187, 2, 2, 39, 'Completed', NULL),
    (99, 192, 2, 2, 40, 'Completed', NULL),
    (100, 59, 2, 2, 41, 'Completed', NULL),
    (101, 23, 2, 2, 42, 'Completed', NULL),
    (102, 126, 2, 2, 43, 'Completed', NULL),
    (103, 53, 2, 2, 44, 'Disqualified', NULL),
    (104, 202, 2, 2, 45, 'Completed', NULL),
    (105, 88, 2, 2, 46, 'Completed', NULL),
    (106, 26, 2, 2, 47, 'Disqualified', NULL),
    (107, 106, 2, 2, 48, 'Disqualified', NULL),
    (108, 248, 2, 2, 49, 'Completed', NULL),
    (109, 159, 2, 2, 50, 'Completed', NULL),
    (110, 49, 2, 2, 51, 'Completed', NULL),
    (111, 209, 2, 2, 52, 'Disqualified', NULL),
    (112, 207, 2, 2, 53, 'Completed', NULL),
    (113, 56, 2, 2, 54, 'Completed', NULL),
    (114, 69, 2, 2, 55, 'Completed', NULL),
    (115, 233, 2, 2, 56, 'Completed', NULL),
    (116, 224, 2, 2, 57, 'Completed', NULL),
    (117, 245, 2, 2, 58, 'Completed', NULL),
    (118, 121, 2, 2, 59, 'Completed', NULL),
    (119, 64, 2, 2, 60, 'Completed', NULL),
    (120, 87, 2, 2, 61, 'Disqualified', NULL),
    (121, 168, 2, 2, 62, 'Disqualified', NULL),
    (122, 95, 2, 2, 63, 'Completed', NULL),
    (123, 215, 2, 2, 64, 'Completed', NULL),
    (124, 186, 2, 2, 65, 'Completed', NULL),
    (125, 13, 2, 2, 66, 'Completed', NULL),
    (126, 181, 2, 2, 67, 'Completed', NULL),
    (127, 74, 2, 2, 68, 'Completed', NULL),
    (128, 4, 3, 1, 1, 'Completed', NULL),
    (129, 63, 3, 1, 2, 'Completed', NULL),
    (130, 57, 3, 1, 3, 'Completed', NULL),
    (131, 72, 3, 1, 4, 'Completed', NULL),
    (132, 142, 3, 1, 5, 'Completed', NULL),
    (133, 193, 3, 1, 6, 'Completed', NULL),
    (134, 109, 3, 1, 7, 'Completed', NULL),
    (135, 172, 3, 1, 8, 'Completed', NULL),
    (136, 85, 3, 1, 9, 'Completed', NULL),
    (137, 197, 3, 1, 10, 'Completed', NULL),
    (138, 191, 3, 1, 11, 'Completed', NULL),
    (139, 167, 3, 1, 12, 'Completed', NULL),
    (140, 158, 3, 1, 13, 'Completed', NULL),
    (141, 119, 3, 1, 14, 'Completed', NULL),
    (142, 247, 3, 1, 15, 'Completed', NULL),
    (143, 105, 3, 1, 16, 'Completed', NULL),
    (144, 93, 3, 1, 17, 'Completed', NULL),
    (145, 155, 3, 1, 18, 'Unfinished', NULL),
    (146, 89, 3, 1, 19, 'Disqualified', NULL),
    (147, 137, 3, 1, 20, 'Completed', NULL),
    (148, 134, 3, 1, 21, 'Completed', NULL),
    (149, 20, 3, 1, 22, 'Completed', NULL),
    (150, 37, 3, 1, 23, 'Completed', NULL),
    (151, 14, 3, 1, 24, 'Completed', NULL),
    (152, 73, 3, 1, 25, 'Completed', NULL),
    (153, 45, 3, 1, 26, 'Completed', NULL),
    (154, 107, 3, 1, 27, 'Completed', NULL),
    (155, 76, 3, 1, 28, 'Completed', NULL),
    (156, 132, 3, 1, 29, 'Unfinished', NULL),
    (157, 9, 3, 1, 30, 'Completed', NULL),
    (158, 150, 3, 1, 31, 'Completed', NULL),
    (159, 183, 3, 1, 32, 'Completed', NULL),
    (160, 203, 3, 1, 33, 'Disqualified', NULL),
    (161, 61, 3, 1, 34, 'Completed', NULL),
    (162, 213, 3, 1, 35, 'Completed', NULL),
    (163, 84, 3, 1, 36, 'Completed', NULL),
    (164, 154, 3, 1, 37, 'Completed', NULL),
    (165, 50, 3, 1, 38, 'Completed', NULL),
    (166, 2, 3, 1, 39, 'Completed', NULL),
    (167, 16, 3, 1, 40, 'Completed', NULL),
    (168, 227, 3, 1, 41, 'Completed', NULL),
    (169, 216, 3, 1, 42, 'Unfinished', NULL),
    (170, 68, 3, 1, 43, 'Completed', NULL),
    (171, 220, 3, 1, 44, 'Completed', NULL),
    (172, 225, 3, 1, 45, 'Completed', NULL),
    (173, 225, 3, 2, 46, 'Completed', NULL),
    (174, 220, 3, 2, 47, 'Completed', NULL),
    (175, 68, 3, 2, 48, 'Completed', NULL),
    (176, 8, 3, 2, 49, 'Completed', NULL),
    (177, 227, 3, 2, 50, 'Completed', NULL),
    (178, 16, 3, 2, 51, 'Completed', NULL),
    (179, 2, 3, 2, 52, 'Disqualified', NULL),
    (180, 154, 3, 2, 53, 'Completed', NULL),
    (181, 84, 3, 2, 54, 'Completed', NULL),
    (182, 213, 3, 2, 55, 'Completed', NULL),
    (183, 61, 3, 2, 56, 'Completed', NULL),
    (184, 210, 3, 2, 57, 'Completed', NULL),
    (185, 183, 3, 2, 58, 'Completed', NULL),
    (186, 150, 3, 2, 59, 'Completed', NULL),
    (187, 9, 3, 2, 60, 'Completed', NULL),
    (188, 163, 3, 2, 61, 'Completed', NULL),
    (189, 76, 3, 2, 62, 'Completed', NULL),
    (190, 107, 3, 2, 63, 'Completed', NULL),
    (191, 45, 3, 2, 64, 'Completed', NULL),
    (192, 73, 3, 2, 65, 'Completed', NULL),
    (193, 14, 3, 2, 66, 'Completed', NULL),
    (194, 37, 3, 2, 67, 'Completed', NULL),
    (195, 20, 3, 2, 68, 'Completed', NULL),
    (196, 134, 3, 2, 69, 'Completed', NULL),
    (197, 137, 3, 2, 70, 'Unfinished', NULL),
    (198, 124, 3, 2, 71, 'Completed', NULL),
    (199, 93, 3, 2, 72, 'Completed', NULL),
    (200, 105, 3, 2, 73, 'Completed', NULL),
    (201, 247, 3, 2, 74, 'Completed', NULL),
    (202, 119, 3, 2, 75, 'Completed', NULL),
    (203, 158, 3, 2, 76, 'Completed', NULL),
    (204, 167, 3, 2, 77, 'Completed', NULL),
    (205, 191, 3, 2, 78, 'Completed', NULL),
    (206, 197, 3, 2, 79, 'Completed', NULL),
    (207, 85, 3, 2, 80, 'Completed', NULL),
    (208, 172, 3, 2, 81, 'Completed', NULL),
    (209, 109, 3, 2, 82, 'NotStarted', NULL),
    (210, 142, 3, 2, 83, 'Completed', NULL),
    (211, 72, 3, 2, 84, 'Completed', NULL),
    (212, 57, 3, 2, 85, 'Completed', NULL),
    (213, 63, 3, 2, 86, 'Completed', NULL),
    (214, 4, 3, 2, 87, 'Completed', NULL);

INSERT INTO sensor_measurement
    (id, sensor_id, interim_time, run_id)
VALUES
    (1, 1, 15.283, 1),
    (2, 2, 12.415, 1),
    (3, 3, 18.760, 1),
    (4, 4, 16.648, 1),
    (5, 5, 11.618, 1),
    (6, 1, 15.515, 2),
    (7, 2, 19.164, 2),
    (8, 3, 14.332, 2),
    (9, 4, 14.329, 2),
    (10, 5, 18.476, 2),
    (11, 1, 12.221, 3),
    (12, 2, 18.631, 3),
    (13, 3, 12.301, 3),
    (14, 4, 12.600, 3),
    (15, 5, 15.878, 3),
    (16, 1, 15.620, 4),
    (17, 2, 18.293, 4),
    (18, 3, 13.402, 4),
    (19, 4, 13.121, 4),
    (20, 5, 17.209, 4),
    (21, 1, 11.479, 5),
    (22, 2, 19.175, 5),
    (23, 3, 18.549, 5),
    (24, 4, 16.683, 5),
    (25, 5, 11.474, 5),
    (26, 1, 19.198, 6),
    (27, 2, 16.647, 6),
    (28, 3, 12.932, 6),
    (29, 4, 11.165, 6),
    (30, 5, 13.896, 6),
    (31, 1, 16.897, 7),
    (32, 2, 16.327, 7),
    (33, 3, 16.433, 7),
    (34, 4, 18.708, 7),
    (35, 5, 11.209, 7),
    (36, 1, 11.673, 8),
    (37, 2, 19.119, 8),
    (38, 3, 13.235, 8),
    (39, 4, 11.524, 8),
    (40, 5, 12.793, 8),
    (41, 1, 14.472, 9),
    (42, 2, 11.532, 9),
    (43, 3, 12.426, 9),
    (44, 4, 16.101, 9),
    (45, 5, 12.132, 9),
    (46, 1, 18.582, 10),
    (47, 2, 14.697, 10),
    (48, 3, 18.774, 10),
    (49, 4, 13.148, 10),
    (50, 5, 12.432, 10),
    (51, 1, 12.390, 11),
    (52, 2, 19.917, 11),
    (53, 3, 15.258, 11),
    (54, 4, 16.868, 11),
    (55, 5, 16.143, 11),
    (56, 1, 16.653, 12),
    (57, 2, 13.464, 12),
    (58, 3, 13.118, 12),
    (59, 4, 11.452, 12),
    (60, 5, 18.510, 12),
    (61, 1, 15.458, 13),
    (62, 2, 19.693, 13),
    (63, 1, 15.339, 15),
    (64, 2, 18.995, 15),
    (65, 3, 12.856, 15),
    (66, 4, 13.987, 15),
    (67, 5, 11.727, 15),
    (68, 1, 12.621, 16),
    (69, 2, 16.116, 16),
    (70, 3, 14.314, 16),
    (71, 4, 17.784, 16),
    (72, 5, 18.414, 16),
    (73, 1, 17.480, 17),
    (74, 2, 16.639, 17),
    (75, 3, 12.156, 17),
    (76, 4, 14.102, 17),
    (77, 5, 13.663, 17),
    (78, 1, 14.794, 18),
    (79, 2, 16.767, 18),
    (80, 3, 18.997, 18),
    (81, 4, 15.350, 18),
    (82, 5, 15.538, 18),
    (83, 1, 11.834, 19),
    (84, 2, 16.446, 19),
    (85, 3, 13.465, 19),
    (86, 4, 18.295, 19),
    (87, 5, 14.375, 19),
    (88, 1, 15.871, 20),
    (89, 2, 11.811, 20),
    (90, 3, 15.409, 20),
    (91, 4, 15.303, 20),
    (92, 5, 16.857, 20),
    (93, 1, 16.711, 21),
    (94, 2, 15.893, 21),
    (95, 3, 16.622, 21),
    (96, 4, 15.185, 21),
    (97, 5, 15.151, 21),
    (98, 1, 12.975, 22),
    (99, 2, 13.433, 22),
    (100, 3, 14.139, 22),
    (101, 4, 17.319, 22),
    (102, 5, 15.771, 22),
    (103, 1, 12.813, 23),
    (104, 2, 12.994, 23),
    (105, 3, 11.605, 23),
    (106, 4, 17.504, 23),
    (107, 5, 16.865, 23),
    (108, 1, 12.276, 24),
    (109, 2, 12.719, 24),
    (110, 3, 19.360, 24),
    (111, 4, 17.769, 24),
    (112, 5, 13.799, 24),
    (113, 1, 15.712, 25),
    (114, 2, 14.959, 25),
    (115, 3, 15.316, 25),
    (116, 4, 19.713, 25),
    (117, 5, 12.784, 25),
    (118, 1, 18.290, 26),
    (119, 2, 13.700, 26),
    (120, 3, 19.296, 26),
    (121, 4, 14.360, 26),
    (122, 5, 13.736, 26),
    (123, 1, 11.301, 27),
    (124, 2, 12.623, 27),
    (125, 3, 19.470, 27),
    (126, 4, 14.107, 27),
    (127, 5, 13.734, 27),
    (128, 1, 14.901, 28),
    (129, 2, 19.537, 28),
    (130, 3, 15.555, 28),
    (131, 4, 16.134, 28),
    (132, 5, 18.928, 28),
    (133, 1, 13.614, 29),
    (134, 2, 12.181, 29),
    (135, 3, 13.410, 29),
    (136, 4, 19.170, 29),
    (137, 5, 13.619, 29),
    (138, 1, 19.500, 30),
    (139, 2, 14.593, 30),
    (140, 3, 18.296, 30),
    (141, 4, 11.142, 30),
    (142, 5, 18.789, 30),
    (143, 1, 17.231, 31),
    (144, 2, 17.558, 31),
    (145, 3, 18.816, 31),
    (146, 4, 16.298, 31),
    (147, 5, 17.590, 31),
    (148, 1, 18.401, 32),
    (149, 2, 13.290, 32),
    (150, 3, 14.982, 32),
    (151, 1, 18.873, 33),
    (152, 2, 18.556, 33),
    (153, 3, 12.845, 33),
    (154, 4, 18.900, 33),
    (155, 5, 11.414, 33),
    (156, 1, 14.312, 34),
    (157, 2, 17.934, 34),
    (158, 3, 13.785, 34),
    (159, 4, 17.789, 34),
    (160, 5, 17.526, 34),
    (161, 1, 17.921, 35),
    (162, 2, 13.499, 35),
    (163, 3, 13.610, 35),
    (164, 4, 14.825, 35),
    (165, 5, 12.980, 35),
    (166, 1, 18.783, 36),
    (167, 2, 11.122, 36),
    (168, 3, 15.235, 36),
    (169, 4, 18.381, 36),
    (170, 5, 19.141, 36),
    (171, 1, 17.935, 37),
    (172, 2, 11.671, 37),
    (173, 3, 17.865, 37),
    (174, 4, 12.174, 37),
    (175, 5, 14.363, 37),
    (176, 1, 16.253, 38),
    (177, 2, 12.158, 38),
    (178, 3, 19.475, 38),
    (179, 4, 12.408, 38),
    (180, 5, 13.281, 38),
    (181, 1, 13.717, 39),
    (182, 2, 18.675, 39),
    (183, 3, 19.780, 39),
    (184, 4, 13.228, 39),
    (185, 5, 11.974, 39),
    (186, 1, 19.411, 40),
    (187, 2, 17.658, 40),
    (188, 3, 14.831, 40),
    (189, 4, 13.443, 40),
    (190, 5, 13.196, 40),
    (191, 1, 19.538, 42),
    (192, 2, 15.578, 42),
    (193, 3, 16.505, 42),
    (194, 4, 17.232, 42),
    (195, 5, 13.874, 42),
    (196, 1, 12.833, 43),
    (197, 2, 15.518, 43),
    (198, 3, 19.162, 43),
    (199, 4, 15.294, 43),
    (200, 5, 19.803, 43),
    (201, 1, 15.139, 44),
    (202, 2, 12.202, 44),
    (203, 3, 18.145, 44),
    (204, 4, 12.414, 44),
    (205, 5, 16.497, 44),
    (206, 1, 12.677, 45),
    (207, 2, 18.808, 45),
    (208, 3, 16.567, 45),
    (209, 4, 16.578, 45),
    (210, 5, 19.775, 45),
    (211, 1, 19.983, 46),
    (212, 2, 12.284, 46),
    (213, 3, 13.462, 46),
    (214, 4, 17.602, 46),
    (215, 5, 17.632, 46),
    (216, 1, 13.300, 47),
    (217, 2, 17.859, 47),
    (218, 3, 19.380, 47),
    (219, 4, 12.876, 47),
    (220, 5, 19.942, 47),
    (221, 1, 18.813, 48),
    (222, 2, 19.424, 48),
    (223, 3, 15.320, 48),
    (224, 4, 12.442, 48),
    (225, 5, 16.591, 48),
    (226, 1, 19.493, 49),
    (227, 2, 11.529, 49),
    (228, 3, 19.325, 49),
    (229, 4, 15.850, 49),
    (230, 5, 15.519, 49),
    (231, 1, 19.388, 50),
    (232, 2, 14.724, 50),
    (233, 3, 17.938, 50),
    (234, 4, 18.246, 50),
    (235, 5, 15.112, 50),
    (236, 1, 14.927, 51),
    (237, 1, 18.431, 52),
    (238, 2, 14.828, 52),
    (239, 3, 12.660, 52),
    (240, 4, 12.296, 52),
    (241, 5, 12.942, 52),
    (242, 1, 11.566, 53),
    (243, 2, 19.917, 53),
    (244, 3, 16.309, 53),
    (245, 4, 12.422, 53),
    (246, 5, 13.990, 53),
    (247, 1, 18.209, 54),
    (248, 2, 19.711, 54),
    (249, 3, 17.970, 54),
    (250, 4, 14.288, 54),
    (251, 5, 11.725, 54),
    (252, 1, 11.979, 55),
    (253, 2, 18.357, 55),
    (254, 3, 19.452, 55),
    (255, 4, 19.192, 55),
    (256, 1, 19.960, 56),
    (257, 2, 18.548, 56),
    (258, 3, 13.206, 56),
    (259, 4, 14.781, 56),
    (260, 5, 14.337, 56),
    (261, 1, 11.628, 57),
    (262, 2, 15.760, 57),
    (263, 3, 13.399, 57),
    (264, 4, 12.665, 57),
    (265, 5, 18.773, 57),
    (266, 1, 16.839, 58),
    (267, 2, 17.774, 58),
    (268, 3, 19.164, 58),
    (269, 4, 11.384, 58),
    (270, 5, 18.375, 58),
    (271, 1, 16.614, 59),
    (272, 2, 18.550, 59),
    (273, 3, 17.740, 59),
    (274, 4, 11.500, 59),
    (275, 5, 18.593, 59),
    (276, 1, 18.254, 60),
    (277, 2, 12.289, 60),
    (278, 3, 16.126, 60),
    (279, 4, 16.388, 60),
    (280, 5, 16.264, 60),
    (281, 1, 12.120, 61),
    (282, 2, 18.952, 61),
    (283, 3, 14.365, 61),
    (284, 4, 17.240, 61),
    (285, 5, 15.474, 61),
    (286, 1, 12.286, 62),
    (287, 2, 12.378, 62),
    (288, 3, 14.586, 62),
    (289, 4, 10.878, 62),
    (290, 5, 11.927, 62),
    (291, 1, 11.889, 63),
    (292, 2, 11.579, 63),
    (293, 3, 16.531, 63),
    (294, 4, 16.199, 63),
    (295, 5, 14.128, 63),
    (296, 1, 13.868, 64),
    (297, 2, 12.110, 64),
    (298, 3, 11.178, 64),
    (299, 4, 15.193, 64),
    (300, 5, 13.195, 64),
    (301, 1, 18.105, 65),
    (302, 2, 13.686, 65),
    (303, 3, 18.663, 65),
    (304, 4, 12.734, 65),
    (305, 5, 18.446, 65),
    (306, 1, 15.850, 66),
    (307, 2, 10.574, 66),
    (308, 3, 10.669, 66),
    (309, 4, 13.144, 66),
    (310, 5, 16.759, 66),
    (311, 1, 12.485, 67),
    (312, 2, 10.330, 67),
    (313, 3, 11.611, 67),
    (314, 4, 10.561, 67),
    (315, 5, 18.562, 67),
    (316, 1, 15.722, 68),
    (317, 2, 10.824, 68),
    (318, 3, 12.665, 68),
    (319, 4, 10.277, 68),
    (320, 5, 12.625, 68),
    (321, 1, 12.762, 69),
    (322, 2, 17.138, 69),
    (323, 3, 13.653, 69),
    (324, 4, 14.817, 69),
    (325, 5, 15.929, 69),
    (326, 1, 18.254, 70),
    (327, 2, 12.831, 70),
    (328, 3, 10.451, 70),
    (329, 4, 13.396, 70),
    (330, 5, 10.284, 70),
    (331, 1, 17.643, 71),
    (332, 2, 15.660, 71),
    (333, 3, 17.138, 71),
    (334, 4, 13.185, 71),
    (335, 5, 14.795, 71),
    (336, 1, 18.546, 72),
    (337, 2, 16.874, 72),
    (338, 3, 14.626, 72),
    (339, 4, 17.711, 72),
    (340, 5, 11.112, 72),
    (341, 1, 13.648, 73),
    (342, 2, 10.761, 73),
    (343, 3, 13.338, 73),
    (344, 4, 17.452, 73),
    (345, 5, 11.856, 73),
    (346, 1, 18.748, 74),
    (347, 2, 14.795, 74),
    (348, 3, 12.793, 74),
    (349, 4, 14.456, 74),
    (350, 5, 17.156, 74),
    (351, 1, 13.937, 75),
    (352, 2, 16.496, 75),
    (353, 3, 16.699, 75),
    (354, 4, 15.292, 75),
    (355, 5, 11.618, 75),
    (356, 1, 16.316, 76),
    (357, 2, 15.587, 76),
    (358, 3, 13.610, 76),
    (359, 4, 12.970, 76),
    (360, 5, 14.907, 76),
    (361, 1, 14.478, 77),
    (362, 2, 16.647, 77),
    (363, 3, 16.181, 77),
    (364, 4, 10.510, 77),
    (365, 5, 13.451, 77),
    (366, 1, 17.925, 78),
    (367, 2, 18.710, 78),
    (368, 3, 11.677, 78),
    (369, 4, 16.349, 78),
    (370, 5, 16.699, 78),
    (371, 1, 13.255, 79),
    (372, 2, 18.955, 79),
    (373, 3, 17.131, 79),
    (374, 4, 12.902, 79),
    (375, 5, 17.367, 79),
    (376, 1, 17.727, 80),
    (377, 2, 11.541, 80),
    (378, 3, 17.713, 80),
    (379, 4, 17.235, 80),
    (380, 5, 15.442, 80),
    (381, 1, 12.297, 81),
    (382, 2, 12.954, 81),
    (383, 3, 15.442, 81),
    (384, 4, 11.277, 81),
    (385, 5, 12.481, 81),
    (386, 1, 13.718, 82),
    (387, 2, 16.880, 82),
    (388, 3, 18.163, 82),
    (389, 4, 11.468, 82),
    (390, 5, 15.266, 82),
    (391, 1, 13.357, 83),
    (392, 2, 15.386, 83),
    (393, 3, 16.645, 83),
    (394, 4, 17.631, 83),
    (395, 5, 14.365, 83),
    (396, 1, 11.637, 84),
    (397, 2, 17.828, 84),
    (398, 3, 12.799, 84),
    (399, 4, 10.531, 84),
    (400, 5, 18.450, 84),
    (401, 1, 11.986, 85),
    (402, 2, 17.370, 85),
    (403, 3, 12.204, 85),
    (404, 4, 14.631, 85),
    (405, 5, 15.511, 85),
    (406, 1, 14.360, 86),
    (407, 2, 10.212, 86),
    (408, 3, 12.409, 86),
    (409, 4, 12.610, 86),
    (410, 5, 14.939, 86),
    (411, 1, 12.132, 87),
    (412, 2, 16.443, 87),
    (413, 3, 13.862, 87),
    (414, 4, 11.634, 87),
    (415, 5, 10.719, 87),
    (416, 1, 18.201, 88),
    (417, 2, 13.858, 88),
    (418, 3, 12.762, 88),
    (419, 4, 18.470, 88),
    (420, 5, 16.999, 88),
    (421, 1, 15.109, 89),
    (422, 2, 10.661, 89),
    (423, 3, 15.215, 89),
    (424, 4, 13.480, 89),
    (425, 5, 13.857, 89),
    (426, 1, 11.262, 90),
    (427, 2, 18.928, 90),
    (428, 3, 18.520, 90),
    (429, 4, 11.262, 90),
    (430, 5, 17.268, 90),
    (431, 1, 11.224, 91),
    (432, 2, 13.594, 91),
    (433, 3, 16.626, 91),
    (434, 4, 12.795, 91),
    (435, 5, 11.824, 91),
    (436, 1, 17.971, 92),
    (437, 2, 14.445, 92),
    (438, 3, 12.644, 92),
    (439, 4, 14.118, 92),
    (440, 5, 16.880, 92),
    (441, 1, 10.174, 93),
    (442, 2, 15.290, 93),
    (443, 3, 16.455, 93),
    (444, 4, 16.582, 93),
    (445, 5, 12.631, 93),
    (446, 1, 14.910, 94),
    (447, 2, 11.956, 94),
    (448, 3, 15.719, 94),
    (449, 4, 18.823, 94),
    (450, 5, 17.104, 94),
    (451, 1, 10.117, 95),
    (452, 2, 10.331, 95),
    (453, 3, 10.299, 95),
    (454, 4, 15.637, 95),
    (455, 5, 18.454, 95),
    (456, 1, 17.515, 96),
    (457, 2, 10.231, 96),
    (458, 3, 16.687, 96),
    (459, 4, 14.357, 96),
    (460, 5, 10.690, 96),
    (461, 1, 10.319, 97),
    (462, 2, 16.138, 97),
    (463, 3, 18.143, 97),
    (464, 4, 18.289, 97),
    (465, 5, 18.730, 97),
    (466, 1, 16.957, 98),
    (467, 2, 14.283, 98),
    (468, 3, 11.272, 98),
    (469, 4, 12.788, 98),
    (470, 5, 15.541, 98),
    (471, 1, 16.606, 99),
    (472, 2, 11.279, 99),
    (473, 3, 15.642, 99),
    (474, 4, 14.606, 99),
    (475, 5, 15.191, 99),
    (476, 1, 18.140, 100),
    (477, 2, 15.371, 100),
    (478, 3, 16.940, 100),
    (479, 4, 14.621, 100),
    (480, 5, 15.361, 100),
    (481, 1, 15.471, 101),
    (482, 2, 14.797, 101),
    (483, 3, 10.993, 101),
    (484, 4, 10.500, 101),
    (485, 5, 18.273, 101),
    (486, 1, 17.941, 102),
    (487, 2, 18.169, 102),
    (488, 3, 13.507, 102),
    (489, 4, 11.463, 102),
    (490, 5, 12.362, 102),
    (491, 1, 13.824, 103),
    (492, 2, 12.131, 103),
    (493, 3, 15.990, 103),
    (494, 4, 15.947, 103),
    (495, 5, 15.941, 103),
    (496, 1, 15.714, 104),
    (497, 2, 12.356, 104),
    (498, 3, 17.304, 104),
    (499, 4, 12.967, 104),
    (500, 5, 13.201, 104),
    (501, 1, 18.190, 105),
    (502, 2, 10.839, 105),
    (503, 3, 14.474, 105),
    (504, 4, 11.174, 105),
    (505, 5, 17.343, 105),
    (506, 1, 15.750, 106),
    (507, 2, 17.258, 106),
    (508, 3, 14.955, 106),
    (509, 4, 12.491, 106),
    (510, 5, 18.495, 106),
    (511, 1, 17.199, 107),
    (512, 2, 15.364, 107),
    (513, 3, 12.725, 107),
    (514, 4, 15.414, 107),
    (515, 5, 12.157, 107),
    (516, 1, 18.675, 108),
    (517, 2, 13.971, 108),
    (518, 3, 11.450, 108),
    (519, 4, 14.795, 108),
    (520, 5, 11.360, 108),
    (521, 1, 14.725, 109),
    (522, 2, 12.945, 109),
    (523, 3, 10.464, 109),
    (524, 4, 14.568, 109),
    (525, 5, 15.854, 109),
    (526, 1, 13.271, 110),
    (527, 2, 12.247, 110),
    (528, 3, 12.872, 110),
    (529, 4, 15.232, 110),
    (530, 5, 16.401, 110),
    (531, 1, 18.886, 111),
    (532, 2, 17.958, 111),
    (533, 3, 18.560, 111),
    (534, 4, 18.525, 111),
    (535, 5, 13.141, 111),
    (536, 1, 13.626, 112),
    (537, 2, 12.382, 112),
    (538, 3, 14.167, 112),
    (539, 4, 18.738, 112),
    (540, 5, 17.467, 112),
    (541, 1, 17.413, 113),
    (542, 2, 13.677, 113),
    (543, 3, 12.370, 113),
    (544, 4, 10.269, 113),
    (545, 5, 13.563, 113),
    (546, 1, 13.566, 114),
    (547, 2, 11.322, 114),
    (548, 3, 12.968, 114),
    (549, 4, 11.420, 114),
    (550, 5, 15.463, 114),
    (551, 1, 15.155, 115),
    (552, 2, 12.145, 115),
    (553, 3, 18.454, 115),
    (554, 4, 10.179, 115),
    (555, 5, 10.763, 115),
    (556, 1, 17.672, 116),
    (557, 2, 12.764, 116),
    (558, 3, 10.908, 116),
    (559, 4, 17.288, 116),
    (560, 5, 17.630, 116),
    (561, 1, 16.794, 117),
    (562, 2, 16.568, 117),
    (563, 3, 13.935, 117),
    (564, 4, 17.180, 117),
    (565, 5, 12.158, 117),
    (566, 1, 12.489, 118),
    (567, 2, 10.573, 118),
    (568, 3, 14.958, 118),
    (569, 4, 16.923, 118),
    (570, 5, 12.586, 118),
    (571, 1, 13.549, 119),
    (572, 2, 14.245, 119),
    (573, 3, 17.713, 119),
    (574, 4, 15.136, 119),
    (575, 5, 13.825, 119),
    (576, 1, 17.482, 120),
    (577, 2, 11.825, 120),
    (578, 3, 14.658, 120),
    (579, 4, 13.686, 120),
    (580, 5, 18.484, 120),
    (581, 1, 15.873, 121),
    (582, 2, 10.216, 121),
    (583, 3, 18.851, 121),
    (584, 4, 15.696, 121),
    (585, 5, 17.972, 121),
    (586, 1, 16.625, 122),
    (587, 2, 17.304, 122),
    (588, 3, 18.641, 122),
    (589, 4, 12.950, 122),
    (590, 5, 13.327, 122),
    (591, 1, 12.831, 123),
    (592, 2, 15.204, 123),
    (593, 3, 14.925, 123),
    (594, 4, 13.463, 123),
    (595, 5, 13.281, 123),
    (596, 1, 17.908, 124),
    (597, 2, 15.217, 124),
    (598, 3, 10.888, 124),
    (599, 4, 12.474, 124),
    (600, 5, 16.153, 124),
    (601, 1, 12.469, 125),
    (602, 2, 12.788, 125),
    (603, 3, 18.973, 125),
    (604, 4, 15.729, 125),
    (605, 5, 18.521, 125),
    (606, 1, 13.470, 126),
    (607, 2, 17.498, 126),
    (608, 3, 10.807, 126),
    (609, 4, 10.846, 126),
    (610, 5, 16.564, 126),
    (611, 1, 16.798, 127),
    (612, 2, 18.121, 127),
    (613, 3, 18.289, 127),
    (614, 4, 15.155, 127),
    (615, 5, 17.414, 127),
    (616, 1, 10.680, 128),
    (617, 2, 11.181, 128),
    (618, 3, 8.233, 128),
    (619, 4, 12.525, 128),
    (620, 5, 16.520, 128),
    (621, 1, 16.469, 129),
    (622, 2, 11.177, 129),
    (623, 3, 16.594, 129),
    (624, 4, 15.607, 129),
    (625, 5, 14.624, 129),
    (626, 1, 10.504, 130),
    (627, 2, 13.724, 130),
    (628, 3, 8.945, 130),
    (629, 4, 15.287, 130),
    (630, 5, 8.892, 130),
    (631, 1, 15.686, 131),
    (632, 2, 10.613, 131),
    (633, 3, 10.937, 131),
    (634, 4, 8.733, 131),
    (635, 5, 12.213, 131),
    (636, 1, 11.426, 132),
    (637, 2, 10.663, 132),
    (638, 3, 15.229, 132),
    (639, 4, 10.776, 132),
    (640, 5, 16.367, 132),
    (641, 1, 12.675, 133),
    (642, 2, 10.253, 133),
    (643, 3, 11.216, 133),
    (644, 4, 13.419, 133),
    (645, 5, 10.959, 133),
    (646, 1, 10.485, 134),
    (647, 2, 9.723, 134),
    (648, 3, 16.533, 134),
    (649, 4, 12.478, 134),
    (650, 5, 15.727, 134),
    (651, 1, 8.232, 135),
    (652, 2, 15.794, 135),
    (653, 3, 14.860, 135),
    (654, 4, 16.134, 135),
    (655, 5, 15.433, 135),
    (656, 1, 9.579, 136),
    (657, 2, 11.807, 136),
    (658, 3, 10.554, 136),
    (659, 4, 12.578, 136),
    (660, 5, 15.392, 136),
    (661, 1, 16.280, 137),
    (662, 2, 10.445, 137),
    (663, 3, 10.447, 137),
    (664, 4, 13.347, 137),
    (665, 5, 16.828, 137),
    (666, 1, 14.597, 138),
    (667, 2, 10.297, 138),
    (668, 3, 9.422, 138),
    (669, 4, 15.826, 138),
    (670, 5, 15.540, 138),
    (671, 1, 13.430, 139),
    (672, 2, 9.361, 139),
    (673, 3, 15.914, 139),
    (674, 4, 9.471, 139),
    (675, 5, 12.503, 139),
    (676, 1, 14.630, 140),
    (677, 2, 16.573, 140),
    (678, 3, 8.600, 140),
    (679, 4, 12.200, 140),
    (680, 5, 15.582, 140),
    (681, 1, 8.475, 141),
    (682, 2, 16.186, 141),
    (683, 3, 10.356, 141),
    (684, 4, 8.918, 141),
    (685, 5, 13.345, 141),
    (686, 1, 11.624, 142),
    (687, 2, 11.792, 142),
    (688, 3, 14.796, 142),
    (689, 4, 8.410, 142),
    (690, 5, 13.698, 142),
    (691, 1, 8.828, 143),
    (692, 2, 12.724, 143),
    (693, 3, 11.587, 143),
    (694, 4, 8.711, 143),
    (695, 5, 16.805, 143),
    (696, 1, 13.722, 144),
    (697, 2, 9.990, 144),
    (698, 3, 8.874, 144),
    (699, 4, 11.627, 144),
    (700, 5, 8.548, 144),
    (701, 1, 10.611, 145),
    (702, 2, 12.657, 145),
    (703, 3, 11.702, 145),
    (704, 1, 9.235, 146),
    (705, 2, 8.247, 146),
    (706, 3, 16.802, 146),
    (707, 4, 15.959, 146),
    (708, 5, 12.798, 146),
    (709, 1, 13.662, 147),
    (710, 2, 12.877, 147),
    (711, 3, 8.349, 147),
    (712, 4, 16.500, 147),
    (713, 5, 13.349, 147),
    (714, 1, 15.364, 148),
    (715, 2, 13.119, 148),
    (716, 3, 16.613, 148),
    (717, 4, 16.455, 148),
    (718, 5, 9.842, 148),
    (719, 1, 14.786, 149),
    (720, 2, 10.223, 149),
    (721, 3, 14.956, 149),
    (722, 4, 12.137, 149),
    (723, 5, 9.706, 149),
    (724, 1, 15.844, 150),
    (725, 2, 8.652, 150),
    (726, 3, 13.625, 150),
    (727, 4, 13.355, 150),
    (728, 5, 11.745, 150),
    (729, 1, 11.475, 151),
    (730, 2, 10.829, 151),
    (731, 3, 8.650, 151),
    (732, 4, 10.598, 151),
    (733, 5, 14.522, 151),
    (734, 1, 15.910, 152),
    (735, 2, 15.519, 152),
    (736, 3, 9.193, 152),
    (737, 4, 15.313, 152),
    (738, 5, 11.957, 152),
    (739, 1, 16.530, 153),
    (740, 2, 12.746, 153),
    (741, 3, 9.785, 153),
    (742, 4, 15.857, 153),
    (743, 5, 14.232, 153),
    (744, 1, 15.612, 154),
    (745, 2, 12.945, 154),
    (746, 3, 14.702, 154),
    (747, 4, 12.200, 154),
    (748, 5, 10.606, 154),
    (749, 1, 8.982, 155),
    (750, 2, 11.858, 155),
    (751, 3, 13.245, 155),
    (752, 4, 12.371, 155),
    (753, 5, 13.881, 155),
    (754, 1, 14.269, 156),
    (755, 1, 11.804, 157),
    (756, 2, 13.343, 157),
    (757, 3, 13.377, 157),
    (758, 4, 16.845, 157),
    (759, 5, 9.491, 157),
    (760, 1, 14.545, 158),
    (761, 2, 15.480, 158),
    (762, 3, 8.843, 158),
    (763, 4, 11.680, 158),
    (764, 5, 14.226, 158),
    (765, 1, 8.698, 159),
    (766, 2, 8.193, 159),
    (767, 3, 8.602, 159),
    (768, 4, 14.236, 159),
    (769, 5, 15.817, 159),
    (770, 1, 11.345, 160),
    (771, 2, 15.294, 160),
    (772, 3, 16.239, 160),
    (773, 4, 8.576, 160),
    (774, 5, 10.633, 160),
    (775, 1, 8.373, 161),
    (776, 2, 15.184, 161),
    (777, 3, 9.148, 161),
    (778, 4, 8.610, 161),
    (779, 5, 16.375, 161),
    (780, 1, 12.728, 162),
    (781, 2, 11.390, 162),
    (782, 3, 16.909, 162),
    (783, 4, 10.770, 162),
    (784, 5, 11.667, 162),
    (785, 1, 8.406, 163),
    (786, 2, 15.695, 163),
    (787, 3, 14.207, 163),
    (788, 4, 15.804, 163),
    (789, 5, 15.366, 163),
    (790, 1, 13.909, 164),
    (791, 2, 14.734, 164),
    (792, 3, 10.313, 164),
    (793, 4, 12.341, 164),
    (794, 5, 16.785, 164),
    (795, 1, 13.869, 165),
    (796, 2, 12.681, 165),
    (797, 3, 14.312, 165),
    (798, 4, 9.553, 165),
    (799, 5, 16.753, 165),
    (800, 1, 14.675, 166),
    (801, 2, 8.205, 166),
    (802, 3, 11.380, 166),
    (803, 4, 9.764, 166),
    (804, 5, 12.101, 166),
    (805, 1, 9.327, 167),
    (806, 2, 15.685, 167),
    (807, 3, 10.901, 167),
    (808, 4, 11.977, 167),
    (809, 5, 14.991, 167),
    (810, 1, 16.274, 168),
    (811, 2, 8.249, 168),
    (812, 3, 14.133, 168),
    (813, 4, 9.757, 168),
    (814, 5, 9.107, 168),
    (815, 1, 9.361, 169),
    (816, 2, 8.884, 169),
    (817, 3, 15.956, 169),
    (818, 4, 13.205, 169),
    (819, 1, 12.275, 170),
    (820, 2, 11.796, 170),
    (821, 3, 10.468, 170),
    (822, 4, 10.436, 170),
    (823, 5, 13.959, 170),
    (824, 1, 12.820, 171),
    (825, 2, 10.465, 171),
    (826, 3, 10.756, 171),
    (827, 4, 13.409, 171),
    (828, 5, 12.179, 171),
    (829, 1, 9.499, 172),
    (830, 2, 10.758, 172),
    (831, 3, 10.231, 172),
    (832, 4, 10.714, 172),
    (833, 5, 10.400, 172),
    (834, 1, 14.561, 173),
    (835, 2, 15.120, 173),
    (836, 3, 8.490, 173),
    (837, 4, 11.977, 173),
    (838, 5, 14.248, 173),
    (839, 1, 15.487, 174),
    (840, 2, 8.973, 174),
    (841, 3, 10.369, 174),
    (842, 4, 11.388, 174),
    (843, 5, 11.964, 174),
    (844, 1, 15.677, 175),
    (845, 2, 8.764, 175),
    (846, 3, 10.594, 175),
    (847, 4, 15.966, 175),
    (848, 5, 8.425, 175),
    (849, 1, 11.778, 176),
    (850, 2, 10.273, 176),
    (851, 3, 8.399, 176),
    (852, 4, 16.794, 176),
    (853, 5, 15.698, 176),
    (854, 1, 11.809, 177),
    (855, 2, 14.452, 177),
    (856, 3, 13.734, 177),
    (857, 4, 9.468, 177),
    (858, 5, 9.332, 177),
    (859, 1, 16.273, 178),
    (860, 2, 10.809, 178),
    (861, 3, 16.861, 178),
    (862, 4, 14.172, 178),
    (863, 5, 16.873, 178),
    (864, 1, 9.819, 179),
    (865, 2, 14.343, 179),
    (866, 3, 8.843, 179),
    (867, 4, 14.597, 179),
    (868, 5, 14.264, 179),
    (869, 1, 8.784, 180),
    (870, 2, 12.121, 180),
    (871, 3, 12.958, 180),
    (872, 4, 15.377, 180),
    (873, 5, 16.141, 180),
    (874, 1, 8.129, 181),
    (875, 2, 14.453, 181),
    (876, 3, 15.277, 181),
    (877, 4, 8.403, 181),
    (878, 5, 9.470, 181),
    (879, 1, 13.972, 182),
    (880, 2, 12.423, 182),
    (881, 3, 8.566, 182),
    (882, 4, 8.794, 182),
    (883, 5, 10.513, 182),
    (884, 1, 8.649, 183),
    (885, 2, 8.835, 183),
    (886, 3, 8.739, 183),
    (887, 4, 13.279, 183),
    (888, 5, 8.826, 183),
    (889, 1, 16.539, 184),
    (890, 2, 14.641, 184),
    (891, 3, 13.958, 184),
    (892, 4, 14.128, 184),
    (893, 5, 11.524, 184),
    (894, 1, 11.621, 185),
    (895, 2, 14.740, 185),
    (896, 3, 11.309, 185),
    (897, 4, 13.108, 185),
    (898, 5, 10.957, 185),
    (899, 1, 16.277, 186),
    (900, 2, 10.647, 186),
    (901, 3, 8.538, 186),
    (902, 4, 16.344, 186),
    (903, 5, 15.570, 186),
    (904, 1, 9.489, 187),
    (905, 2, 12.946, 187),
    (906, 3, 12.714, 187),
    (907, 4, 15.199, 187),
    (908, 5, 10.730, 187),
    (909, 1, 16.320, 188),
    (910, 2, 9.446, 188),
    (911, 3, 12.449, 188),
    (912, 4, 9.996, 188),
    (913, 5, 14.388, 188),
    (914, 1, 15.513, 189),
    (915, 2, 12.588, 189),
    (916, 3, 9.669, 189),
    (917, 4, 11.323, 189),
    (918, 5, 15.527, 189),
    (919, 1, 10.604, 190),
    (920, 2, 12.214, 190),
    (921, 3, 15.528, 190),
    (922, 4, 15.276, 190),
    (923, 5, 13.573, 190),
    (924, 1, 11.740, 191),
    (925, 2, 15.493, 191),
    (926, 3, 13.777, 191),
    (927, 4, 11.939, 191),
    (928, 5, 16.114, 191),
    (929, 1, 11.712, 192),
    (930, 2, 8.205, 192),
    (931, 3, 10.517, 192),
    (932, 4, 11.879, 192),
    (933, 5, 14.291, 192),
    (934, 1, 15.836, 193),
    (935, 2, 13.650, 193),
    (936, 3, 9.678, 193),
    (937, 4, 15.190, 193),
    (938, 5, 11.991, 193),
    (939, 1, 15.685, 194),
    (940, 2, 14.673, 194),
    (941, 3, 10.733, 194),
    (942, 4, 16.232, 194),
    (943, 5, 11.127, 194),
    (944, 1, 10.549, 195),
    (945, 2, 13.660, 195),
    (946, 3, 10.510, 195),
    (947, 4, 14.130, 195),
    (948, 5, 14.243, 195),
    (949, 1, 11.327, 196),
    (950, 2, 15.477, 196),
    (951, 3, 13.915, 196),
    (952, 4, 16.993, 196),
    (953, 5, 13.857, 196),
    (954, 1, 16.792, 197),
    (955, 1, 16.332, 198),
    (956, 2, 12.191, 198),
    (957, 3, 10.310, 198),
    (958, 4, 10.764, 198),
    (959, 5, 8.671, 198),
    (960, 1, 14.881, 199),
    (961, 2, 12.653, 199),
    (962, 3, 9.830, 199),
    (963, 4, 9.701, 199),
    (964, 5, 14.693, 199),
    (965, 1, 15.132, 200),
    (966, 2, 13.680, 200),
    (967, 3, 14.675, 200),
    (968, 4, 9.389, 200),
    (969, 5, 10.133, 200),
    (970, 1, 14.586, 201),
    (971, 2, 13.263, 201),
    (972, 3, 13.661, 201),
    (973, 4, 13.413, 201),
    (974, 5, 16.479, 201),
    (975, 1, 13.346, 202),
    (976, 2, 16.405, 202),
    (977, 3, 14.576, 202),
    (978, 4, 9.291, 202),
    (979, 5, 15.350, 202),
    (980, 1, 15.427, 203),
    (981, 2, 12.661, 203),
    (982, 3, 11.175, 203),
    (983, 4, 9.618, 203),
    (984, 5, 11.123, 203),
    (985, 1, 9.955, 204),
    (986, 2, 15.847, 204),
    (987, 3, 14.607, 204),
    (988, 4, 14.146, 204),
    (989, 5, 9.263, 204),
    (990, 1, 8.245, 205),
    (991, 2, 10.123, 205),
    (992, 3, 8.797, 205),
    (993, 4, 9.559, 205),
    (994, 5, 14.329, 205),
    (995, 1, 8.127, 206),
    (996, 2, 8.252, 206),
    (997, 3, 8.622, 206),
    (998, 4, 11.417, 206),
    (999, 5, 15.159, 206),
    (1000, 1, 16.124, 207),
    (1001, 2, 11.495, 207),
    (1002, 3, 10.227, 207),
    (1003, 4, 11.676, 207),
    (1004, 5, 11.673, 207),
    (1005, 1, 15.592, 208),
    (1006, 2, 16.301, 208),
    (1007, 3, 16.966, 208),
    (1008, 4, 8.101, 208),
    (1009, 5, 13.345, 208),
    (1010, 1, 13.341, 210),
    (1011, 2, 10.327, 210),
    (1012, 3, 9.411, 210),
    (1013, 4, 8.802, 210),
    (1014, 5, 13.765, 210),
    (1015, 1, 13.881, 211),
    (1016, 2, 13.238, 211),
    (1017, 3, 11.686, 211),
    (1018, 4, 14.692, 211),
    (1019, 5, 10.726, 211),
    (1020, 1, 12.647, 212),
    (1021, 2, 10.563, 212),
    (1022, 3, 14.784, 212),
    (1023, 4, 8.564, 212),
    (1024, 5, 13.347, 212),
    (1025, 1, 14.961, 213),
    (1026, 2, 14.413, 213),
    (1027, 3, 10.972, 213),
    (1028, 4, 12.218, 213),
    (1029, 5, 8.476, 213),
    (1030, 1, 8.769, 214),
    (1031, 2, 15.457, 214),
    (1032, 3, 11.819, 214),
    (1033, 4, 16.537, 214),
    (1034, 5, 11.544, 214);
