INSERT INTO country
    (id, code)
VALUES
    (1, 'AFG'),
    (2, 'ARG'),
    (3, 'ARM'),
    (4, 'AUS'),
    (5, 'AUT'),
    (6, 'BEL'),
    (7, 'BUL'),
    (8, 'CAN'),
    (9, 'CHI'),
    (10, 'CHN'),
    (11, 'COL'),
    (12, 'CRO'),
    (13, 'CZE'),
    (14, 'ESP'),
    (15, 'FIN'),
    (16, 'FRA'),
    (17, 'GBR'),
    (18, 'GER'),
    (19, 'GRE'),
    (20, 'HUN'),
    (21, 'IND'),
    (22, 'IRI'),
    (23, 'IRL'),
    (24, 'ITA'),
    (25, 'JPN'),
    (26, 'KOR'),
    (27, 'LAT'),
    (28, 'LBN'),
    (29, 'MKD'),
    (30, 'MNE'),
    (31, 'NED'),
    (32, 'NOR'),
    (33, 'PAK'),
    (34, 'POL'),
    (35, 'RUS'),
    (36, 'SRB'),
    (37, 'SUI'),
    (38, 'SVK'),
    (39, 'SWE'),
    (40, 'UKR'),
    (41, 'USA'),
    (42, 'UZB');

INSERT INTO location
    (id, name, country_id)
VALUES
    (1, 'Adelboden', 37),
    (2, 'Alta Badia', 24),
    (3, 'Bansko', 7),
    (4, 'Beaver Creek', 41),
    (5, 'Bormio', 24),
    (6, 'Chamonix', 16),
    (7, 'Cortina d''Ampezzo', 24),
    (8, 'Courchevel', 16),
    (9, 'Crans-Montana', 37),
    (10, 'Flachau', 5),
    (11, 'Garmisch-Partenkirchen', 18),
    (12, 'Hinterstoder', 5),
    (13, 'Killington', 41),
    (14, 'Kitzbühel', 5),
    (15, 'La Thuile', 24),
    (16, 'Lake Louise', 8),
    (17, 'Levi', 15),
    (18, 'Lienz', 5),
    (19, 'Madonna di Campiglio', 24),
    (20, 'Ofterschwang', 18),
    (21, 'Rosa Khutor', 35),
    (22, 'Schladming', 5),
    (23, 'St. Moritz', 37),
    (24, 'Sölden', 5),
    (25, 'Val d''Isère', 16),
    (26, 'Val Gardena/Groeden', 24),
    (27, 'Wengen', 37),
    (28, 'Yanqing', 10),
    (29, 'Yuzawa Naeba', 25),
    (30, 'Zauchensee', 5);

INSERT INTO race
    (id, date, description, name, number_of_sensors, website, gender, location_id, race_type)
VALUES
    (1, '2019-01-26', 'Yearly slalom competition', 'Kitzbühel Slalom', 5, 'hahnenkamm.com', 'Male', 14, 'Slalom'),
    (2, '2019-01-29', 'Schladming slalom at night', 'Schladming Slalom', 5, 'thenightrace.at', 'Female', 22, 'Slalom'),
    (3, '2019-01-20', 'Winter sports in Wengen', 'Wengen Giant Slalom', 5, NULL, 'Male', 27, 'Super Slalom'),
    (4, '2019-01-12', 'January'' giant slalom', 'Adelboden Giant Slalom', 5, 'weltcup-adelboden.ch', 'Male', 1, 'Super Slalom'),
    (5, '2019-01-13', 'World cup slalom competition', 'Adelboden Slalom', 5, 'weltcup-adelboden.ch', 'Male', 1, 'Slalom'),
    (6, '2019-01-06', 'Newyear''s slalom race', 'La Thuile', 5, 'snowqueentrophy.com', 'Male', 15, 'Slalom'),
    (7, '2019-01-08', 'Female skiing competition', 'Flachau Slalom', 5, 'skiweltcup-flachau.at', 'Female', 10, 'Slalom'),
    (8, '2018-12-21', 'Giant slalom female race', 'Courchevel Giant Slalom', 5, 'sportcourchevel.com', 'Female', 8, 'Super Slalom'),
    (9, '2018-12-22', NULL, 'Courchevel Slalom', 5, 'sportcourchevel.com', 'Male', 8, 'Slalom'),
    (10, '2019-03-05', 'End season''s slalom competition', 'Lake Louise', 5, 'sportcourchevel.com', 'Male', 16, 'Slalom');

INSERT INTO skier
    (id, archived, birthdate, first_name, last_name, gender, picture_url, country_id)
VALUES
    (1, 0, '1998-04-18', 'Ema', 'Martinez', 'Female', NULL, 41),
    (2, 0, '1988-06-01', 'Donghyun', 'Jung', 'Male', NULL, 26),
    (3, 0, '2000-01-03', 'Jean', 'Kayrouz', 'Male', NULL, 28),
    (4, 0, '1999-03-11', 'Theodore', 'Coates', 'Male', NULL, 4),
    (5, 0, '1999-06-25', 'Lucien', 'Bryan', 'Male', NULL, 41),
    (6, 0, '1998-02-10', 'Carlo', 'Dorn', 'Male', NULL, 18),
    (7, 0, '2002-09-04', 'Bobby', 'Stevenish', 'Male', NULL, 41),
    (8, 0, '2002-08-03', 'Sergey', 'Koprikov', 'Male', NULL, 35),
    (9, 0, '1999-10-24', 'Mihajlo', 'Djordjevic', 'Male', NULL, 36),
    (10, 0, '1995-02-12', 'Yuriy', 'Drugov', 'Male', NULL, 35),
    (11, 0, '2001-12-31', 'Gaia', 'Gianassi', 'Female', NULL, 24),
    (12, 0, '1982-07-01', 'Yo', 'Sugaya', 'Male', NULL, 25),
    (13, 0, '2002-11-27', 'Olga', 'Nowotny', 'Female', NULL, 34),
    (14, 0, '1991-12-11', 'Ryo', 'Sugai', 'Male', NULL, 25),
    (15, 0, '1999-07-06', 'Arthur', 'Mugnier', 'Male', NULL, 16),
    (16, 0, '1969-09-23', 'Luca', 'Bongioanni', 'Male', NULL, 24),
    (17, 0, '1999-06-08', 'Serge', 'Salameh', 'Male', NULL, 28),
    (18, 0, '2000-12-24', 'Yuka', 'Miyajima', 'Female', NULL, 25),
    (19, 0, '2002-12-19', 'Alina', 'Ivleva', 'Female', NULL, 35),
    (20, 0, '2001-04-08', 'Matteo', 'Orsieres', 'Male', NULL, 24),
    (21, 0, '2001-10-01', 'Tina', 'Schaedle', 'Female', NULL, 5),
    (22, 0, '2002-12-26', 'Rinka', 'Shimizu', 'Female', NULL, 25),
    (23, 0, '2001-11-15', 'Elin', 'Baeccman', 'Female', NULL, 39),
    (24, 0, '1998-06-14', 'Davis', 'Zvejnieks', 'Male', NULL, 27),
    (25, 0, '2000-03-10', 'Bradshaw', 'Underhill', 'Male', NULL, 41),
    (26, 0, '2001-01-24', 'Jelena', 'Vujicic', 'Female', NULL, 30),
    (27, 0, '2001-07-06', 'Maria', 'Astorgano', 'Female', NULL, 14),
    (28, 0, '2000-01-13', 'Philipp', 'Weissensteiner', 'Male', NULL, 24),
    (29, 0, '2000-07-19', 'Simon', 'Pavlas', 'Male', NULL, 13),
    (30, 0, '2000-02-04', 'Luca', 'Gstrein', 'Male', NULL, 5),
    (31, 0, '2002-03-31', 'Kotaro', 'Omiya', 'Male', NULL, 25),
    (32, 0, '2001-10-08', 'Ignacio', 'Burgos', 'Male', NULL, 14),
    (33, 0, '1998-02-19', 'Carina', 'Bracy', 'Female', NULL, 41),
    (34, 0, '2000-02-17', 'Aleksandra', 'Karachun', 'Female', NULL, 35),
    (35, 0, '2000-05-12', 'Victoria', 'Berne', 'Female', NULL, 16),
    (36, 0, '1999-08-28', 'Sara', 'Lindstroem', 'Female', NULL, 39),
    (37, 0, '1994-04-29', 'Xiang', 'Fang', 'Male', NULL, 10),
    (38, 0, '1996-10-25', 'Ayumu', 'Onishi', 'Male', NULL, 25),
    (39, 0, '1999-07-22', 'Takanori', 'Saito', 'Male', NULL, 25),
    (40, 0, '2000-05-19', 'Mira', 'Raggl', 'Female', NULL, 5),
    (41, 0, '1999-07-28', 'Jeremy', 'Dubois', 'Male', NULL, 16),
    (42, 0, '2002-04-19', 'Adela', 'Kestlova', 'Female', NULL, 13),
    (43, 0, '2001-08-01', 'Fazal', 'Wadood', 'Male', NULL, 33),
    (44, 0, '2001-02-15', 'Sarah', 'Coombs', 'Female', NULL, 41),
    (45, 0, '1991-09-22', 'Guillaume', 'Rambaud', 'Male', NULL, 16),
    (46, 0, '2002-08-21', 'Dominick', 'Epifanio', 'Male', NULL, 41),
    (47, 0, '2002-05-11', 'Zoe', 'Priest', 'Female', NULL, 8),
    (48, 0, '1995-06-29', 'Nikolaos', 'Vasileiou', 'Male', NULL, 19),
    (49, 0, '2002-04-26', 'Nanna', 'Tuhkanen', 'Female', NULL, 15),
    (50, 0, '2000-05-31', 'Holden', 'Parazette', 'Male', NULL, 41),
    (51, 0, '2001-05-08', 'Peter', 'Krol', 'Male', NULL, 31),
    (52, 0, '1999-02-27', 'Bastien', 'Fracheboud', 'Male', NULL, 37),
    (53, 0, '1983-05-12', 'Cynthia', 'Denzler', 'Female', NULL, 11),
    (54, 0, '2000-08-19', 'Enrico', 'Pletti', 'Male', NULL, 24),
    (55, 0, '1995-10-03', 'Paul', 'Perrier', 'Male', NULL, 16),
    (56, 0, '1994-07-18', 'Christine', 'Scheyer', 'Female', NULL, 5),
    (57, 0, '2002-03-12', 'Tiziano', 'Gravier', 'Male', NULL, 2),
    (58, 0, '1988-05-14', 'Kazufumi', 'Takizawa', 'Male', NULL, 25),
    (59, 0, '2001-09-13', 'Selina', 'Egloff', 'Female', NULL, 37),
    (60, 0, '1997-04-02', 'Amanda', 'Stenberg', 'Female', NULL, 39),
    (61, 0, '2000-02-10', 'Eemeli', 'Maklin', 'Male', NULL, 15),
    (62, 0, '2000-08-28', 'Paul', 'Jaquet', 'Male', NULL, 37),
    (63, 0, '1999-02-06', 'Paul', 'Menard', 'Male', NULL, 41),
    (64, 0, '2002-01-09', 'Claire', 'Macdonell', 'Female', NULL, 8),
    (65, 0, '2001-06-23', 'Michele', 'Renzi', 'Male', NULL, 24),
    (66, 0, '2002-04-13', 'Lauren', 'Brackett', 'Female', NULL, 8),
    (67, 0, '2001-12-26', 'William', 'Pignon', 'Male', NULL, 16),
    (68, 0, '1990-03-12', 'Jakob', 'Eriksson', 'Male', NULL, 39),
    (69, 0, '2001-08-28', 'Sue', 'Fuchs', 'Female', NULL, 37),
    (70, 0, '1999-02-23', 'Emil', 'Persson', 'Male', NULL, 39),
    (71, 0, '2002-04-29', 'Andrew', 'Waldman', 'Male', NULL, 41),
    (72, 0, '2001-01-25', 'Federico', 'Toscano', 'Male', NULL, 37),
    (73, 0, '2000-05-15', 'Eliot', 'Grandjean', 'Male', NULL, 6),
    (74, 0, '2001-08-28', 'Anna', 'Pertile', 'Female', NULL, 24),
    (75, 0, '2002-04-19', 'Francesco', 'Sanmartino', 'Male', NULL, 24),
    (76, 0, '2001-06-28', 'Illia', 'Kirbatov', 'Male', NULL, 40),
    (77, 0, '1990-03-08', 'Kohei', 'Ohashi', 'Male', NULL, 25),
    (78, 0, '2001-06-16', 'Hoshimi', 'Kotake', 'Female', NULL, 25),
    (79, 0, '2002-01-21', 'Miina', 'Sakuma', 'Female', NULL, 25),
    (80, 0, '2000-09-01', 'Yu', 'Bai', 'Male', NULL, 10),
    (81, 0, '2001-06-07', 'Jonas', 'Barsch', 'Male', NULL, 39),
    (82, 0, '2001-05-07', 'Michael', 'Dandy', 'Male', NULL, 8),
    (83, 0, '1993-05-12', 'Nicholas', 'Krause', 'Male', NULL, 41),
    (84, 0, '1999-06-27', 'Christian', 'Arnold', 'Male', NULL, 37),
    (85, 0, '2001-07-07', 'Lukas', 'Hromec', 'Male', NULL, 38),
    (86, 0, '2002-10-12', 'Annika', 'Howell', 'Female', NULL, 41),
    (87, 0, '1997-10-04', 'Virginia', 'Sosio', 'Female', NULL, 24),
    (88, 0, '2001-10-25', 'Angeliki', 'Maniati', 'Female', NULL, 19),
    (89, 0, '2002-04-23', 'Georgi', 'Konyarski', 'Male', NULL, 7),
    (90, 0, '1997-12-20', 'Thomas', 'Cote', 'Male', NULL, 8),
    (91, 0, '2000-09-20', 'Giovanni', 'Chiolini', 'Male', NULL, 24),
    (92, 0, '1993-07-06', 'Lukas', 'Kaefer', 'Male', NULL, 5),
    (93, 0, '2002-05-20', 'Lorenzo', 'Sandri', 'Male', NULL, 24),
    (94, 0, '1997-04-30', 'Katja', 'Grossmann', 'Female', NULL, 37),
    (95, 0, '2000-08-10', 'Catherine', 'Krupka', 'Female', NULL, 41),
    (96, 0, '1992-06-14', 'Michaela', 'Wenig', 'Female', NULL, 18),
    (97, 0, '1988-12-14', 'Roberto', 'Nani', 'Male', NULL, 24),
    (98, 0, '1998-04-30', 'Zaks', 'Gedra', 'Male', NULL, 27),
    (99, 0, '1998-02-05', 'Claire', 'Tan', 'Female', NULL, 31),
    (100, 0, '1991-05-17', 'Hitomi', 'Sado', 'Female', NULL, 25),
    (101, 0, '1994-10-31', 'Charlotte', 'Chable', 'Female', NULL, 37),
    (102, 0, '1999-06-23', 'Anna', 'Trenary', 'Female', NULL, 41),
    (103, 0, '2000-07-30', 'Arman', 'Gayupov', 'Male', NULL, 42),
    (104, 0, '1996-12-06', 'Jonas', 'Landshom', 'Male', NULL, 32),
    (105, 0, '2001-05-23', 'Paolo', 'Palmegiano', 'Male', NULL, 24),
    (106, 0, '2001-11-05', 'Milena', 'Goffredi', 'Female', NULL, 24),
    (107, 0, '2002-11-03', 'Leo', 'Oesterberg', 'Male', NULL, 39),
    (108, 0, '2002-01-25', 'Ryota', 'Yuji', 'Male', NULL, 25),
    (109, 0, '2002-12-26', 'Ryan', 'Becker', 'Male', NULL, 41),
    (110, 0, '2002-12-04', 'Isabel', 'Guerenu', 'Female', NULL, 14),
    (111, 0, '1993-06-21', 'Mladen', 'Minic', 'Male', NULL, 30),
    (112, 0, '2002-01-24', 'Leonardo', 'Occoffer', 'Male', NULL, 24),
    (113, 0, '2002-05-25', 'Noemie', 'Laurier', 'Female', NULL, 8),
    (114, 0, '2001-03-01', 'Moa', 'Lundquist', 'Female', NULL, 39),
    (115, 0, '1997-06-15', 'Carter', 'Armstrong', 'Male', NULL, 8),
    (116, 0, '1998-04-13', 'Galina', 'Vorozheiko', 'Female', NULL, 35),
    (117, 0, '2002-07-03', 'Marian', 'Danos', 'Male', NULL, 13),
    (118, 0, '1999-05-21', 'Neena', 'Sore', 'Female', NULL, 15),
    (119, 0, '1997-06-23', 'Gabriel', 'Aregger', 'Male', NULL, 37),
    (120, 0, '2001-11-01', 'Rinka', 'Kanai', 'Female', NULL, 25),
    (121, 0, '2000-11-17', 'Olivia', 'Weymouth', 'Female', NULL, 41),
    (122, 0, '1997-04-23', 'Monika', 'Maroty', 'Female', NULL, 20),
    (123, 0, '1998-03-20', 'Elle', 'Kempenaers', 'Female', NULL, 6),
    (124, 0, '2002-03-31', 'Filip', 'Dvorak', 'Male', NULL, 13),
    (125, 0, '2002-12-19', 'Genya', 'Miyazawa', 'Male', NULL, 25),
    (126, 0, '2002-05-10', 'Laura', 'Graziani', 'Female', NULL, 24),
    (127, 0, '2002-07-14', 'Mara', 'Platter', 'Female', NULL, 24),
    (128, 0, '1990-02-25', 'Hyeontae', 'Kim', 'Male', NULL, 26),
    (129, 0, '1999-01-27', 'Misato', 'Koba', 'Female', NULL, 25),
    (130, 0, '1996-04-06', 'Jakub', 'Pospisil', 'Male', NULL, 13),
    (131, 0, '1960-03-11', 'Stefano', 'Rampazzo', 'Male', NULL, 24),
    (132, 0, '1995-06-26', 'Takuya', 'Kusakabe', 'Male', NULL, 25),
    (133, 0, '2001-06-25', 'Ginevra', 'Ostini', 'Female', NULL, 37),
    (134, 0, '2001-12-17', 'Owen', 'Vinter', 'Male', NULL, 17),
    (135, 0, '2000-04-13', 'Ignace', 'Keirouz', 'Male', NULL, 28),
    (136, 0, '1997-05-21', 'Amelia', 'Adams', 'Female', NULL, 41),
    (137, 0, '1999-06-17', 'Eldar', 'Salihovic', 'Male', NULL, 30),
    (138, 0, '2002-09-17', 'Adam', 'Coito', 'Male', NULL, 8),
    (139, 0, '1996-04-28', 'Yukihiro', 'Takikawa', 'Male', NULL, 25),
    (140, 0, '2002-12-04', 'Sini', 'Heikkala', 'Female', NULL, 15),
    (141, 0, '1997-03-19', 'Martin', 'Bergman', 'Male', NULL, 39),
    (142, 0, '1998-09-07', 'Luka', 'Bozhinovski', 'Male', NULL, 29),
    (143, 0, '1998-03-04', 'Shuntaro', 'Nakazawa', 'Male', NULL, 25),
    (144, 0, '1986-01-23', 'Sandro', 'Viletta', 'Male', NULL, 37),
    (145, 0, '1997-03-28', 'Deborah', 'Gerber', 'Female', NULL, 37),
    (146, 0, '2001-02-13', 'Finn', 'Rice', 'Male', NULL, 23),
    (147, 0, '2001-10-14', 'Alberto', 'Guerrini', 'Male', NULL, 24),
    (148, 0, '2001-04-04', 'Edoardo', 'Galeasso', 'Male', NULL, 24),
    (149, 0, '2001-04-14', 'Drew', 'Wingard', 'Male', NULL, 41),
    (150, 0, '2001-07-04', 'Eirik', 'Gjeraldstveit', 'Male', NULL, 32),
    (151, 0, '2001-09-26', 'Cosmo', 'Osmond', 'Male', NULL, 17),
    (152, 0, '2000-04-30', 'Lorenzo', 'Bellet', 'Male', NULL, 24),
    (153, 0, '2001-11-16', 'Carla', 'Torresi', 'Female', NULL, 2),
    (154, 0, '1998-03-16', 'Ryo', 'Oshikiri', 'Male', NULL, 25),
    (155, 0, '2001-05-07', 'Alessandro', 'Peaquin', 'Male', NULL, 24),
    (156, 0, '2002-06-24', 'Yuki', 'Taka', 'Male', NULL, 25),
    (157, 0, '1996-04-14', 'Frederik', 'Norys', 'Male', NULL, 18),
    (158, 0, '1999-06-08', 'Yuta', 'Uchikawa', 'Male', NULL, 25),
    (159, 0, '2001-07-03', 'Silvia', 'Lastei', 'Female', NULL, 24),
    (160, 0, '1999-03-12', 'Juliusz', 'Mitan', 'Male', NULL, 34),
    (161, 0, '2001-02-21', 'Anna', 'Oberdanner', 'Female', NULL, 5),
    (162, 0, '2002-08-02', 'Samantha', 'Trudeau', 'Female', NULL, 41),
    (163, 0, '1986-10-05', 'Jad', 'Makhoul', 'Male', NULL, 28),
    (164, 0, '2000-02-10', 'Filippo', 'Collini', 'Male', NULL, 24),
    (165, 0, '2002-10-15', 'Oskar', 'Gillberg', 'Male', NULL, 39),
    (166, 0, '2000-03-17', 'Karolina', 'Vlckova', 'Female', NULL, 13),
    (167, 0, '2000-03-22', 'Nicolo', 'Valentini', 'Male', NULL, 24),
    (168, 0, '1997-01-18', 'Cristina', 'Pachi', 'Female', NULL, 19),
    (169, 0, '2002-08-14', 'David', 'Hrbac', 'Male', NULL, 13),
    (170, 0, '1997-01-15', 'Marco', 'Fischbacher', 'Male', NULL, 37),
    (171, 0, '2002-03-29', 'Alice', 'Carneli', 'Female', NULL, 24),
    (172, 0, '1999-12-22', 'Niclas', 'Carlson', 'Male', NULL, 41),
    (173, 0, '2001-01-24', 'Severin', 'Imseng', 'Male', NULL, 37),
    (174, 0, '1969-12-21', 'Kouichi', 'Murakami', 'Male', NULL, 25),
    (175, 0, '2001-12-14', 'Eduard', 'Tashov', 'Male', NULL, 35),
    (176, 0, '2002-03-07', 'Pavel', 'Ustiuzhanin', 'Male', NULL, 35),
    (177, 0, '2002-09-11', 'Guilhem', 'Castillon', 'Male', NULL, 16),
    (178, 0, '2000-04-02', 'Grace', 'Klapatiuk', 'Female', NULL, 8),
    (179, 0, '1995-01-01', 'Michal', 'Staszowski', 'Male', NULL, 13),
    (180, 0, '2002-08-08', 'Sayo', 'Yamashita', 'Female', NULL, 25),
    (181, 0, '2001-10-22', 'Maja', 'Fucak', 'Female', NULL, 12),
    (182, 0, '2001-10-14', 'Marvin', 'Avesani', 'Male', NULL, 24),
    (183, 0, '1991-06-27', 'Nicolas', 'Raffort', 'Male', NULL, 16),
    (184, 0, '2002-02-07', 'Alexandra', 'Diessinger', 'Female', NULL, 18),
    (185, 0, '2000-10-03', 'Kyosuke', 'Yamamoto', 'Male', NULL, 25),
    (186, 0, '2001-03-28', 'Bella', 'Gigone', 'Female', NULL, 8),
    (187, 0, '2001-01-29', 'Maren', 'Fodnaess', 'Female', NULL, 32),
    (188, 0, '2002-09-05', 'Justin', 'Laricheliere', 'Male', NULL, 8),
    (189, 0, '2002-11-24', 'Yudai', 'Katsumasa', 'Male', NULL, 25),
    (190, 0, '2002-02-01', 'Annelise', 'Norkitis', 'Female', NULL, 41),
    (191, 0, '2002-02-20', 'Bastien', 'Hirschi', 'Male', NULL, 37),
    (192, 0, '1998-12-15', 'Veronika', 'Kivelevich', 'Female', NULL, 35),
    (193, 0, '1999-02-19', 'Sumitaka', 'Hagiuda', 'Male', NULL, 25),
    (194, 0, '2001-03-14', 'Sequoia', 'Anstine', 'Female', NULL, 41),
    (195, 0, '1995-01-13', 'Varsha', 'Devi', 'Female', NULL, 21),
    (196, 0, '1996-12-29', 'Luca', 'Decostanzi', 'Male', NULL, 24),
    (197, 0, '2002-10-30', 'Antonio', 'Scarpitti', 'Male', NULL, 24),
    (198, 0, '2002-03-05', 'Martin', 'Mcdonough', 'Male', NULL, 41),
    (199, 0, '2001-05-10', 'Rio', 'Miyazawa', 'Female', NULL, 25),
    (200, 0, '1995-05-29', 'Ramona', 'Boettinger', 'Female', NULL, 18),
    (201, 0, '1996-07-23', 'Alexandre', 'Trudeau', 'Male', NULL, 8),
    (202, 0, '2001-04-06', 'Lili', 'Flachbart', 'Female', NULL, 41),
    (203, 0, '2002-06-30', 'Tiago', 'Janet', 'Male', NULL, 37),
    (204, 0, '2002-12-31', 'Josefine', 'Enqvist', 'Female', NULL, 39),
    (205, 0, '1989-01-30', 'Thomas', 'Biesemeyer', 'Male', NULL, 41),
    (206, 0, '2002-09-09', 'Oscar', 'Holmqvist', 'Male', NULL, 39),
    (207, 0, '2001-12-27', 'Una', 'Grauda', 'Female', NULL, 27),
    (208, 0, '2001-03-02', 'Daria', 'Zaviruha', 'Female', NULL, 35),
    (209, 0, '1998-06-30', 'Minori', 'Tamura', 'Female', NULL, 25),
    (210, 0, '1997-11-11', 'Arashi', 'Nagata', 'Male', NULL, 25),
    (211, 0, '1995-01-01', 'Martin', 'Kucera', 'Male', NULL, 13),
    (212, 0, '1965-02-14', 'Yoichi', 'Amakasu', 'Male', NULL, 25),
    (213, 0, '2002-10-15', 'Robin', 'Gross', 'Male', NULL, 16),
    (214, 0, '1985-08-03', 'Yuheng', 'Tian', 'Male', NULL, 10),
    (215, 0, '2000-02-09', 'Sam', 'Conzelman', 'Female', NULL, 41),
    (216, 0, '1999-05-09', 'Ashot', 'Karapetyan', 'Male', NULL, 3),
    (217, 0, '2002-12-25', 'Esperanza', 'Vergara', 'Female', NULL, 9),
    (218, 0, '1997-03-30', 'Rami', 'Chaaya', 'Male', NULL, 28),
    (219, 0, '1997-04-14', 'Eric', 'Johnson', 'Male', NULL, 41),
    (220, 0, '1998-06-26', 'Alejandro', 'Triay', 'Male', NULL, 14),
    (221, 0, '1998-06-29', 'Benjamin', 'Meyers', 'Male', NULL, 41),
    (222, 0, '1997-04-15', 'Paul', 'Rechberger', 'Male', NULL, 5),
    (223, 0, '1999-05-02', 'Ramon', 'Barrufet', 'Male', NULL, 14),
    (224, 0, '2001-10-07', 'Lois', 'Abouly', 'Female', NULL, 16),
    (225, 0, '1999-05-05', 'Jake', 'Abbott', 'Male', NULL, 41),
    (226, 0, '1994-10-13', 'Cyprien', 'Sarrazin', 'Male', NULL, 16),
    (227, 0, '1997-11-17', 'Pietro', 'Tomei', 'Male', NULL, 24),
    (228, 0, '2000-11-01', 'Thomas', 'Borash', 'Male', NULL, 41),
    (229, 0, '1981-01-03', 'Cristian', 'Deville', 'Male', NULL, 24),
    (230, 0, '1980-11-26', 'Hira', 'Lal', 'Male', NULL, 21),
    (231, 0, '2002-11-13', 'Peder', 'Skogstad', 'Male', NULL, 32),
    (232, 0, '2000-05-08', 'Matteo', 'Tognetti', 'Male', NULL, 24),
    (233, 0, '1995-04-08', 'Louise', 'Wedin', 'Female', NULL, 39),
    (234, 0, '2001-06-23', 'Elena', 'Zipp', 'Female', NULL, 41),
    (235, 0, '1998-08-13', 'Masooma', 'Hassani', 'Female', NULL, 1),
    (236, 0, '1979-09-05', 'Julien', 'Lizeroux', 'Male', NULL, 16),
    (237, 0, '1993-07-13', 'Petra', 'Houserova', 'Female', NULL, 13),
    (238, 0, '1992-07-21', 'Niloofar', 'Khorrami', 'Female', NULL, 22),
    (239, 0, '1998-12-28', 'Yui', 'Yamaguchi', 'Female', NULL, 25),
    (240, 0, '2002-06-30', 'Lora', 'Broz', 'Female', NULL, 12),
    (241, 0, '2002-07-28', 'Jacopo', 'Biz', 'Male', NULL, 24),
    (242, 0, '1997-09-28', 'Matej', 'Prielozny', 'Male', NULL, 38),
    (243, 0, '2002-03-25', 'Fedor', 'Chernyshev', 'Male', NULL, 35),
    (244, 0, '2002-06-27', 'Bradley', 'Bonner', 'Male', NULL, 8),
    (245, 0, '1996-05-12', 'Emer', 'Pisarnik', 'Female', NULL, 23),
    (246, 0, '2000-07-14', 'Mikael', 'Larsson', 'Male', NULL, 39),
    (247, 0, '2002-05-18', 'Emil', 'Taernsby', 'Male', NULL, 39),
    (248, 0, '2001-11-14', 'Mia', 'Saglia', 'Female', NULL, 16),
    (249, 0, '1990-06-21', 'Paraskevi', 'Mavridou', 'Female', NULL, 19),
    (250, 0, '2002-03-23', 'Claudia', 'Lopez', 'Female', NULL, 14);

INSERT INTO skier_run
    (skier_id, race_id, run_number)
VALUES
    (85, 1, 1),
    (97, 1, 1),
    (43, 1, 1),
    (12, 1, 1),
    (193, 1, 1),
    (72, 1, 1),
    (206, 1, 1),
    (149, 1, 1),
    (172, 1, 1),
    (211, 1, 1),
    (30, 1, 1),
    (150, 1, 1),
    (156, 1, 1),
    (220, 1, 1),
    (148, 1, 1),
    (54, 1, 1),
    (83, 1, 1),
    (50, 1, 1),
    (175, 1, 1),
    (247, 1, 1),
    (98, 1, 1),
    (61, 1, 1),
    (57, 1, 1),
    (155, 1, 1),
    (124, 1, 1),
    (191, 1, 1),
    (203, 1, 1),
    (232, 1, 1),
    (5, 1, 1),
    (221, 1, 1),
    (152, 1, 1),
    (246, 1, 1),
    (28, 1, 1),
    (82, 1, 1),
    (52, 1, 1),
    (201, 1, 1),
    (227, 1, 1),
    (9, 1, 1),
    (71, 1, 1),
    (196, 1, 1),
    (231, 1, 1),
    (213, 1, 1),
    (75, 1, 1),
    (223, 1, 1),
    (107, 1, 1),
    (6, 1, 1),
    (41, 1, 1),
    (37, 1, 1),
    (51, 1, 1),
    (84, 1, 1),
    (84, 1, 2),
    (51, 1, 2),
    (41, 1, 2),
    (6, 1, 2),
    (107, 1, 2),
    (223, 1, 2),
    (75, 1, 2),
    (213, 1, 2),
    (231, 1, 2),
    (196, 1, 2),
    (71, 1, 2),
    (9, 1, 2),
    (227, 1, 2),
    (201, 1, 2),
    (52, 1, 2),
    (82, 1, 2),
    (28, 1, 2),
    (246, 1, 2),
    (152, 1, 2),
    (221, 1, 2),
    (5, 1, 2),
    (232, 1, 2),
    (191, 1, 2),
    (124, 1, 2),
    (155, 1, 2),
    (57, 1, 2),
    (61, 1, 2),
    (98, 1, 2),
    (247, 1, 2),
    (175, 1, 2),
    (50, 1, 2),
    (54, 1, 2),
    (148, 1, 2),
    (220, 1, 2),
    (156, 1, 2),
    (150, 1, 2),
    (30, 1, 2),
    (211, 1, 2),
    (172, 1, 2),
    (149, 1, 2),
    (206, 1, 2),
    (193, 1, 2),
    (12, 1, 2),
    (43, 1, 2),
    (97, 1, 2),
    (85, 1, 2),
    (34, 2, 1),
    (49, 2, 1),
    (245, 2, 1),
    (181, 2, 1),
    (199, 2, 1),
    (133, 2, 1),
    (248, 2, 1),
    (21, 2, 1),
    (234, 2, 1),
    (87, 2, 1),
    (26, 2, 1),
    (187, 2, 1),
    (153, 2, 1),
    (42, 2, 1),
    (53, 2, 1),
    (145, 2, 1),
    (23, 2, 1),
    (88, 2, 1),
    (207, 2, 1),
    (208, 2, 1),
    (95, 2, 1),
    (126, 2, 1),
    (238, 2, 1),
    (86, 2, 1),
    (194, 2, 1),
    (60, 2, 1),
    (114, 2, 1),
    (217, 2, 1),
    (79, 2, 1),
    (116, 2, 1),
    (99, 2, 1),
    (195, 2, 1),
    (204, 2, 1),
    (13, 2, 1),
    (184, 2, 1),
    (118, 2, 1),
    (102, 2, 1),
    (129, 2, 1),
    (127, 2, 1),
    (123, 2, 1),
    (106, 2, 1),
    (166, 2, 1),
    (96, 2, 1),
    (96, 2, 2),
    (166, 2, 2),
    (106, 2, 2),
    (123, 2, 2),
    (127, 2, 2),
    (129, 2, 2),
    (102, 2, 2),
    (118, 2, 2),
    (184, 2, 2),
    (13, 2, 2),
    (204, 2, 2),
    (195, 2, 2),
    (99, 2, 2),
    (116, 2, 2),
    (79, 2, 2),
    (217, 2, 2),
    (114, 2, 2),
    (60, 2, 2),
    (194, 2, 2),
    (86, 2, 2),
    (126, 2, 2),
    (95, 2, 2),
    (208, 2, 2),
    (207, 2, 2),
    (88, 2, 2),
    (23, 2, 2),
    (145, 2, 2),
    (53, 2, 2),
    (42, 2, 2),
    (187, 2, 2),
    (26, 2, 2),
    (87, 2, 2),
    (234, 2, 2),
    (21, 2, 2),
    (248, 2, 2),
    (133, 2, 2),
    (199, 2, 2),
    (181, 2, 2),
    (245, 2, 2),
    (49, 2, 2),
    (34, 2, 2),
    (55, 3, 1),
    (77, 3, 1),
    (169, 3, 1),
    (146, 3, 1),
    (149, 3, 1),
    (139, 3, 1),
    (219, 3, 1),
    (164, 3, 1),
    (97, 3, 1),
    (37, 3, 1),
    (50, 3, 1),
    (154, 3, 1),
    (103, 3, 1),
    (90, 3, 1),
    (7, 3, 1),
    (105, 3, 1),
    (108, 3, 1),
    (189, 3, 1),
    (134, 3, 1),
    (38, 3, 1),
    (157, 3, 1),
    (163, 3, 1),
    (62, 3, 1),
    (52, 3, 1),
    (182, 3, 1),
    (175, 3, 1),
    (112, 3, 1),
    (137, 3, 1),
    (39, 3, 1),
    (221, 3, 1),
    (218, 3, 1),
    (70, 3, 1),
    (228, 3, 1),
    (179, 3, 1),
    (10, 3, 1),
    (67, 3, 1),
    (84, 3, 1),
    (131, 3, 1),
    (132, 3, 1),
    (6, 3, 1),
    (51, 3, 1),
    (24, 3, 1),
    (89, 3, 1),
    (223, 3, 1),
    (91, 3, 1),
    (3, 3, 1),
    (243, 3, 1),
    (2, 3, 1),
    (213, 3, 1),
    (150, 3, 1),
    (45, 3, 1),
    (98, 3, 1),
    (150, 3, 2),
    (213, 3, 2),
    (2, 3, 2),
    (3, 3, 2),
    (91, 3, 2),
    (223, 3, 2),
    (89, 3, 2),
    (24, 3, 2),
    (51, 3, 2),
    (6, 3, 2),
    (132, 3, 2),
    (131, 3, 2),
    (84, 3, 2),
    (67, 3, 2),
    (179, 3, 2),
    (228, 3, 2),
    (70, 3, 2),
    (218, 3, 2),
    (221, 3, 2),
    (39, 3, 2),
    (137, 3, 2),
    (112, 3, 2),
    (175, 3, 2),
    (182, 3, 2),
    (52, 3, 2),
    (62, 3, 2),
    (163, 3, 2),
    (157, 3, 2),
    (38, 3, 2),
    (134, 3, 2),
    (189, 3, 2),
    (108, 3, 2),
    (105, 3, 2),
    (7, 3, 2),
    (90, 3, 2),
    (103, 3, 2),
    (154, 3, 2),
    (37, 3, 2),
    (97, 3, 2),
    (164, 3, 2),
    (219, 3, 2),
    (139, 3, 2),
    (149, 3, 2),
    (146, 3, 2),
    (169, 3, 2),
    (77, 3, 2),
    (55, 3, 2),
    (231, 4, 1),
    (124, 4, 1),
    (210, 4, 1),
    (236, 4, 1),
    (67, 4, 1),
    (149, 4, 1),
    (25, 4, 1),
    (134, 4, 1),
    (55, 4, 1),
    (39, 4, 1),
    (29, 4, 1),
    (213, 4, 1),
    (90, 4, 1),
    (65, 4, 1),
    (5, 4, 1),
    (139, 4, 1),
    (174, 4, 1),
    (98, 4, 1),
    (176, 4, 1),
    (163, 4, 1),
    (107, 4, 1),
    (243, 4, 1),
    (179, 4, 1),
    (41, 4, 1),
    (206, 4, 1),
    (131, 4, 1),
    (223, 4, 1),
    (4, 4, 1),
    (14, 4, 1),
    (247, 4, 1),
    (112, 4, 1),
    (46, 4, 1),
    (3, 4, 1),
    (125, 4, 1),
    (148, 4, 1),
    (158, 4, 1),
    (147, 4, 1),
    (91, 4, 1),
    (105, 4, 1),
    (38, 4, 1),
    (246, 4, 1),
    (128, 4, 1),
    (146, 4, 1),
    (62, 4, 1),
    (31, 4, 1),
    (92, 4, 1),
    (165, 4, 1),
    (135, 4, 1),
    (45, 4, 1),
    (155, 4, 1),
    (155, 4, 2),
    (45, 4, 2),
    (165, 4, 2),
    (92, 4, 2),
    (62, 4, 2),
    (146, 4, 2),
    (128, 4, 2),
    (246, 4, 2),
    (38, 4, 2),
    (105, 4, 2),
    (91, 4, 2),
    (147, 4, 2),
    (158, 4, 2),
    (148, 4, 2),
    (125, 4, 2),
    (46, 4, 2),
    (112, 4, 2),
    (247, 4, 2),
    (14, 4, 2),
    (4, 4, 2),
    (223, 4, 2),
    (131, 4, 2),
    (206, 4, 2),
    (41, 4, 2),
    (179, 4, 2),
    (107, 4, 2),
    (163, 4, 2),
    (98, 4, 2),
    (174, 4, 2),
    (5, 4, 2),
    (65, 4, 2),
    (90, 4, 2),
    (213, 4, 2),
    (29, 4, 2),
    (55, 4, 2),
    (149, 4, 2),
    (236, 4, 2),
    (210, 4, 2),
    (124, 4, 2),
    (231, 4, 2),
    (143, 5, 1),
    (142, 5, 1),
    (105, 5, 1),
    (155, 5, 1),
    (191, 5, 1),
    (139, 5, 1),
    (213, 5, 1),
    (216, 5, 1),
    (92, 5, 1),
    (220, 5, 1),
    (41, 5, 1),
    (147, 5, 1),
    (7, 5, 1),
    (137, 5, 1),
    (196, 5, 1),
    (230, 5, 1),
    (91, 5, 1),
    (172, 5, 1),
    (54, 5, 1),
    (177, 5, 1),
    (242, 5, 1),
    (83, 5, 1),
    (219, 5, 1),
    (119, 5, 1),
    (175, 5, 1),
    (149, 5, 1),
    (212, 5, 1),
    (154, 5, 1),
    (24, 5, 1),
    (89, 5, 1),
    (174, 5, 1),
    (104, 5, 1),
    (70, 5, 1),
    (82, 5, 1),
    (25, 5, 1),
    (45, 5, 1),
    (73, 5, 1),
    (2, 5, 1),
    (189, 5, 1),
    (203, 5, 1),
    (68, 5, 1),
    (173, 5, 1),
    (144, 5, 1),
    (128, 5, 1),
    (12, 5, 1),
    (51, 5, 1),
    (131, 5, 1),
    (65, 5, 1),
    (182, 5, 1),
    (182, 5, 2),
    (65, 5, 2),
    (131, 5, 2),
    (51, 5, 2),
    (12, 5, 2),
    (128, 5, 2),
    (144, 5, 2),
    (173, 5, 2),
    (68, 5, 2),
    (203, 5, 2),
    (189, 5, 2),
    (2, 5, 2),
    (73, 5, 2),
    (45, 5, 2),
    (25, 5, 2),
    (82, 5, 2),
    (70, 5, 2),
    (104, 5, 2),
    (174, 5, 2),
    (89, 5, 2),
    (24, 5, 2),
    (154, 5, 2),
    (212, 5, 2),
    (175, 5, 2),
    (119, 5, 2),
    (219, 5, 2),
    (83, 5, 2),
    (242, 5, 2),
    (177, 5, 2),
    (54, 5, 2),
    (172, 5, 2),
    (91, 5, 2),
    (230, 5, 2),
    (137, 5, 2),
    (7, 5, 2),
    (147, 5, 2),
    (92, 5, 2),
    (213, 5, 2),
    (139, 5, 2),
    (191, 5, 2),
    (155, 5, 2),
    (105, 5, 2),
    (142, 5, 2),
    (143, 5, 2);

INSERT INTO start_list
    (id, skier_id, race_id, run_number, number)
VALUES
    (1, 85, 1, 1, 1),
    (2, 97, 1, 1, 2),
    (3, 43, 1, 1, 3),
    (4, 12, 1, 1, 4),
    (5, 193, 1, 1, 5),
    (6, 72, 1, 1, 6),
    (7, 206, 1, 1, 7),
    (8, 149, 1, 1, 8),
    (9, 172, 1, 1, 9),
    (10, 211, 1, 1, 10),
    (11, 30, 1, 1, 11),
    (12, 150, 1, 1, 12),
    (13, 156, 1, 1, 13),
    (14, 220, 1, 1, 14),
    (15, 148, 1, 1, 15),
    (16, 54, 1, 1, 16),
    (17, 83, 1, 1, 17),
    (18, 50, 1, 1, 18),
    (19, 175, 1, 1, 19),
    (20, 247, 1, 1, 20),
    (21, 98, 1, 1, 21),
    (22, 61, 1, 1, 22),
    (23, 57, 1, 1, 23),
    (24, 155, 1, 1, 24),
    (25, 124, 1, 1, 25),
    (26, 191, 1, 1, 26),
    (27, 203, 1, 1, 27),
    (28, 232, 1, 1, 28),
    (29, 5, 1, 1, 29),
    (30, 221, 1, 1, 30),
    (31, 152, 1, 1, 31),
    (32, 246, 1, 1, 32),
    (33, 28, 1, 1, 33),
    (34, 82, 1, 1, 34),
    (35, 52, 1, 1, 35),
    (36, 201, 1, 1, 36),
    (37, 227, 1, 1, 37),
    (38, 9, 1, 1, 38),
    (39, 71, 1, 1, 39),
    (40, 196, 1, 1, 40),
    (41, 231, 1, 1, 41),
    (42, 213, 1, 1, 42),
    (43, 75, 1, 1, 43),
    (44, 223, 1, 1, 44),
    (45, 107, 1, 1, 45),
    (46, 6, 1, 1, 46),
    (47, 41, 1, 1, 47),
    (48, 37, 1, 1, 48),
    (49, 51, 1, 1, 49),
    (50, 84, 1, 1, 50),
    (51, 84, 1, 2, 1),
    (52, 51, 1, 2, 2),
    (53, 41, 1, 2, 3),
    (54, 6, 1, 2, 4),
    (55, 107, 1, 2, 5),
    (56, 223, 1, 2, 6),
    (57, 75, 1, 2, 7),
    (58, 213, 1, 2, 8),
    (59, 231, 1, 2, 9),
    (60, 196, 1, 2, 10),
    (61, 71, 1, 2, 11),
    (62, 9, 1, 2, 12),
    (63, 227, 1, 2, 13),
    (64, 201, 1, 2, 14),
    (65, 52, 1, 2, 15),
    (66, 82, 1, 2, 16),
    (67, 28, 1, 2, 17),
    (68, 246, 1, 2, 18),
    (69, 152, 1, 2, 19),
    (70, 221, 1, 2, 20),
    (71, 5, 1, 2, 21),
    (72, 232, 1, 2, 22),
    (73, 191, 1, 2, 23),
    (74, 124, 1, 2, 24),
    (75, 155, 1, 2, 25),
    (76, 57, 1, 2, 26),
    (77, 61, 1, 2, 27),
    (78, 98, 1, 2, 28),
    (79, 247, 1, 2, 29),
    (80, 175, 1, 2, 30),
    (81, 50, 1, 2, 31),
    (82, 54, 1, 2, 32),
    (83, 148, 1, 2, 33),
    (84, 220, 1, 2, 34),
    (85, 156, 1, 2, 35),
    (86, 150, 1, 2, 36),
    (87, 30, 1, 2, 37),
    (88, 211, 1, 2, 38),
    (89, 172, 1, 2, 39),
    (90, 149, 1, 2, 40),
    (91, 206, 1, 2, 41),
    (92, 193, 1, 2, 42),
    (93, 12, 1, 2, 43),
    (94, 43, 1, 2, 44),
    (95, 97, 1, 2, 45),
    (96, 85, 1, 2, 46),
    (97, 34, 2, 1, 1),
    (98, 49, 2, 1, 2),
    (99, 245, 2, 1, 3),
    (100, 181, 2, 1, 4),
    (101, 199, 2, 1, 5),
    (102, 133, 2, 1, 6),
    (103, 248, 2, 1, 7),
    (104, 21, 2, 1, 8),
    (105, 234, 2, 1, 9),
    (106, 87, 2, 1, 10),
    (107, 26, 2, 1, 11),
    (108, 187, 2, 1, 12),
    (109, 153, 2, 1, 13),
    (110, 42, 2, 1, 14),
    (111, 53, 2, 1, 15),
    (112, 145, 2, 1, 16),
    (113, 23, 2, 1, 17),
    (114, 88, 2, 1, 18),
    (115, 207, 2, 1, 19),
    (116, 208, 2, 1, 20),
    (117, 95, 2, 1, 21),
    (118, 126, 2, 1, 22),
    (119, 238, 2, 1, 23),
    (120, 86, 2, 1, 24),
    (121, 194, 2, 1, 25),
    (122, 60, 2, 1, 26),
    (123, 114, 2, 1, 27),
    (124, 217, 2, 1, 28),
    (125, 79, 2, 1, 29),
    (126, 116, 2, 1, 30),
    (127, 99, 2, 1, 31),
    (128, 195, 2, 1, 32),
    (129, 204, 2, 1, 33),
    (130, 13, 2, 1, 34),
    (131, 184, 2, 1, 35),
    (132, 118, 2, 1, 36),
    (133, 102, 2, 1, 37),
    (134, 129, 2, 1, 38),
    (135, 127, 2, 1, 39),
    (136, 123, 2, 1, 40),
    (137, 106, 2, 1, 41),
    (138, 166, 2, 1, 42),
    (139, 96, 2, 1, 43),
    (140, 96, 2, 2, 1),
    (141, 166, 2, 2, 2),
    (142, 106, 2, 2, 3),
    (143, 123, 2, 2, 4),
    (144, 127, 2, 2, 5),
    (145, 129, 2, 2, 6),
    (146, 102, 2, 2, 7),
    (147, 118, 2, 2, 8),
    (148, 184, 2, 2, 9),
    (149, 13, 2, 2, 10),
    (150, 204, 2, 2, 11),
    (151, 195, 2, 2, 12),
    (152, 99, 2, 2, 13),
    (153, 116, 2, 2, 14),
    (154, 79, 2, 2, 15),
    (155, 217, 2, 2, 16),
    (156, 114, 2, 2, 17),
    (157, 60, 2, 2, 18),
    (158, 194, 2, 2, 19),
    (159, 86, 2, 2, 20),
    (160, 126, 2, 2, 21),
    (161, 95, 2, 2, 22),
    (162, 208, 2, 2, 23),
    (163, 207, 2, 2, 24),
    (164, 88, 2, 2, 25),
    (165, 23, 2, 2, 26),
    (166, 145, 2, 2, 27),
    (167, 53, 2, 2, 28),
    (168, 42, 2, 2, 29),
    (169, 187, 2, 2, 30),
    (170, 26, 2, 2, 31),
    (171, 87, 2, 2, 32),
    (172, 234, 2, 2, 33),
    (173, 21, 2, 2, 34),
    (174, 248, 2, 2, 35),
    (175, 133, 2, 2, 36),
    (176, 199, 2, 2, 37),
    (177, 181, 2, 2, 38),
    (178, 245, 2, 2, 39),
    (179, 49, 2, 2, 40),
    (180, 34, 2, 2, 41),
    (181, 55, 3, 1, 1),
    (182, 77, 3, 1, 2),
    (183, 169, 3, 1, 3),
    (184, 146, 3, 1, 4),
    (185, 149, 3, 1, 5),
    (186, 139, 3, 1, 6),
    (187, 219, 3, 1, 7),
    (188, 164, 3, 1, 8),
    (189, 97, 3, 1, 9),
    (190, 37, 3, 1, 10),
    (191, 50, 3, 1, 11),
    (192, 154, 3, 1, 12),
    (193, 103, 3, 1, 13),
    (194, 90, 3, 1, 14),
    (195, 7, 3, 1, 15),
    (196, 105, 3, 1, 16),
    (197, 108, 3, 1, 17),
    (198, 189, 3, 1, 18),
    (199, 134, 3, 1, 19),
    (200, 38, 3, 1, 20),
    (201, 157, 3, 1, 21),
    (202, 163, 3, 1, 22),
    (203, 62, 3, 1, 23),
    (204, 52, 3, 1, 24),
    (205, 182, 3, 1, 25),
    (206, 175, 3, 1, 26),
    (207, 112, 3, 1, 27),
    (208, 137, 3, 1, 28),
    (209, 39, 3, 1, 29),
    (210, 221, 3, 1, 30),
    (211, 218, 3, 1, 31),
    (212, 70, 3, 1, 32),
    (213, 228, 3, 1, 33),
    (214, 179, 3, 1, 34),
    (215, 10, 3, 1, 35),
    (216, 67, 3, 1, 36),
    (217, 84, 3, 1, 37),
    (218, 131, 3, 1, 38),
    (219, 132, 3, 1, 39),
    (220, 6, 3, 1, 40),
    (221, 51, 3, 1, 41),
    (222, 24, 3, 1, 42),
    (223, 89, 3, 1, 43),
    (224, 223, 3, 1, 44),
    (225, 91, 3, 1, 45),
    (226, 3, 3, 1, 46),
    (227, 243, 3, 1, 47),
    (228, 2, 3, 1, 48),
    (229, 213, 3, 1, 49),
    (230, 150, 3, 1, 50),
    (231, 45, 3, 1, 51),
    (232, 98, 3, 1, 52),
    (233, 150, 3, 2, 1),
    (234, 213, 3, 2, 2),
    (235, 2, 3, 2, 3),
    (236, 3, 3, 2, 4),
    (237, 91, 3, 2, 5),
    (238, 223, 3, 2, 6),
    (239, 89, 3, 2, 7),
    (240, 24, 3, 2, 8),
    (241, 51, 3, 2, 9),
    (242, 6, 3, 2, 10),
    (243, 132, 3, 2, 11),
    (244, 131, 3, 2, 12),
    (245, 84, 3, 2, 13),
    (246, 67, 3, 2, 14),
    (247, 179, 3, 2, 15),
    (248, 228, 3, 2, 16),
    (249, 70, 3, 2, 17),
    (250, 218, 3, 2, 18),
    (251, 221, 3, 2, 19),
    (252, 39, 3, 2, 20),
    (253, 137, 3, 2, 21),
    (254, 112, 3, 2, 22),
    (255, 175, 3, 2, 23),
    (256, 182, 3, 2, 24),
    (257, 52, 3, 2, 25),
    (258, 62, 3, 2, 26),
    (259, 163, 3, 2, 27),
    (260, 157, 3, 2, 28),
    (261, 38, 3, 2, 29),
    (262, 134, 3, 2, 30),
    (263, 189, 3, 2, 31),
    (264, 108, 3, 2, 32),
    (265, 105, 3, 2, 33),
    (266, 7, 3, 2, 34),
    (267, 90, 3, 2, 35),
    (268, 103, 3, 2, 36),
    (269, 154, 3, 2, 37),
    (270, 37, 3, 2, 38),
    (271, 97, 3, 2, 39),
    (272, 164, 3, 2, 40),
    (273, 219, 3, 2, 41),
    (274, 139, 3, 2, 42),
    (275, 149, 3, 2, 43),
    (276, 146, 3, 2, 44),
    (277, 169, 3, 2, 45),
    (278, 77, 3, 2, 46),
    (279, 55, 3, 2, 47),
    (280, 231, 4, 1, 1),
    (281, 124, 4, 1, 2),
    (282, 210, 4, 1, 3),
    (283, 236, 4, 1, 4),
    (284, 67, 4, 1, 5),
    (285, 149, 4, 1, 6),
    (286, 25, 4, 1, 7),
    (287, 134, 4, 1, 8),
    (288, 55, 4, 1, 9),
    (289, 39, 4, 1, 10),
    (290, 29, 4, 1, 11),
    (291, 213, 4, 1, 12),
    (292, 90, 4, 1, 13),
    (293, 65, 4, 1, 14),
    (294, 5, 4, 1, 15),
    (295, 139, 4, 1, 16),
    (296, 174, 4, 1, 17),
    (297, 98, 4, 1, 18),
    (298, 176, 4, 1, 19),
    (299, 163, 4, 1, 20),
    (300, 107, 4, 1, 21),
    (301, 243, 4, 1, 22),
    (302, 179, 4, 1, 23),
    (303, 41, 4, 1, 24),
    (304, 206, 4, 1, 25),
    (305, 131, 4, 1, 26),
    (306, 223, 4, 1, 27),
    (307, 4, 4, 1, 28),
    (308, 14, 4, 1, 29),
    (309, 247, 4, 1, 30),
    (310, 112, 4, 1, 31),
    (311, 46, 4, 1, 32),
    (312, 3, 4, 1, 33),
    (313, 125, 4, 1, 34),
    (314, 148, 4, 1, 35),
    (315, 158, 4, 1, 36),
    (316, 147, 4, 1, 37),
    (317, 91, 4, 1, 38),
    (318, 105, 4, 1, 39),
    (319, 38, 4, 1, 40),
    (320, 246, 4, 1, 41),
    (321, 128, 4, 1, 42),
    (322, 146, 4, 1, 43),
    (323, 62, 4, 1, 44),
    (324, 31, 4, 1, 45),
    (325, 92, 4, 1, 46),
    (326, 165, 4, 1, 47),
    (327, 135, 4, 1, 48),
    (328, 45, 4, 1, 49),
    (329, 155, 4, 1, 50),
    (330, 155, 4, 2, 1),
    (331, 45, 4, 2, 2),
    (332, 165, 4, 2, 3),
    (333, 92, 4, 2, 4),
    (334, 62, 4, 2, 5),
    (335, 146, 4, 2, 6),
    (336, 128, 4, 2, 7),
    (337, 246, 4, 2, 8),
    (338, 38, 4, 2, 9),
    (339, 105, 4, 2, 10),
    (340, 91, 4, 2, 11),
    (341, 147, 4, 2, 12),
    (342, 158, 4, 2, 13),
    (343, 148, 4, 2, 14),
    (344, 125, 4, 2, 15),
    (345, 46, 4, 2, 16),
    (346, 112, 4, 2, 17),
    (347, 247, 4, 2, 18),
    (348, 14, 4, 2, 19),
    (349, 4, 4, 2, 20),
    (350, 223, 4, 2, 21),
    (351, 131, 4, 2, 22),
    (352, 206, 4, 2, 23),
    (353, 41, 4, 2, 24),
    (354, 179, 4, 2, 25),
    (355, 107, 4, 2, 26),
    (356, 163, 4, 2, 27),
    (357, 98, 4, 2, 28),
    (358, 174, 4, 2, 29),
    (359, 5, 4, 2, 30),
    (360, 65, 4, 2, 31),
    (361, 90, 4, 2, 32),
    (362, 213, 4, 2, 33),
    (363, 29, 4, 2, 34),
    (364, 55, 4, 2, 35),
    (365, 149, 4, 2, 36),
    (366, 236, 4, 2, 37),
    (367, 210, 4, 2, 38),
    (368, 124, 4, 2, 39),
    (369, 231, 4, 2, 40),
    (370, 143, 5, 1, 1),
    (371, 142, 5, 1, 2),
    (372, 105, 5, 1, 3),
    (373, 155, 5, 1, 4),
    (374, 191, 5, 1, 5),
    (375, 139, 5, 1, 6),
    (376, 213, 5, 1, 7),
    (377, 216, 5, 1, 8),
    (378, 92, 5, 1, 9),
    (379, 220, 5, 1, 10),
    (380, 41, 5, 1, 11),
    (381, 147, 5, 1, 12),
    (382, 7, 5, 1, 13),
    (383, 137, 5, 1, 14),
    (384, 196, 5, 1, 15),
    (385, 230, 5, 1, 16),
    (386, 91, 5, 1, 17),
    (387, 172, 5, 1, 18),
    (388, 54, 5, 1, 19),
    (389, 177, 5, 1, 20),
    (390, 242, 5, 1, 21),
    (391, 83, 5, 1, 22),
    (392, 219, 5, 1, 23),
    (393, 119, 5, 1, 24),
    (394, 175, 5, 1, 25),
    (395, 149, 5, 1, 26),
    (396, 212, 5, 1, 27),
    (397, 154, 5, 1, 28),
    (398, 24, 5, 1, 29),
    (399, 89, 5, 1, 30),
    (400, 174, 5, 1, 31),
    (401, 104, 5, 1, 32),
    (402, 70, 5, 1, 33),
    (403, 82, 5, 1, 34),
    (404, 25, 5, 1, 35),
    (405, 45, 5, 1, 36),
    (406, 73, 5, 1, 37),
    (407, 2, 5, 1, 38),
    (408, 189, 5, 1, 39),
    (409, 203, 5, 1, 40),
    (410, 68, 5, 1, 41),
    (411, 173, 5, 1, 42),
    (412, 144, 5, 1, 43),
    (413, 128, 5, 1, 44),
    (414, 12, 5, 1, 45),
    (415, 51, 5, 1, 46),
    (416, 131, 5, 1, 47),
    (417, 65, 5, 1, 48),
    (418, 182, 5, 1, 49),
    (419, 182, 5, 2, 1),
    (420, 65, 5, 2, 2),
    (421, 131, 5, 2, 3),
    (422, 51, 5, 2, 4),
    (423, 12, 5, 2, 5),
    (424, 128, 5, 2, 6),
    (425, 144, 5, 2, 7),
    (426, 173, 5, 2, 8),
    (427, 68, 5, 2, 9),
    (428, 203, 5, 2, 10),
    (429, 189, 5, 2, 11),
    (430, 2, 5, 2, 12),
    (431, 73, 5, 2, 13),
    (432, 45, 5, 2, 14),
    (433, 25, 5, 2, 15),
    (434, 82, 5, 2, 16),
    (435, 70, 5, 2, 17),
    (436, 104, 5, 2, 18),
    (437, 174, 5, 2, 19),
    (438, 89, 5, 2, 20),
    (439, 24, 5, 2, 21),
    (440, 154, 5, 2, 22),
    (441, 212, 5, 2, 23),
    (442, 175, 5, 2, 24),
    (443, 119, 5, 2, 25),
    (444, 219, 5, 2, 26),
    (445, 83, 5, 2, 27),
    (446, 242, 5, 2, 28),
    (447, 177, 5, 2, 29),
    (448, 54, 5, 2, 30),
    (449, 172, 5, 2, 31),
    (450, 91, 5, 2, 32),
    (451, 230, 5, 2, 33),
    (452, 137, 5, 2, 34),
    (453, 7, 5, 2, 35),
    (454, 147, 5, 2, 36),
    (455, 92, 5, 2, 37),
    (456, 213, 5, 2, 38),
    (457, 139, 5, 2, 39),
    (458, 191, 5, 2, 40),
    (459, 155, 5, 2, 41),
    (460, 105, 5, 2, 42),
    (461, 142, 5, 2, 43),
    (462, 143, 5, 2, 44);

INSERT INTO race_data
    (id, race_status, time, skier_id, race_id, run_number)
VALUES
    (1, 'Completed', NULL, 85, 1, 1),
    (2, 'Completed', NULL, 97, 1, 1),
    (3, 'Completed', NULL, 43, 1, 1),
    (4, 'Completed', NULL, 12, 1, 1),
    (5, 'Completed', NULL, 193, 1, 1),
    (6, 'Unfinished', NULL, 72, 1, 1),
    (6, 'Completed', NULL, 72, 1, 1),
    (7, 'Completed', NULL, 206, 1, 1),
    (8, 'Completed', NULL, 149, 1, 1),
    (9, 'Completed', NULL, 172, 1, 1),
    (10, 'Completed', NULL, 211, 1, 1),
    (11, 'Completed', NULL, 30, 1, 1),
    (12, 'Completed', NULL, 150, 1, 1),
    (13, 'Completed', NULL, 156, 1, 1),
    (14, 'Completed', NULL, 220, 1, 1),
    (15, 'Completed', NULL, 148, 1, 1),
    (16, 'Completed', NULL, 54, 1, 1),
    (17, 'Unfinished', NULL, 83, 1, 1),
    (17, 'Completed', NULL, 83, 1, 1),
    (18, 'Completed', NULL, 50, 1, 1),
    (19, 'Completed', NULL, 175, 1, 1),
    (20, 'Completed', NULL, 247, 1, 1),
    (21, 'Completed', NULL, 98, 1, 1),
    (22, 'Completed', NULL, 61, 1, 1),
    (23, 'Completed', NULL, 57, 1, 1),
    (24, 'Completed', NULL, 155, 1, 1),
    (25, 'Completed', NULL, 124, 1, 1),
    (26, 'Completed', NULL, 191, 1, 1),
    (27, 'Unfinished', NULL, 203, 1, 1),
    (27, 'Completed', NULL, 203, 1, 1),
    (28, 'Completed', NULL, 232, 1, 1),
    (29, 'Completed', NULL, 5, 1, 1),
    (30, 'Completed', NULL, 221, 1, 1),
    (31, 'Completed', NULL, 152, 1, 1),
    (32, 'Completed', NULL, 246, 1, 1),
    (33, 'Completed', NULL, 28, 1, 1),
    (34, 'Completed', NULL, 82, 1, 1),
    (35, 'Completed', NULL, 52, 1, 1),
    (36, 'Completed', NULL, 201, 1, 1),
    (37, 'Completed', NULL, 227, 1, 1),
    (38, 'Completed', NULL, 9, 1, 1),
    (39, 'Completed', NULL, 71, 1, 1),
    (40, 'Completed', NULL, 196, 1, 1),
    (41, 'Completed', NULL, 231, 1, 1),
    (42, 'Completed', NULL, 213, 1, 1),
    (43, 'Completed', NULL, 75, 1, 1),
    (44, 'Completed', NULL, 223, 1, 1),
    (45, 'Completed', NULL, 107, 1, 1),
    (46, 'Completed', NULL, 6, 1, 1),
    (47, 'Completed', NULL, 41, 1, 1),
    (48, 'Disqualified', NULL, 37, 1, 1),
    (49, 'Completed', NULL, 51, 1, 1),
    (50, 'Completed', NULL, 84, 1, 1),
    (51, 'Completed', NULL, 84, 1, 2),
    (52, 'Completed', NULL, 51, 1, 2),
    (53, 'Completed', NULL, 41, 1, 2),
    (54, 'Completed', NULL, 6, 1, 2),
    (55, 'Completed', NULL, 107, 1, 2),
    (56, 'Completed', NULL, 223, 1, 2),
    (57, 'Completed', NULL, 75, 1, 2),
    (58, 'Completed', NULL, 213, 1, 2),
    (59, 'Completed', NULL, 231, 1, 2),
    (60, 'Completed', NULL, 196, 1, 2),
    (61, 'Disqualified', NULL, 71, 1, 2),
    (62, 'Completed', NULL, 9, 1, 2),
    (63, 'Completed', NULL, 227, 1, 2),
    (64, 'Completed', NULL, 201, 1, 2),
    (65, 'Unfinished', NULL, 52, 1, 2),
    (65, 'Completed', NULL, 52, 1, 2),
    (66, 'Completed', NULL, 82, 1, 2),
    (67, 'Completed', NULL, 28, 1, 2),
    (68, 'Completed', NULL, 246, 1, 2),
    (69, 'Completed', NULL, 152, 1, 2),
    (70, 'Completed', NULL, 221, 1, 2),
    (71, 'Completed', NULL, 5, 1, 2),
    (72, 'Unfinished', NULL, 232, 1, 2),
    (72, 'Completed', NULL, 232, 1, 2),
    (73, 'NotStarted', NULL, 191, 1, 2),
    (74, 'Completed', NULL, 124, 1, 2),
    (75, 'Completed', NULL, 155, 1, 2),
    (76, 'Completed', NULL, 57, 1, 2),
    (77, 'Completed', NULL, 61, 1, 2),
    (78, 'Completed', NULL, 98, 1, 2),
    (79, 'Completed', NULL, 247, 1, 2),
    (80, 'Completed', NULL, 175, 1, 2),
    (81, 'Completed', NULL, 50, 1, 2),
    (82, 'Completed', NULL, 54, 1, 2),
    (83, 'Completed', NULL, 148, 1, 2),
    (84, 'Completed', NULL, 220, 1, 2),
    (85, 'Completed', NULL, 156, 1, 2),
    (86, 'Completed', NULL, 150, 1, 2),
    (87, 'Completed', NULL, 30, 1, 2),
    (88, 'Completed', NULL, 211, 1, 2),
    (89, 'Completed', NULL, 172, 1, 2),
    (90, 'Unfinished', NULL, 149, 1, 2),
    (90, 'Completed', NULL, 149, 1, 2),
    (91, 'Completed', NULL, 206, 1, 2),
    (92, 'Completed', NULL, 193, 1, 2),
    (93, 'Completed', NULL, 12, 1, 2),
    (94, 'Completed', NULL, 43, 1, 2),
    (95, 'Completed', NULL, 97, 1, 2),
    (96, 'Completed', NULL, 85, 1, 2),
    (97, 'Completed', NULL, 34, 2, 1),
    (98, 'Completed', NULL, 49, 2, 1),
    (99, 'Completed', NULL, 245, 2, 1),
    (100, 'Completed', NULL, 181, 2, 1),
    (101, 'Completed', NULL, 199, 2, 1),
    (102, 'Completed', NULL, 133, 2, 1),
    (103, 'Completed', NULL, 248, 2, 1),
    (104, 'Completed', NULL, 21, 2, 1),
    (105, 'Completed', NULL, 234, 2, 1),
    (106, 'Completed', NULL, 87, 2, 1),
    (107, 'Completed', NULL, 26, 2, 1),
    (108, 'Completed', NULL, 187, 2, 1),
    (109, 'NotStarted', NULL, 153, 2, 1),
    (110, 'Completed', NULL, 42, 2, 1),
    (111, 'Completed', NULL, 53, 2, 1),
    (112, 'Completed', NULL, 145, 2, 1),
    (113, 'Completed', NULL, 23, 2, 1),
    (114, 'Completed', NULL, 88, 2, 1),
    (115, 'Completed', NULL, 207, 2, 1),
    (116, 'Completed', NULL, 208, 2, 1),
    (117, 'Completed', NULL, 95, 2, 1),
    (118, 'Completed', NULL, 126, 2, 1),
    (119, 'Disqualified', NULL, 238, 2, 1),
    (120, 'Completed', NULL, 86, 2, 1),
    (121, 'Completed', NULL, 194, 2, 1),
    (122, 'Completed', NULL, 60, 2, 1),
    (123, 'Completed', NULL, 114, 2, 1),
    (124, 'Completed', NULL, 217, 2, 1),
    (125, 'Completed', NULL, 79, 2, 1),
    (126, 'Completed', NULL, 116, 2, 1),
    (127, 'Completed', NULL, 99, 2, 1),
    (128, 'Completed', NULL, 195, 2, 1),
    (129, 'Completed', NULL, 204, 2, 1),
    (130, 'Completed', NULL, 13, 2, 1),
    (131, 'Completed', NULL, 184, 2, 1),
    (132, 'Completed', NULL, 118, 2, 1),
    (133, 'Completed', NULL, 102, 2, 1),
    (134, 'Completed', NULL, 129, 2, 1),
    (135, 'Completed', NULL, 127, 2, 1),
    (136, 'Completed', NULL, 123, 2, 1),
    (137, 'Completed', NULL, 106, 2, 1),
    (138, 'Completed', NULL, 166, 2, 1),
    (139, 'Completed', NULL, 96, 2, 1),
    (140, 'Completed', NULL, 96, 2, 2),
    (141, 'Completed', NULL, 166, 2, 2),
    (142, 'Completed', NULL, 106, 2, 2),
    (143, 'Completed', NULL, 123, 2, 2),
    (144, 'Unfinished', NULL, 127, 2, 2),
    (144, 'Completed', NULL, 127, 2, 2),
    (145, 'Completed', NULL, 129, 2, 2),
    (146, 'Completed', NULL, 102, 2, 2),
    (147, 'Completed', NULL, 118, 2, 2),
    (148, 'Completed', NULL, 184, 2, 2),
    (149, 'Completed', NULL, 13, 2, 2),
    (150, 'Completed', NULL, 204, 2, 2),
    (151, 'Completed', NULL, 195, 2, 2),
    (152, 'Completed', NULL, 99, 2, 2),
    (153, 'Completed', NULL, 116, 2, 2),
    (154, 'Completed', NULL, 79, 2, 2),
    (155, 'Unfinished', NULL, 217, 2, 2),
    (155, 'Completed', NULL, 217, 2, 2),
    (156, 'Completed', NULL, 114, 2, 2),
    (157, 'Completed', NULL, 60, 2, 2),
    (158, 'Completed', NULL, 194, 2, 2),
    (159, 'Unfinished', NULL, 86, 2, 2),
    (159, 'Completed', NULL, 86, 2, 2),
    (160, 'Completed', NULL, 126, 2, 2),
    (161, 'Completed', NULL, 95, 2, 2),
    (162, 'NotStarted', NULL, 208, 2, 2),
    (163, 'Completed', NULL, 207, 2, 2),
    (164, 'Completed', NULL, 88, 2, 2),
    (165, 'Completed', NULL, 23, 2, 2),
    (166, 'Completed', NULL, 145, 2, 2),
    (167, 'Completed', NULL, 53, 2, 2),
    (168, 'Completed', NULL, 42, 2, 2),
    (169, 'Completed', NULL, 187, 2, 2),
    (170, 'Completed', NULL, 26, 2, 2),
    (171, 'Completed', NULL, 87, 2, 2),
    (172, 'Completed', NULL, 234, 2, 2),
    (173, 'Completed', NULL, 21, 2, 2),
    (174, 'Disqualified', NULL, 248, 2, 2),
    (175, 'Completed', NULL, 133, 2, 2),
    (176, 'Completed', NULL, 199, 2, 2),
    (177, 'Completed', NULL, 181, 2, 2),
    (178, 'Disqualified', NULL, 245, 2, 2),
    (179, 'Completed', NULL, 49, 2, 2),
    (180, 'NotStarted', NULL, 34, 2, 2),
    (181, 'Completed', NULL, 55, 3, 1),
    (182, 'Completed', NULL, 77, 3, 1),
    (183, 'Completed', NULL, 169, 3, 1),
    (184, 'Completed', NULL, 146, 3, 1),
    (185, 'Completed', NULL, 149, 3, 1),
    (186, 'Completed', NULL, 139, 3, 1),
    (187, 'Completed', NULL, 219, 3, 1),
    (188, 'Completed', NULL, 164, 3, 1),
    (189, 'Completed', NULL, 97, 3, 1),
    (190, 'Completed', NULL, 37, 3, 1),
    (191, 'NotStarted', NULL, 50, 3, 1),
    (192, 'Completed', NULL, 154, 3, 1),
    (193, 'Completed', NULL, 103, 3, 1),
    (194, 'Completed', NULL, 90, 3, 1),
    (195, 'Completed', NULL, 7, 3, 1),
    (196, 'Completed', NULL, 105, 3, 1),
    (197, 'Completed', NULL, 108, 3, 1),
    (198, 'Completed', NULL, 189, 3, 1),
    (199, 'Completed', NULL, 134, 3, 1),
    (200, 'Completed', NULL, 38, 3, 1),
    (201, 'Completed', NULL, 157, 3, 1),
    (202, 'Completed', NULL, 163, 3, 1),
    (203, 'Completed', NULL, 62, 3, 1),
    (204, 'Completed', NULL, 52, 3, 1),
    (205, 'Completed', NULL, 182, 3, 1),
    (206, 'Completed', NULL, 175, 3, 1),
    (207, 'Completed', NULL, 112, 3, 1),
    (208, 'Completed', NULL, 137, 3, 1),
    (209, 'Completed', NULL, 39, 3, 1),
    (210, 'Completed', NULL, 221, 3, 1),
    (211, 'Completed', NULL, 218, 3, 1),
    (212, 'Completed', NULL, 70, 3, 1),
    (213, 'Completed', NULL, 228, 3, 1),
    (214, 'Completed', NULL, 179, 3, 1),
    (215, 'Unfinished', NULL, 10, 3, 1),
    (215, 'Completed', NULL, 10, 3, 1),
    (216, 'Completed', NULL, 67, 3, 1),
    (217, 'Completed', NULL, 84, 3, 1),
    (218, 'Completed', NULL, 131, 3, 1),
    (219, 'Completed', NULL, 132, 3, 1),
    (220, 'Completed', NULL, 6, 3, 1),
    (221, 'Completed', NULL, 51, 3, 1),
    (222, 'Completed', NULL, 24, 3, 1),
    (223, 'Completed', NULL, 89, 3, 1),
    (224, 'Completed', NULL, 223, 3, 1),
    (225, 'Completed', NULL, 91, 3, 1),
    (226, 'Completed', NULL, 3, 3, 1),
    (227, 'Disqualified', NULL, 243, 3, 1),
    (228, 'Completed', NULL, 2, 3, 1),
    (229, 'Completed', NULL, 213, 3, 1),
    (230, 'Completed', NULL, 150, 3, 1),
    (231, 'Disqualified', NULL, 45, 3, 1),
    (232, 'Unfinished', NULL, 98, 3, 1),
    (232, 'Completed', NULL, 98, 3, 1),
    (233, 'Completed', NULL, 150, 3, 2),
    (234, 'Completed', NULL, 213, 3, 2),
    (235, 'Completed', NULL, 2, 3, 2),
    (236, 'Completed', NULL, 3, 3, 2),
    (237, 'Completed', NULL, 91, 3, 2),
    (238, 'Completed', NULL, 223, 3, 2),
    (239, 'Completed', NULL, 89, 3, 2),
    (240, 'Completed', NULL, 24, 3, 2),
    (241, 'Completed', NULL, 51, 3, 2),
    (242, 'Completed', NULL, 6, 3, 2),
    (243, 'Completed', NULL, 132, 3, 2),
    (244, 'Completed', NULL, 131, 3, 2),
    (245, 'Completed', NULL, 84, 3, 2),
    (246, 'Completed', NULL, 67, 3, 2),
    (247, 'Completed', NULL, 179, 3, 2),
    (248, 'Completed', NULL, 228, 3, 2),
    (249, 'Completed', NULL, 70, 3, 2),
    (250, 'Completed', NULL, 218, 3, 2),
    (251, 'Completed', NULL, 221, 3, 2),
    (252, 'Completed', NULL, 39, 3, 2),
    (253, 'Completed', NULL, 137, 3, 2),
    (254, 'Completed', NULL, 112, 3, 2),
    (255, 'Completed', NULL, 175, 3, 2),
    (256, 'Unfinished', NULL, 182, 3, 2),
    (256, 'Completed', NULL, 182, 3, 2),
    (257, 'Completed', NULL, 52, 3, 2),
    (258, 'Completed', NULL, 62, 3, 2),
    (259, 'Completed', NULL, 163, 3, 2),
    (260, 'Completed', NULL, 157, 3, 2),
    (261, 'Completed', NULL, 38, 3, 2),
    (262, 'Completed', NULL, 134, 3, 2),
    (263, 'Completed', NULL, 189, 3, 2),
    (264, 'Completed', NULL, 108, 3, 2),
    (265, 'Completed', NULL, 105, 3, 2),
    (266, 'NotStarted', NULL, 7, 3, 2),
    (267, 'Completed', NULL, 90, 3, 2),
    (268, 'Completed', NULL, 103, 3, 2),
    (269, 'Completed', NULL, 154, 3, 2),
    (270, 'Completed', NULL, 37, 3, 2),
    (271, 'Completed', NULL, 97, 3, 2),
    (272, 'Completed', NULL, 164, 3, 2),
    (273, 'Completed', NULL, 219, 3, 2),
    (274, 'Completed', NULL, 139, 3, 2),
    (275, 'Completed', NULL, 149, 3, 2),
    (276, 'Completed', NULL, 146, 3, 2),
    (277, 'Completed', NULL, 169, 3, 2),
    (278, 'Completed', NULL, 77, 3, 2),
    (279, 'Completed', NULL, 55, 3, 2),
    (280, 'Completed', NULL, 231, 4, 1),
    (281, 'Completed', NULL, 124, 4, 1),
    (282, 'Completed', NULL, 210, 4, 1),
    (283, 'Completed', NULL, 236, 4, 1),
    (284, 'Disqualified', NULL, 67, 4, 1),
    (285, 'Completed', NULL, 149, 4, 1),
    (286, 'Disqualified', NULL, 25, 4, 1),
    (287, 'Unfinished', NULL, 134, 4, 1),
    (287, 'Completed', NULL, 134, 4, 1),
    (288, 'Completed', NULL, 55, 4, 1),
    (289, 'Disqualified', NULL, 39, 4, 1),
    (290, 'Completed', NULL, 29, 4, 1),
    (291, 'Completed', NULL, 213, 4, 1),
    (292, 'Completed', NULL, 90, 4, 1),
    (293, 'Completed', NULL, 65, 4, 1),
    (294, 'Completed', NULL, 5, 4, 1),
    (295, 'Disqualified', NULL, 139, 4, 1),
    (296, 'Completed', NULL, 174, 4, 1),
    (297, 'Completed', NULL, 98, 4, 1),
    (298, 'Unfinished', NULL, 176, 4, 1),
    (298, 'Completed', NULL, 176, 4, 1),
    (299, 'Completed', NULL, 163, 4, 1),
    (300, 'Completed', NULL, 107, 4, 1),
    (301, 'Disqualified', NULL, 243, 4, 1),
    (302, 'Completed', NULL, 179, 4, 1),
    (303, 'Completed', NULL, 41, 4, 1),
    (304, 'Completed', NULL, 206, 4, 1),
    (305, 'Completed', NULL, 131, 4, 1),
    (306, 'Completed', NULL, 223, 4, 1),
    (307, 'Completed', NULL, 4, 4, 1),
    (308, 'Completed', NULL, 14, 4, 1),
    (309, 'Completed', NULL, 247, 4, 1),
    (310, 'Completed', NULL, 112, 4, 1),
    (311, 'Completed', NULL, 46, 4, 1),
    (312, 'Unfinished', NULL, 3, 4, 1),
    (312, 'Completed', NULL, 3, 4, 1),
    (313, 'Completed', NULL, 125, 4, 1),
    (314, 'Completed', NULL, 148, 4, 1),
    (315, 'Completed', NULL, 158, 4, 1),
    (316, 'Completed', NULL, 147, 4, 1),
    (317, 'Completed', NULL, 91, 4, 1),
    (318, 'Completed', NULL, 105, 4, 1),
    (319, 'Completed', NULL, 38, 4, 1),
    (320, 'Completed', NULL, 246, 4, 1),
    (321, 'Completed', NULL, 128, 4, 1),
    (322, 'Completed', NULL, 146, 4, 1),
    (323, 'Completed', NULL, 62, 4, 1),
    (324, 'Disqualified', NULL, 31, 4, 1),
    (325, 'Completed', NULL, 92, 4, 1),
    (326, 'Completed', NULL, 165, 4, 1),
    (327, 'Disqualified', NULL, 135, 4, 1),
    (328, 'Completed', NULL, 45, 4, 1),
    (329, 'Completed', NULL, 155, 4, 1),
    (330, 'Completed', NULL, 155, 4, 2),
    (331, 'Disqualified', NULL, 45, 4, 2),
    (332, 'Completed', NULL, 165, 4, 2),
    (333, 'NotStarted', NULL, 92, 4, 2),
    (334, 'Completed', NULL, 62, 4, 2),
    (335, 'Completed', NULL, 146, 4, 2),
    (336, 'Completed', NULL, 128, 4, 2),
    (337, 'Completed', NULL, 246, 4, 2),
    (338, 'Completed', NULL, 38, 4, 2),
    (339, 'Completed', NULL, 105, 4, 2),
    (340, 'Completed', NULL, 91, 4, 2),
    (341, 'Completed', NULL, 147, 4, 2),
    (342, 'Completed', NULL, 158, 4, 2),
    (343, 'Completed', NULL, 148, 4, 2),
    (344, 'Completed', NULL, 125, 4, 2),
    (345, 'Completed', NULL, 46, 4, 2),
    (346, 'Completed', NULL, 112, 4, 2),
    (347, 'Completed', NULL, 247, 4, 2),
    (348, 'Completed', NULL, 14, 4, 2),
    (349, 'NotStarted', NULL, 4, 4, 2),
    (350, 'Completed', NULL, 223, 4, 2),
    (351, 'Completed', NULL, 131, 4, 2),
    (352, 'Completed', NULL, 206, 4, 2),
    (353, 'Completed', NULL, 41, 4, 2),
    (354, 'Completed', NULL, 179, 4, 2),
    (355, 'Completed', NULL, 107, 4, 2),
    (356, 'Completed', NULL, 163, 4, 2),
    (357, 'Completed', NULL, 98, 4, 2),
    (358, 'Completed', NULL, 174, 4, 2),
    (359, 'Completed', NULL, 5, 4, 2),
    (360, 'Completed', NULL, 65, 4, 2),
    (361, 'Completed', NULL, 90, 4, 2),
    (362, 'Completed', NULL, 213, 4, 2),
    (363, 'Completed', NULL, 29, 4, 2),
    (364, 'Unfinished', NULL, 55, 4, 2),
    (364, 'Completed', NULL, 55, 4, 2),
    (365, 'Completed', NULL, 149, 4, 2),
    (366, 'Completed', NULL, 236, 4, 2),
    (367, 'Completed', NULL, 210, 4, 2),
    (368, 'Completed', NULL, 124, 4, 2),
    (369, 'Completed', NULL, 231, 4, 2),
    (370, 'Completed', NULL, 143, 5, 1),
    (371, 'Completed', NULL, 142, 5, 1),
    (372, 'Completed', NULL, 105, 5, 1),
    (373, 'Completed', NULL, 155, 5, 1),
    (374, 'Completed', NULL, 191, 5, 1),
    (375, 'Completed', NULL, 139, 5, 1),
    (376, 'Completed', NULL, 213, 5, 1),
    (377, 'Disqualified', NULL, 216, 5, 1),
    (378, 'Completed', NULL, 92, 5, 1),
    (379, 'NotStarted', NULL, 220, 5, 1),
    (380, 'Unfinished', NULL, 41, 5, 1),
    (380, 'Completed', NULL, 41, 5, 1),
    (381, 'Completed', NULL, 147, 5, 1),
    (382, 'Completed', NULL, 7, 5, 1),
    (383, 'Completed', NULL, 137, 5, 1),
    (384, 'Unfinished', NULL, 196, 5, 1),
    (384, 'Completed', NULL, 196, 5, 1),
    (385, 'Completed', NULL, 230, 5, 1),
    (386, 'Completed', NULL, 91, 5, 1),
    (387, 'Completed', NULL, 172, 5, 1),
    (388, 'Completed', NULL, 54, 5, 1),
    (389, 'Completed', NULL, 177, 5, 1),
    (390, 'Completed', NULL, 242, 5, 1),
    (391, 'Completed', NULL, 83, 5, 1),
    (392, 'Completed', NULL, 219, 5, 1),
    (393, 'Completed', NULL, 119, 5, 1),
    (394, 'Completed', NULL, 175, 5, 1),
    (395, 'Disqualified', NULL, 149, 5, 1),
    (396, 'Completed', NULL, 212, 5, 1),
    (397, 'Completed', NULL, 154, 5, 1),
    (398, 'Completed', NULL, 24, 5, 1),
    (399, 'Completed', NULL, 89, 5, 1),
    (400, 'Completed', NULL, 174, 5, 1),
    (401, 'Completed', NULL, 104, 5, 1),
    (402, 'Completed', NULL, 70, 5, 1),
    (403, 'Completed', NULL, 82, 5, 1),
    (404, 'Completed', NULL, 25, 5, 1),
    (405, 'Completed', NULL, 45, 5, 1),
    (406, 'Completed', NULL, 73, 5, 1),
    (407, 'Completed', NULL, 2, 5, 1),
    (408, 'Completed', NULL, 189, 5, 1),
    (409, 'Completed', NULL, 203, 5, 1),
    (410, 'Completed', NULL, 68, 5, 1),
    (411, 'Completed', NULL, 173, 5, 1),
    (412, 'Completed', NULL, 144, 5, 1),
    (413, 'Completed', NULL, 128, 5, 1),
    (414, 'Completed', NULL, 12, 5, 1),
    (415, 'Completed', NULL, 51, 5, 1),
    (416, 'Completed', NULL, 131, 5, 1),
    (417, 'Completed', NULL, 65, 5, 1),
    (418, 'Completed', NULL, 182, 5, 1),
    (419, 'Completed', NULL, 182, 5, 2),
    (420, 'Disqualified', NULL, 65, 5, 2),
    (421, 'Completed', NULL, 131, 5, 2),
    (422, 'Completed', NULL, 51, 5, 2),
    (423, 'Completed', NULL, 12, 5, 2),
    (424, 'Completed', NULL, 128, 5, 2),
    (425, 'Unfinished', NULL, 144, 5, 2),
    (425, 'Completed', NULL, 144, 5, 2),
    (426, 'Completed', NULL, 173, 5, 2),
    (427, 'Unfinished', NULL, 68, 5, 2),
    (427, 'Completed', NULL, 68, 5, 2),
    (428, 'Completed', NULL, 203, 5, 2),
    (429, 'Completed', NULL, 189, 5, 2),
    (430, 'Completed', NULL, 2, 5, 2),
    (431, 'Completed', NULL, 73, 5, 2),
    (432, 'Completed', NULL, 45, 5, 2),
    (433, 'Completed', NULL, 25, 5, 2),
    (434, 'Completed', NULL, 82, 5, 2),
    (435, 'Completed', NULL, 70, 5, 2),
    (436, 'Completed', NULL, 104, 5, 2),
    (437, 'Completed', NULL, 174, 5, 2),
    (438, 'Completed', NULL, 89, 5, 2),
    (439, 'Completed', NULL, 24, 5, 2),
    (440, 'Disqualified', NULL, 154, 5, 2),
    (441, 'Completed', NULL, 212, 5, 2),
    (442, 'Completed', NULL, 175, 5, 2),
    (443, 'Completed', NULL, 119, 5, 2),
    (444, 'Completed', NULL, 219, 5, 2),
    (445, 'Completed', NULL, 83, 5, 2),
    (446, 'Completed', NULL, 242, 5, 2),
    (447, 'Completed', NULL, 177, 5, 2),
    (448, 'Completed', NULL, 54, 5, 2),
    (449, 'Completed', NULL, 172, 5, 2),
    (450, 'Completed', NULL, 91, 5, 2),
    (451, 'Completed', NULL, 230, 5, 2),
    (452, 'Completed', NULL, 137, 5, 2),
    (453, 'Disqualified', NULL, 7, 5, 2),
    (454, 'Completed', NULL, 147, 5, 2),
    (455, 'Disqualified', NULL, 92, 5, 2),
    (456, 'Completed', NULL, 213, 5, 2),
    (457, 'NotStarted', NULL, 139, 5, 2),
    (458, 'Completed', NULL, 191, 5, 2),
    (459, 'Completed', NULL, 155, 5, 2),
    (460, 'Completed', NULL, 105, 5, 2),
    (461, 'Completed', NULL, 142, 5, 2),
    (462, 'Completed', NULL, 143, 5, 2);

INSERT INTO sensor_measurement
    (id, sensor_id, interim_time, race_data_id)
VALUES
    (1, 1, 9.573, 1),
    (2, 2, 21.657, 1),
    (3, 3, 31.289, 1),
    (4, 4, 41.907, 1),
    (5, 5, 51.107, 1),
    (6, 1, 13.689, 2),
    (7, 2, 24.870, 2),
    (8, 3, 33.183, 2),
    (9, 4, 39.744, 2),
    (10, 5, 46.977, 2),
    (11, 1, 14.471, 3),
    (12, 2, 24.106, 3),
    (13, 3, 30.912, 3),
    (14, 4, 44.503, 3),
    (15, 5, 49.751, 3),
    (16, 1, 10.351, 4),
    (17, 2, 16.685, 4),
    (18, 3, 26.461, 4),
    (19, 4, 41.376, 4),
    (20, 5, 49.633, 4),
    (21, 1, 8.196, 5),
    (22, 2, 16.606, 5),
    (23, 3, 33.747, 5),
    (24, 4, 38.105, 5),
    (25, 5, 46.598, 5),
    (26, 1, 10.992, 6),
    (27, 2, 20.303, 6),
    (28, 1, 10.441, 7),
    (29, 2, 22.445, 7),
    (30, 3, 32.833, 7),
    (31, 4, 43.958, 7),
    (32, 5, 53.447, 7),
    (33, 1, 6.445, 8),
    (34, 2, 22.775, 8),
    (35, 3, 27.293, 8),
    (36, 4, 36.814, 8),
    (37, 5, 50.219, 8),
    (38, 1, 8.999, 9),
    (39, 2, 19.437, 9),
    (40, 3, 31.613, 9),
    (41, 4, 38.106, 9),
    (42, 5, 46.484, 9),
    (43, 1, 7.422, 10),
    (44, 2, 22.598, 10),
    (45, 3, 33.948, 10),
    (46, 4, 44.968, 10),
    (47, 5, 48.434, 10),
    (48, 1, 14.968, 11),
    (49, 2, 24.445, 11),
    (50, 3, 27.466, 11),
    (51, 4, 38.235, 11),
    (52, 5, 51.528, 11),
    (53, 1, 6.524, 12),
    (54, 2, 19.719, 12),
    (55, 3, 31.318, 12),
    (56, 4, 43.626, 12),
    (57, 5, 47.834, 12),
    (58, 1, 14.420, 13),
    (59, 2, 16.356, 13),
    (60, 3, 28.663, 13),
    (61, 4, 44.330, 13),
    (62, 5, 49.562, 13),
    (63, 1, 6.481, 14),
    (64, 2, 21.305, 14),
    (65, 3, 26.922, 14),
    (66, 4, 41.629, 14),
    (67, 5, 47.273, 14),
    (68, 1, 8.189, 15),
    (69, 2, 19.362, 15),
    (70, 3, 26.967, 15),
    (71, 4, 37.431, 15),
    (72, 5, 48.864, 15),
    (73, 1, 8.796, 16),
    (74, 2, 23.935, 16),
    (75, 3, 27.981, 16),
    (76, 4, 43.381, 16),
    (77, 5, 51.996, 16),
    (78, 1, 7.231, 17),
    (79, 2, 22.528, 17),
    (80, 3, 28.677, 17),
    (81, 4, 36.325, 17),
    (82, 1, 12.265, 18),
    (83, 2, 23.897, 18),
    (84, 3, 34.772, 18),
    (85, 4, 36.916, 18),
    (86, 5, 49.858, 18),
    (87, 1, 11.678, 19),
    (88, 2, 20.127, 19),
    (89, 3, 26.433, 19),
    (90, 4, 36.783, 19),
    (91, 5, 49.752, 19),
    (92, 1, 11.140, 20),
    (93, 2, 17.849, 20),
    (94, 3, 33.299, 20),
    (95, 4, 43.702, 20),
    (96, 5, 53.215, 20),
    (97, 1, 6.515, 21),
    (98, 2, 22.647, 21),
    (99, 3, 26.591, 21),
    (100, 4, 43.546, 21),
    (101, 5, 46.125, 21),
    (102, 1, 7.633, 22),
    (103, 2, 23.671, 22),
    (104, 3, 27.862, 22),
    (105, 4, 41.118, 22),
    (106, 5, 49.273, 22),
    (107, 1, 9.746, 23),
    (108, 2, 23.128, 23),
    (109, 3, 34.603, 23),
    (110, 4, 42.511, 23),
    (111, 5, 49.656, 23),
    (112, 1, 9.338, 24),
    (113, 2, 23.715, 24),
    (114, 3, 32.276, 24),
    (115, 4, 39.853, 24),
    (116, 5, 48.537, 24),
    (117, 1, 12.584, 25),
    (118, 2, 16.223, 25),
    (119, 3, 31.706, 25),
    (120, 4, 44.944, 25),
    (121, 5, 51.773, 25),
    (122, 1, 12.324, 26),
    (123, 2, 21.316, 26),
    (124, 3, 33.341, 26),
    (125, 4, 44.607, 26),
    (126, 5, 46.229, 26),
    (127, 1, 10.180, 27),
    (128, 2, 19.838, 27),
    (129, 3, 27.839, 27),
    (130, 4, 36.541, 27),
    (131, 1, 10.139, 28),
    (132, 2, 16.143, 28),
    (133, 3, 33.104, 28),
    (134, 4, 42.933, 28),
    (135, 5, 50.471, 28),
    (136, 1, 9.895, 29),
    (137, 2, 24.928, 29),
    (138, 3, 32.931, 29),
    (139, 4, 43.934, 29),
    (140, 5, 51.666, 29),
    (141, 1, 8.522, 30),
    (142, 2, 18.876, 30),
    (143, 3, 28.234, 30),
    (144, 4, 41.241, 30),
    (145, 5, 50.603, 30),
    (146, 1, 8.919, 31),
    (147, 2, 24.460, 31),
    (148, 3, 33.400, 31),
    (149, 4, 44.626, 31),
    (150, 5, 47.293, 31),
    (151, 1, 6.580, 32),
    (152, 2, 22.744, 32),
    (153, 3, 26.889, 32),
    (154, 4, 44.533, 32),
    (155, 5, 49.225, 32),
    (156, 1, 7.199, 33),
    (157, 2, 24.530, 33),
    (158, 3, 30.495, 33),
    (159, 4, 44.305, 33),
    (160, 5, 51.586, 33),
    (161, 1, 9.558, 34),
    (162, 2, 17.458, 34),
    (163, 3, 29.473, 34),
    (164, 4, 40.251, 34),
    (165, 5, 51.739, 34),
    (166, 1, 6.682, 35),
    (167, 2, 17.256, 35),
    (168, 3, 27.117, 35),
    (169, 4, 38.949, 35),
    (170, 5, 48.986, 35),
    (171, 1, 10.492, 36),
    (172, 2, 17.213, 36),
    (173, 3, 26.248, 36),
    (174, 4, 37.227, 36),
    (175, 5, 51.590, 36),
    (176, 1, 9.540, 37),
    (177, 2, 23.748, 37),
    (178, 3, 28.662, 37),
    (179, 4, 40.994, 37),
    (180, 5, 53.669, 37),
    (181, 1, 12.617, 38),
    (182, 2, 18.968, 38),
    (183, 3, 32.796, 38),
    (184, 4, 39.343, 38),
    (185, 5, 50.755, 38),
    (186, 1, 7.164, 39),
    (187, 2, 18.703, 39),
    (188, 3, 29.939, 39),
    (189, 4, 37.451, 39),
    (190, 5, 53.180, 39),
    (191, 1, 6.722, 40),
    (192, 2, 21.404, 40),
    (193, 3, 32.185, 40),
    (194, 4, 44.482, 40),
    (195, 5, 54.411, 40),
    (196, 1, 11.736, 41),
    (197, 2, 20.915, 41),
    (198, 3, 33.107, 41),
    (199, 4, 38.202, 41),
    (200, 5, 53.675, 41),
    (201, 1, 13.631, 42),
    (202, 2, 23.545, 42),
    (203, 3, 34.722, 42),
    (204, 4, 38.954, 42),
    (205, 5, 53.737, 42),
    (206, 1, 11.357, 43),
    (207, 2, 24.432, 43),
    (208, 3, 26.207, 43),
    (209, 4, 39.597, 43),
    (210, 5, 49.934, 43),
    (211, 1, 7.329, 44),
    (212, 2, 19.510, 44),
    (213, 3, 26.160, 44),
    (214, 4, 37.410, 44),
    (215, 5, 49.831, 44),
    (216, 1, 7.405, 45),
    (217, 2, 22.879, 45),
    (218, 3, 29.814, 45),
    (219, 4, 40.657, 45),
    (220, 5, 49.146, 45),
    (221, 1, 8.948, 46),
    (222, 2, 18.559, 46),
    (223, 3, 26.569, 46),
    (224, 4, 43.415, 46),
    (225, 5, 53.442, 46),
    (226, 1, 14.259, 47),
    (227, 2, 21.283, 47),
    (228, 3, 31.114, 47),
    (229, 4, 42.996, 47),
    (230, 5, 49.634, 47),
    (231, 1, 9.630, 48),
    (232, 2, 19.944, 48),
    (233, 3, 34.665, 48),
    (234, 4, 40.263, 48),
    (235, 5, 52.741, 48),
    (236, 1, 8.130, 49),
    (237, 2, 18.450, 49),
    (238, 3, 27.623, 49),
    (239, 4, 38.581, 49),
    (240, 5, 54.931, 49),
    (241, 1, 6.659, 50),
    (242, 2, 20.698, 50),
    (243, 3, 26.605, 50),
    (244, 4, 43.179, 50),
    (245, 5, 50.446, 50),
    (246, 1, 7.540, 51),
    (247, 2, 19.413, 51),
    (248, 3, 32.540, 51),
    (249, 4, 37.247, 51),
    (250, 5, 53.314, 51),
    (251, 1, 9.295, 52),
    (252, 2, 16.889, 52),
    (253, 3, 27.552, 52),
    (254, 4, 38.957, 52),
    (255, 5, 53.737, 52),
    (256, 1, 14.651, 53),
    (257, 2, 21.227, 53),
    (258, 3, 29.770, 53),
    (259, 4, 37.790, 53),
    (260, 5, 48.181, 53),
    (261, 1, 11.469, 54),
    (262, 2, 23.962, 54),
    (263, 3, 30.270, 54),
    (264, 4, 40.380, 54),
    (265, 5, 52.781, 54),
    (266, 1, 7.851, 55),
    (267, 2, 21.508, 55),
    (268, 3, 34.954, 55),
    (269, 4, 40.951, 55),
    (270, 5, 48.803, 55),
    (271, 1, 14.879, 56),
    (272, 2, 18.133, 56),
    (273, 3, 28.746, 56),
    (274, 4, 44.714, 56),
    (275, 5, 51.378, 56),
    (276, 1, 12.811, 57),
    (277, 2, 17.843, 57),
    (278, 3, 28.524, 57),
    (279, 4, 42.344, 57),
    (280, 5, 47.992, 57),
    (281, 1, 11.227, 58),
    (282, 2, 19.534, 58),
    (283, 3, 33.332, 58),
    (284, 4, 39.491, 58),
    (285, 5, 49.958, 58),
    (286, 1, 6.889, 59),
    (287, 2, 18.999, 59),
    (288, 3, 29.233, 59),
    (289, 4, 44.149, 59),
    (290, 5, 50.850, 59),
    (291, 1, 10.709, 60),
    (292, 2, 21.352, 60),
    (293, 3, 33.407, 60),
    (294, 4, 44.405, 60),
    (295, 5, 52.592, 60),
    (296, 1, 13.710, 61),
    (297, 2, 22.251, 61),
    (298, 3, 32.134, 61),
    (299, 4, 40.574, 61),
    (300, 5, 49.534, 61),
    (301, 1, 6.409, 62),
    (302, 2, 18.951, 62),
    (303, 3, 34.392, 62),
    (304, 4, 38.787, 62),
    (305, 5, 53.153, 62),
    (306, 1, 7.888, 63),
    (307, 2, 18.291, 63),
    (308, 3, 27.411, 63),
    (309, 4, 42.938, 63),
    (310, 5, 48.456, 63),
    (311, 1, 6.953, 64),
    (312, 2, 16.617, 64),
    (313, 3, 27.136, 64),
    (314, 4, 38.724, 64),
    (315, 5, 53.877, 64),
    (316, 1, 12.560, 65),
    (317, 2, 18.332, 65),
    (318, 3, 26.504, 65),
    (319, 4, 40.799, 65),
    (320, 5, 48.491, 65),
    (321, 1, 10.847, 66),
    (322, 2, 19.141, 66),
    (323, 3, 29.762, 66),
    (324, 4, 36.773, 66),
    (325, 5, 48.728, 66),
    (326, 1, 14.211, 67),
    (327, 2, 18.453, 67),
    (328, 3, 30.948, 67),
    (329, 4, 41.963, 67),
    (330, 5, 50.503, 67),
    (331, 1, 7.709, 68),
    (332, 2, 20.160, 68),
    (333, 3, 30.199, 68),
    (334, 4, 43.730, 68),
    (335, 5, 47.449, 68),
    (336, 1, 6.806, 69),
    (337, 2, 24.780, 69),
    (338, 3, 30.926, 69),
    (339, 4, 38.465, 69),
    (340, 5, 54.623, 69),
    (341, 1, 13.393, 70),
    (342, 2, 16.213, 70),
    (343, 3, 29.186, 70),
    (344, 4, 39.375, 70),
    (345, 5, 51.311, 70),
    (346, 1, 11.861, 71),
    (347, 2, 20.785, 71),
    (348, 3, 34.541, 71),
    (349, 4, 40.574, 71),
    (350, 5, 54.392, 71),
    (351, 1, 6.204, 72),
    (352, 2, 18.514, 72),
    (353, 3, 28.830, 72),
    (354, 1, 14.613, 74),
    (355, 2, 21.100, 74),
    (356, 3, 29.672, 74),
    (357, 4, 38.915, 74),
    (358, 5, 49.654, 74),
    (359, 1, 6.690, 75),
    (360, 2, 23.464, 75),
    (361, 3, 34.971, 75),
    (362, 4, 38.146, 75),
    (363, 5, 47.356, 75),
    (364, 1, 6.282, 76),
    (365, 2, 17.350, 76),
    (366, 3, 31.467, 76),
    (367, 4, 40.675, 76),
    (368, 5, 52.621, 76),
    (369, 1, 9.132, 77),
    (370, 2, 17.209, 77),
    (371, 3, 29.384, 77),
    (372, 4, 37.847, 77),
    (373, 5, 52.853, 77),
    (374, 1, 9.848, 78),
    (375, 2, 23.231, 78),
    (376, 3, 26.369, 78),
    (377, 4, 41.787, 78),
    (378, 5, 50.218, 78),
    (379, 1, 7.277, 79),
    (380, 2, 17.136, 79),
    (381, 3, 31.111, 79),
    (382, 4, 41.357, 79),
    (383, 5, 47.360, 79),
    (384, 1, 10.836, 80),
    (385, 2, 18.645, 80),
    (386, 3, 26.630, 80),
    (387, 4, 41.781, 80),
    (388, 5, 50.261, 80),
    (389, 1, 9.471, 81),
    (390, 2, 24.265, 81),
    (391, 3, 32.972, 81),
    (392, 4, 44.728, 81),
    (393, 5, 46.508, 81),
    (394, 1, 11.255, 82),
    (395, 2, 22.800, 82),
    (396, 3, 27.596, 82),
    (397, 4, 41.234, 82),
    (398, 5, 54.189, 82),
    (399, 1, 7.664, 83),
    (400, 2, 17.137, 83),
    (401, 3, 31.169, 83),
    (402, 4, 42.310, 83),
    (403, 5, 51.871, 83),
    (404, 1, 8.973, 84),
    (405, 2, 18.484, 84),
    (406, 3, 29.909, 84),
    (407, 4, 42.115, 84),
    (408, 5, 50.228, 84),
    (409, 1, 12.372, 85),
    (410, 2, 21.353, 85),
    (411, 3, 26.161, 85),
    (412, 4, 43.450, 85),
    (413, 5, 47.855, 85),
    (414, 1, 14.394, 86),
    (415, 2, 24.554, 86),
    (416, 3, 32.727, 86),
    (417, 4, 37.337, 86),
    (418, 5, 47.293, 86),
    (419, 1, 9.406, 87),
    (420, 2, 18.651, 87),
    (421, 3, 32.468, 87),
    (422, 4, 42.716, 87),
    (423, 5, 51.365, 87),
    (424, 1, 11.614, 88),
    (425, 2, 24.644, 88),
    (426, 3, 28.150, 88),
    (427, 4, 44.659, 88),
    (428, 5, 50.371, 88),
    (429, 1, 12.447, 89),
    (430, 2, 20.951, 89),
    (431, 3, 29.311, 89),
    (432, 4, 37.274, 89),
    (433, 5, 49.417, 89),
    (434, 1, 13.505, 90),
    (435, 2, 16.157, 90),
    (436, 3, 33.926, 90),
    (437, 4, 37.741, 90),
    (438, 5, 51.356, 90),
    (439, 1, 11.103, 91),
    (440, 2, 19.123, 91),
    (441, 3, 33.939, 91),
    (442, 4, 40.993, 91),
    (443, 5, 50.675, 91),
    (444, 1, 8.200, 92),
    (445, 2, 17.201, 92),
    (446, 3, 33.923, 92),
    (447, 4, 40.697, 92),
    (448, 5, 47.389, 92),
    (449, 1, 12.677, 93),
    (450, 2, 24.265, 93),
    (451, 3, 28.201, 93),
    (452, 4, 43.825, 93),
    (453, 5, 47.815, 93),
    (454, 1, 13.712, 94),
    (455, 2, 22.515, 94),
    (456, 3, 26.836, 94),
    (457, 4, 39.908, 94),
    (458, 5, 48.782, 94),
    (459, 1, 12.909, 95),
    (460, 2, 21.688, 95),
    (461, 3, 30.236, 95),
    (462, 4, 42.968, 95),
    (463, 5, 48.590, 95),
    (464, 1, 14.449, 96),
    (465, 2, 19.559, 96),
    (466, 3, 29.525, 96),
    (467, 4, 38.440, 96),
    (468, 5, 48.279, 96),
    (469, 1, 13.923, 97),
    (470, 2, 21.698, 97),
    (471, 3, 33.703, 97),
    (472, 4, 51.314, 97),
    (473, 5, 64.321, 97),
    (474, 1, 16.659, 98),
    (475, 2, 24.564, 98),
    (476, 3, 35.118, 98),
    (477, 4, 44.455, 98),
    (478, 5, 61.769, 98),
    (479, 1, 8.393, 99),
    (480, 2, 22.976, 99),
    (481, 3, 40.784, 99),
    (482, 4, 44.803, 99),
    (483, 5, 64.540, 99),
    (484, 1, 14.351, 100),
    (485, 2, 27.166, 100),
    (486, 3, 36.919, 100),
    (487, 4, 51.922, 100),
    (488, 5, 60.182, 100),
    (489, 1, 10.352, 101),
    (490, 2, 24.555, 101),
    (491, 3, 36.312, 101),
    (492, 4, 45.438, 101),
    (493, 5, 61.696, 101),
    (494, 1, 13.123, 102),
    (495, 2, 23.464, 102),
    (496, 3, 33.111, 102),
    (497, 4, 45.387, 102),
    (498, 5, 64.120, 102),
    (499, 1, 13.429, 103),
    (500, 2, 27.337, 103),
    (501, 3, 40.665, 103),
    (502, 4, 46.803, 103),
    (503, 5, 60.149, 103),
    (504, 1, 15.150, 104),
    (505, 2, 28.926, 104),
    (506, 3, 32.719, 104),
    (507, 4, 49.930, 104),
    (508, 5, 57.466, 104),
    (509, 1, 16.613, 105),
    (510, 2, 22.885, 105),
    (511, 3, 38.329, 105),
    (512, 4, 51.915, 105),
    (513, 5, 61.126, 105),
    (514, 1, 14.476, 106),
    (515, 2, 28.176, 106),
    (516, 3, 36.593, 106),
    (517, 4, 44.973, 106),
    (518, 5, 56.784, 106),
    (519, 1, 13.198, 107),
    (520, 2, 24.997, 107),
    (521, 3, 32.229, 107),
    (522, 4, 47.182, 107),
    (523, 5, 61.649, 107),
    (524, 1, 13.200, 108),
    (525, 2, 27.584, 108),
    (526, 3, 40.644, 108),
    (527, 4, 45.665, 108),
    (528, 5, 64.137, 108),
    (529, 1, 15.334, 110),
    (530, 2, 21.672, 110),
    (531, 3, 33.694, 110),
    (532, 4, 45.649, 110),
    (533, 5, 62.186, 110),
    (534, 1, 12.327, 111),
    (535, 2, 20.248, 111),
    (536, 3, 39.235, 111),
    (537, 4, 51.653, 111),
    (538, 5, 64.627, 111),
    (539, 1, 15.586, 112),
    (540, 2, 21.247, 112),
    (541, 3, 37.425, 112),
    (542, 4, 52.793, 112),
    (543, 5, 57.270, 112),
    (544, 1, 9.811, 113),
    (545, 2, 20.324, 113),
    (546, 3, 38.733, 113),
    (547, 4, 48.831, 113),
    (548, 5, 57.472, 113),
    (549, 1, 11.464, 114),
    (550, 2, 22.484, 114),
    (551, 3, 37.286, 114),
    (552, 4, 49.450, 114),
    (553, 5, 60.142, 114),
    (554, 1, 12.149, 115),
    (555, 2, 23.997, 115),
    (556, 3, 40.284, 115),
    (557, 4, 46.648, 115),
    (558, 5, 64.116, 115),
    (559, 1, 14.577, 116),
    (560, 2, 25.593, 116),
    (561, 3, 32.972, 116),
    (562, 4, 52.129, 116),
    (563, 5, 56.137, 116),
    (564, 1, 15.282, 117),
    (565, 2, 21.925, 117),
    (566, 3, 38.604, 117),
    (567, 4, 50.484, 117),
    (568, 5, 56.473, 117),
    (569, 1, 12.352, 118),
    (570, 2, 28.661, 118),
    (571, 3, 32.162, 118),
    (572, 4, 44.925, 118),
    (573, 5, 61.624, 118),
    (574, 1, 12.136, 119),
    (575, 2, 21.390, 119),
    (576, 3, 32.412, 119),
    (577, 4, 48.262, 119),
    (578, 5, 63.366, 119),
    (579, 1, 14.360, 120),
    (580, 2, 21.941, 120),
    (581, 3, 36.655, 120),
    (582, 4, 48.554, 120),
    (583, 5, 58.913, 120),
    (584, 1, 12.562, 121),
    (585, 2, 24.895, 121),
    (586, 3, 34.361, 121),
    (587, 4, 49.713, 121),
    (588, 5, 57.614, 121),
    (589, 1, 13.672, 122),
    (590, 2, 21.723, 122),
    (591, 3, 39.567, 122),
    (592, 4, 50.743, 122),
    (593, 5, 62.693, 122),
    (594, 1, 10.260, 123),
    (595, 2, 20.290, 123),
    (596, 3, 36.612, 123),
    (597, 4, 47.408, 123),
    (598, 5, 57.925, 123),
    (599, 1, 15.414, 124),
    (600, 2, 24.425, 124),
    (601, 3, 35.387, 124),
    (602, 4, 46.896, 124),
    (603, 5, 57.283, 124),
    (604, 1, 15.256, 125),
    (605, 2, 24.794, 125),
    (606, 3, 35.519, 125),
    (607, 4, 52.253, 125),
    (608, 5, 59.583, 125),
    (609, 1, 10.239, 126),
    (610, 2, 28.797, 126),
    (611, 3, 40.219, 126),
    (612, 4, 44.704, 126),
    (613, 5, 61.442, 126),
    (614, 1, 13.280, 127),
    (615, 2, 21.136, 127),
    (616, 3, 40.120, 127),
    (617, 4, 47.603, 127),
    (618, 5, 59.974, 127),
    (619, 1, 10.520, 128),
    (620, 2, 23.198, 128),
    (621, 3, 36.404, 128),
    (622, 4, 45.524, 128),
    (623, 5, 60.566, 128),
    (624, 1, 8.150, 129),
    (625, 2, 25.908, 129),
    (626, 3, 35.842, 129),
    (627, 4, 46.460, 129),
    (628, 5, 57.609, 129),
    (629, 1, 9.770, 130),
    (630, 2, 21.757, 130),
    (631, 3, 38.656, 130),
    (632, 4, 47.530, 130),
    (633, 5, 61.907, 130),
    (634, 1, 14.349, 131),
    (635, 2, 28.530, 131),
    (636, 3, 40.358, 131),
    (637, 4, 46.415, 131),
    (638, 5, 60.703, 131),
    (639, 1, 15.987, 132),
    (640, 2, 28.653, 132),
    (641, 3, 32.512, 132),
    (642, 4, 46.695, 132),
    (643, 5, 58.224, 132),
    (644, 1, 14.603, 133),
    (645, 2, 21.244, 133),
    (646, 3, 37.997, 133),
    (647, 4, 46.378, 133),
    (648, 5, 60.743, 133),
    (649, 1, 14.108, 134),
    (650, 2, 25.442, 134),
    (651, 3, 34.490, 134),
    (652, 4, 48.946, 134),
    (653, 5, 63.635, 134),
    (654, 1, 9.503, 135),
    (655, 2, 20.708, 135),
    (656, 3, 37.468, 135),
    (657, 4, 49.562, 135),
    (658, 5, 59.614, 135),
    (659, 1, 8.818, 136),
    (660, 2, 28.963, 136),
    (661, 3, 32.795, 136),
    (662, 4, 47.305, 136),
    (663, 5, 58.270, 136),
    (664, 1, 9.594, 137),
    (665, 2, 23.342, 137),
    (666, 3, 38.941, 137),
    (667, 4, 47.314, 137),
    (668, 5, 64.755, 137),
    (669, 1, 8.885, 138),
    (670, 2, 24.751, 138),
    (671, 3, 32.708, 138),
    (672, 4, 51.502, 138),
    (673, 5, 61.671, 138),
    (674, 1, 11.108, 139),
    (675, 2, 21.260, 139),
    (676, 3, 37.968, 139),
    (677, 4, 44.811, 139),
    (678, 5, 64.920, 139),
    (679, 1, 15.326, 140),
    (680, 2, 25.970, 140),
    (681, 3, 34.975, 140),
    (682, 4, 48.836, 140),
    (683, 5, 58.213, 140),
    (684, 1, 12.179, 141),
    (685, 2, 25.231, 141),
    (686, 3, 39.417, 141),
    (687, 4, 48.979, 141),
    (688, 5, 56.130, 141),
    (689, 1, 8.307, 142),
    (690, 2, 21.550, 142),
    (691, 3, 35.253, 142),
    (692, 4, 45.421, 142),
    (693, 5, 60.147, 142),
    (694, 1, 13.601, 143),
    (695, 2, 21.651, 143),
    (696, 3, 37.680, 143),
    (697, 4, 45.378, 143),
    (698, 5, 59.432, 143),
    (699, 1, 14.297, 144),
    (700, 2, 23.396, 144),
    (701, 3, 35.690, 144),
    (702, 1, 11.902, 145),
    (703, 2, 28.582, 145),
    (704, 3, 33.692, 145),
    (705, 4, 49.553, 145),
    (706, 5, 62.356, 145),
    (707, 1, 8.146, 146),
    (708, 2, 26.717, 146),
    (709, 3, 35.322, 146),
    (710, 4, 49.599, 146),
    (711, 5, 60.892, 146),
    (712, 1, 9.259, 147),
    (713, 2, 23.259, 147),
    (714, 3, 37.420, 147),
    (715, 4, 51.884, 147),
    (716, 5, 56.363, 147),
    (717, 1, 13.300, 148),
    (718, 2, 26.914, 148),
    (719, 3, 35.629, 148),
    (720, 4, 44.648, 148),
    (721, 5, 63.323, 148),
    (722, 1, 14.831, 149),
    (723, 2, 25.978, 149),
    (724, 3, 36.686, 149),
    (725, 4, 52.734, 149),
    (726, 5, 59.301, 149),
    (727, 1, 9.159, 150),
    (728, 2, 24.511, 150),
    (729, 3, 37.554, 150),
    (730, 4, 49.444, 150),
    (731, 5, 59.175, 150),
    (732, 1, 14.341, 151),
    (733, 2, 24.175, 151),
    (734, 3, 35.802, 151),
    (735, 4, 50.465, 151),
    (736, 5, 60.309, 151),
    (737, 1, 16.421, 152),
    (738, 2, 23.263, 152),
    (739, 3, 35.122, 152),
    (740, 4, 52.467, 152),
    (741, 5, 60.185, 152),
    (742, 1, 13.297, 153),
    (743, 2, 21.834, 153),
    (744, 3, 34.426, 153),
    (745, 4, 45.336, 153),
    (746, 5, 64.230, 153),
    (747, 1, 14.588, 154),
    (748, 2, 26.353, 154),
    (749, 3, 38.625, 154),
    (750, 4, 47.602, 154),
    (751, 5, 61.999, 154),
    (752, 1, 12.582, 155),
    (753, 2, 28.875, 155),
    (754, 3, 33.332, 155),
    (755, 4, 51.901, 155),
    (756, 5, 62.338, 155),
    (757, 1, 8.953, 156),
    (758, 2, 27.719, 156),
    (759, 3, 35.105, 156),
    (760, 4, 47.973, 156),
    (761, 5, 62.702, 156),
    (762, 1, 9.986, 157),
    (763, 2, 27.914, 157),
    (764, 3, 40.578, 157),
    (765, 4, 51.940, 157),
    (766, 5, 61.390, 157),
    (767, 1, 16.239, 158),
    (768, 2, 21.914, 158),
    (769, 3, 34.969, 158),
    (770, 4, 47.579, 158),
    (771, 5, 59.999, 158),
    (772, 1, 9.611, 159),
    (773, 2, 21.752, 159),
    (774, 1, 8.611, 160),
    (775, 2, 24.441, 160),
    (776, 3, 39.341, 160),
    (777, 4, 45.413, 160),
    (778, 5, 58.619, 160),
    (779, 1, 12.347, 161),
    (780, 2, 26.311, 161),
    (781, 3, 32.704, 161),
    (782, 4, 49.508, 161),
    (783, 5, 56.823, 161),
    (784, 1, 8.334, 163),
    (785, 2, 20.445, 163),
    (786, 3, 38.840, 163),
    (787, 4, 51.493, 163),
    (788, 5, 63.947, 163),
    (789, 1, 15.285, 164),
    (790, 2, 28.739, 164),
    (791, 3, 35.810, 164),
    (792, 4, 52.319, 164),
    (793, 5, 64.850, 164),
    (794, 1, 8.686, 165),
    (795, 2, 24.142, 165),
    (796, 3, 38.399, 165),
    (797, 4, 44.568, 165),
    (798, 5, 62.785, 165),
    (799, 1, 8.238, 166),
    (800, 2, 20.991, 166),
    (801, 3, 35.332, 166),
    (802, 4, 46.970, 166),
    (803, 5, 61.488, 166),
    (804, 1, 9.280, 167),
    (805, 2, 28.417, 167),
    (806, 3, 34.209, 167),
    (807, 4, 47.419, 167),
    (808, 5, 56.899, 167),
    (809, 1, 10.758, 168),
    (810, 2, 26.351, 168),
    (811, 3, 33.625, 168),
    (812, 4, 50.766, 168),
    (813, 5, 64.577, 168),
    (814, 1, 16.948, 169),
    (815, 2, 24.215, 169),
    (816, 3, 39.762, 169),
    (817, 4, 52.355, 169),
    (818, 5, 64.944, 169),
    (819, 1, 8.405, 170),
    (820, 2, 24.338, 170),
    (821, 3, 39.810, 170),
    (822, 4, 51.270, 170),
    (823, 5, 63.685, 170),
    (824, 1, 12.320, 171),
    (825, 2, 27.171, 171),
    (826, 3, 36.594, 171),
    (827, 4, 47.126, 171),
    (828, 5, 60.101, 171),
    (829, 1, 8.282, 172),
    (830, 2, 27.238, 172),
    (831, 3, 32.660, 172),
    (832, 4, 48.717, 172),
    (833, 5, 62.660, 172),
    (834, 1, 14.373, 173),
    (835, 2, 21.388, 173),
    (836, 3, 32.184, 173),
    (837, 4, 47.309, 173),
    (838, 5, 64.788, 173),
    (839, 1, 16.930, 174),
    (840, 2, 20.420, 174),
    (841, 3, 36.385, 174),
    (842, 4, 50.185, 174),
    (843, 5, 61.296, 174),
    (844, 1, 9.589, 175),
    (845, 2, 25.463, 175),
    (846, 3, 40.264, 175),
    (847, 4, 44.127, 175),
    (848, 5, 63.134, 175),
    (849, 1, 8.996, 176),
    (850, 2, 23.324, 176),
    (851, 3, 32.669, 176),
    (852, 4, 44.234, 176),
    (853, 5, 59.122, 176),
    (854, 1, 15.585, 177),
    (855, 2, 26.719, 177),
    (856, 3, 40.549, 177),
    (857, 4, 46.904, 177),
    (858, 5, 58.130, 177),
    (859, 1, 12.994, 178),
    (860, 2, 28.371, 178),
    (861, 3, 32.590, 178),
    (862, 4, 50.198, 178),
    (863, 5, 61.707, 178),
    (864, 1, 16.732, 179),
    (865, 2, 28.215, 179),
    (866, 3, 34.687, 179),
    (867, 4, 47.718, 179),
    (868, 5, 62.166, 179),
    (869, 1, 22.614, 181),
    (870, 2, 36.296, 181),
    (871, 3, 59.753, 181),
    (872, 4, 78.350, 181),
    (873, 5, 102.262, 181),
    (874, 1, 19.814, 182),
    (875, 2, 37.463, 182),
    (876, 3, 57.386, 182),
    (877, 4, 84.624, 182),
    (878, 5, 104.851, 182),
    (879, 1, 17.948, 183),
    (880, 2, 36.811, 183),
    (881, 3, 57.472, 183),
    (882, 4, 80.610, 183),
    (883, 5, 100.187, 183),
    (884, 1, 23.101, 184),
    (885, 2, 39.869, 184),
    (886, 3, 62.767, 184),
    (887, 4, 77.733, 184),
    (888, 5, 102.747, 184),
    (889, 1, 24.181, 185),
    (890, 2, 38.785, 185),
    (891, 3, 62.314, 185),
    (892, 4, 79.297, 185),
    (893, 5, 101.888, 185),
    (894, 1, 20.855, 186),
    (895, 2, 36.900, 186),
    (896, 3, 58.720, 186),
    (897, 4, 78.968, 186),
    (898, 5, 102.752, 186),
    (899, 1, 18.797, 187),
    (900, 2, 43.303, 187),
    (901, 3, 56.324, 187),
    (902, 4, 81.745, 187),
    (903, 5, 101.270, 187),
    (904, 1, 24.714, 188),
    (905, 2, 43.813, 188),
    (906, 3, 57.337, 188),
    (907, 4, 76.234, 188),
    (908, 5, 103.411, 188),
    (909, 1, 23.457, 189),
    (910, 2, 41.827, 189),
    (911, 3, 56.195, 189),
    (912, 4, 83.543, 189),
    (913, 5, 98.342, 189),
    (914, 1, 24.584, 190),
    (915, 2, 44.212, 190),
    (916, 3, 58.823, 190),
    (917, 4, 80.784, 190),
    (918, 5, 100.631, 190),
    (919, 1, 18.457, 192),
    (920, 2, 42.499, 192),
    (921, 3, 58.703, 192),
    (922, 4, 84.743, 192),
    (923, 5, 99.414, 192),
    (924, 1, 17.741, 193),
    (925, 2, 39.639, 193),
    (926, 3, 64.421, 193),
    (927, 4, 84.507, 193),
    (928, 5, 97.657, 193),
    (929, 1, 20.181, 194),
    (930, 2, 38.102, 194),
    (931, 3, 63.585, 194),
    (932, 4, 81.562, 194),
    (933, 5, 102.706, 194),
    (934, 1, 16.864, 195),
    (935, 2, 39.308, 195),
    (936, 3, 60.211, 195),
    (937, 4, 83.109, 195),
    (938, 5, 96.897, 195),
    (939, 1, 22.253, 196),
    (940, 2, 37.614, 196),
    (941, 3, 57.392, 196),
    (942, 4, 84.513, 196),
    (943, 5, 102.808, 196),
    (944, 1, 19.692, 197),
    (945, 2, 43.592, 197),
    (946, 3, 56.948, 197),
    (947, 4, 76.730, 197),
    (948, 5, 101.429, 197),
    (949, 1, 16.699, 198),
    (950, 2, 38.615, 198),
    (951, 3, 61.963, 198),
    (952, 4, 80.618, 198),
    (953, 5, 102.361, 198),
    (954, 1, 23.724, 199),
    (955, 2, 42.432, 199),
    (956, 3, 59.870, 199),
    (957, 4, 82.272, 199),
    (958, 5, 99.126, 199),
    (959, 1, 19.524, 200),
    (960, 2, 40.286, 200),
    (961, 3, 60.102, 200),
    (962, 4, 78.925, 200),
    (963, 5, 98.954, 200),
    (964, 1, 22.337, 201),
    (965, 2, 39.912, 201),
    (966, 3, 62.402, 201),
    (967, 4, 77.201, 201),
    (968, 5, 102.138, 201),
    (969, 1, 16.712, 202),
    (970, 2, 44.850, 202),
    (971, 3, 64.638, 202),
    (972, 4, 77.745, 202),
    (973, 5, 99.329, 202),
    (974, 1, 21.482, 203),
    (975, 2, 42.829, 203),
    (976, 3, 61.118, 203),
    (977, 4, 79.376, 203),
    (978, 5, 104.708, 203),
    (979, 1, 20.980, 204),
    (980, 2, 37.549, 204),
    (981, 3, 59.276, 204),
    (982, 4, 80.310, 204),
    (983, 5, 96.251, 204),
    (984, 1, 17.140, 205),
    (985, 2, 41.497, 205),
    (986, 3, 60.432, 205),
    (987, 4, 80.279, 205),
    (988, 5, 97.949, 205),
    (989, 1, 22.973, 206),
    (990, 2, 36.495, 206),
    (991, 3, 56.961, 206),
    (992, 4, 76.964, 206),
    (993, 5, 97.130, 206),
    (994, 1, 17.641, 207),
    (995, 2, 43.678, 207),
    (996, 3, 64.893, 207),
    (997, 4, 84.841, 207),
    (998, 5, 97.119, 207),
    (999, 1, 22.231, 208),
    (1000, 2, 39.716, 208),
    (1001, 3, 59.702, 208),
    (1002, 4, 84.670, 208),
    (1003, 5, 101.638, 208),
    (1004, 1, 18.676, 209),
    (1005, 2, 43.925, 209),
    (1006, 3, 63.831, 209),
    (1007, 4, 77.728, 209),
    (1008, 5, 100.259, 209),
    (1009, 1, 18.906, 210),
    (1010, 2, 38.435, 210),
    (1011, 3, 62.425, 210),
    (1012, 4, 82.220, 210),
    (1013, 5, 99.314, 210),
    (1014, 1, 22.830, 211),
    (1015, 2, 44.635, 211),
    (1016, 3, 59.477, 211),
    (1017, 4, 77.777, 211),
    (1018, 5, 104.607, 211),
    (1019, 1, 19.160, 212),
    (1020, 2, 43.343, 212),
    (1021, 3, 61.975, 212),
    (1022, 4, 78.420, 212),
    (1023, 5, 98.139, 212),
    (1024, 1, 20.102, 213),
    (1025, 2, 40.899, 213),
    (1026, 3, 58.224, 213),
    (1027, 4, 79.299, 213),
    (1028, 5, 101.629, 213),
    (1029, 1, 19.352, 214),
    (1030, 2, 41.866, 214),
    (1031, 3, 63.691, 214),
    (1032, 4, 83.401, 214),
    (1033, 5, 101.359, 214),
    (1034, 1, 16.231, 215),
    (1035, 2, 39.146, 215),
    (1036, 3, 58.632, 215),
    (1037, 4, 78.808, 215),
    (1038, 1, 20.138, 216),
    (1039, 2, 38.995, 216),
    (1040, 3, 61.682, 216),
    (1041, 4, 78.512, 216),
    (1042, 5, 99.336, 216),
    (1043, 1, 19.400, 217),
    (1044, 2, 39.338, 217),
    (1045, 3, 58.878, 217),
    (1046, 4, 76.498, 217),
    (1047, 5, 103.876, 217),
    (1048, 1, 19.501, 218),
    (1049, 2, 43.792, 218),
    (1050, 3, 57.925, 218),
    (1051, 4, 81.239, 218),
    (1052, 5, 96.332, 218),
    (1053, 1, 18.855, 219),
    (1054, 2, 36.445, 219),
    (1055, 3, 63.583, 219),
    (1056, 4, 82.390, 219),
    (1057, 5, 100.742, 219),
    (1058, 1, 16.852, 220),
    (1059, 2, 37.195, 220),
    (1060, 3, 59.201, 220),
    (1061, 4, 84.879, 220),
    (1062, 5, 104.749, 220),
    (1063, 1, 19.787, 221),
    (1064, 2, 42.413, 221),
    (1065, 3, 58.616, 221),
    (1066, 4, 79.195, 221),
    (1067, 5, 99.698, 221),
    (1068, 1, 24.404, 222),
    (1069, 2, 40.454, 222),
    (1070, 3, 64.602, 222),
    (1071, 4, 83.848, 222),
    (1072, 5, 104.944, 222),
    (1073, 1, 23.162, 223),
    (1074, 2, 38.559, 223),
    (1075, 3, 61.978, 223),
    (1076, 4, 81.604, 223),
    (1077, 5, 97.790, 223),
    (1078, 1, 17.255, 224),
    (1079, 2, 43.853, 224),
    (1080, 3, 61.369, 224),
    (1081, 4, 80.365, 224),
    (1082, 5, 103.743, 224),
    (1083, 1, 20.749, 225),
    (1084, 2, 37.255, 225),
    (1085, 3, 56.733, 225),
    (1086, 4, 81.698, 225),
    (1087, 5, 101.718, 225),
    (1088, 1, 23.828, 226),
    (1089, 2, 37.762, 226),
    (1090, 3, 61.518, 226),
    (1091, 4, 77.556, 226),
    (1092, 5, 103.408, 226),
    (1093, 1, 20.900, 227),
    (1094, 2, 36.741, 227),
    (1095, 3, 60.827, 227),
    (1096, 4, 76.679, 227),
    (1097, 5, 102.150, 227),
    (1098, 1, 24.905, 228),
    (1099, 2, 42.456, 228),
    (1100, 3, 56.892, 228),
    (1101, 4, 82.972, 228),
    (1102, 5, 97.803, 228),
    (1103, 1, 24.298, 229),
    (1104, 2, 39.124, 229),
    (1105, 3, 64.717, 229),
    (1106, 4, 82.203, 229),
    (1107, 5, 100.195, 229),
    (1108, 1, 23.475, 230),
    (1109, 2, 39.749, 230),
    (1110, 3, 56.919, 230),
    (1111, 4, 80.857, 230),
    (1112, 5, 96.150, 230),
    (1113, 1, 24.892, 231),
    (1114, 2, 36.717, 231),
    (1115, 3, 57.841, 231),
    (1116, 4, 82.660, 231),
    (1117, 5, 100.833, 231),
    (1118, 1, 18.166, 232),
    (1119, 2, 42.458, 232),
    (1120, 3, 57.942, 232),
    (1121, 4, 82.313, 232),
    (1122, 5, 98.667, 232),
    (1123, 1, 23.471, 233),
    (1124, 2, 41.490, 233),
    (1125, 3, 64.268, 233),
    (1126, 4, 83.115, 233),
    (1127, 5, 104.637, 233),
    (1128, 1, 18.976, 234),
    (1129, 2, 42.496, 234),
    (1130, 3, 64.195, 234),
    (1131, 4, 84.885, 234),
    (1132, 5, 99.229, 234),
    (1133, 1, 18.197, 235),
    (1134, 2, 42.228, 235),
    (1135, 3, 59.196, 235),
    (1136, 4, 82.252, 235),
    (1137, 5, 104.985, 235),
    (1138, 1, 20.493, 236),
    (1139, 2, 42.519, 236),
    (1140, 3, 64.134, 236),
    (1141, 4, 76.116, 236),
    (1142, 5, 103.960, 236),
    (1143, 1, 19.886, 237),
    (1144, 2, 44.735, 237),
    (1145, 3, 59.822, 237),
    (1146, 4, 79.335, 237),
    (1147, 5, 98.447, 237),
    (1148, 1, 18.569, 238),
    (1149, 2, 44.212, 238),
    (1150, 3, 57.309, 238),
    (1151, 4, 78.351, 238),
    (1152, 5, 101.394, 238),
    (1153, 1, 22.561, 239),
    (1154, 2, 40.968, 239),
    (1155, 3, 61.463, 239),
    (1156, 4, 76.943, 239),
    (1157, 5, 101.164, 239),
    (1158, 1, 22.954, 240),
    (1159, 2, 43.956, 240),
    (1160, 3, 64.633, 240),
    (1161, 4, 84.953, 240),
    (1162, 5, 97.581, 240),
    (1163, 1, 19.415, 241),
    (1164, 2, 41.437, 241),
    (1165, 3, 60.843, 241),
    (1166, 4, 76.238, 241),
    (1167, 5, 102.339, 241),
    (1168, 1, 18.817, 242),
    (1169, 2, 41.140, 242),
    (1170, 3, 64.832, 242),
    (1171, 4, 80.930, 242),
    (1172, 5, 101.408, 242),
    (1173, 1, 20.471, 243),
    (1174, 2, 37.911, 243),
    (1175, 3, 61.366, 243),
    (1176, 4, 82.929, 243),
    (1177, 5, 102.538, 243),
    (1178, 1, 23.507, 244),
    (1179, 2, 44.809, 244),
    (1180, 3, 57.783, 244),
    (1181, 4, 84.328, 244),
    (1182, 5, 98.485, 244),
    (1183, 1, 20.521, 245),
    (1184, 2, 40.661, 245),
    (1185, 3, 56.163, 245),
    (1186, 4, 84.172, 245),
    (1187, 5, 101.358, 245),
    (1188, 1, 23.541, 246),
    (1189, 2, 44.283, 246),
    (1190, 3, 59.669, 246),
    (1191, 4, 83.157, 246),
    (1192, 5, 98.535, 246),
    (1193, 1, 21.110, 247),
    (1194, 2, 41.345, 247),
    (1195, 3, 58.373, 247),
    (1196, 4, 81.885, 247),
    (1197, 5, 101.758, 247),
    (1198, 1, 21.958, 248),
    (1199, 2, 41.777, 248),
    (1200, 3, 60.820, 248),
    (1201, 4, 76.610, 248),
    (1202, 5, 101.900, 248),
    (1203, 1, 18.877, 249),
    (1204, 2, 40.447, 249),
    (1205, 3, 60.693, 249),
    (1206, 4, 77.691, 249),
    (1207, 5, 99.645, 249),
    (1208, 1, 19.460, 250),
    (1209, 2, 37.448, 250),
    (1210, 3, 61.306, 250),
    (1211, 4, 84.604, 250),
    (1212, 5, 102.231, 250),
    (1213, 1, 22.751, 251),
    (1214, 2, 38.987, 251),
    (1215, 3, 64.206, 251),
    (1216, 4, 78.595, 251),
    (1217, 5, 101.316, 251),
    (1218, 1, 19.635, 252),
    (1219, 2, 43.325, 252),
    (1220, 3, 56.466, 252),
    (1221, 4, 84.328, 252),
    (1222, 5, 99.931, 252),
    (1223, 1, 16.719, 253),
    (1224, 2, 41.646, 253),
    (1225, 3, 63.701, 253),
    (1226, 4, 80.540, 253),
    (1227, 5, 101.148, 253),
    (1228, 1, 16.732, 254),
    (1229, 2, 40.331, 254),
    (1230, 3, 64.663, 254),
    (1231, 4, 77.902, 254),
    (1232, 5, 99.512, 254),
    (1233, 1, 16.682, 255),
    (1234, 2, 36.203, 255),
    (1235, 3, 60.785, 255),
    (1236, 4, 79.972, 255),
    (1237, 5, 103.551, 255),
    (1238, 1, 16.456, 256),
    (1239, 2, 38.634, 256),
    (1240, 3, 61.563, 256),
    (1241, 1, 16.609, 257),
    (1242, 2, 44.348, 257),
    (1243, 3, 58.277, 257),
    (1244, 4, 81.324, 257),
    (1245, 5, 104.953, 257),
    (1246, 1, 17.192, 258),
    (1247, 2, 39.582, 258),
    (1248, 3, 60.782, 258),
    (1249, 4, 83.561, 258),
    (1250, 5, 96.702, 258),
    (1251, 1, 24.926, 259),
    (1252, 2, 39.809, 259),
    (1253, 3, 64.472, 259),
    (1254, 4, 77.878, 259),
    (1255, 5, 100.256, 259),
    (1256, 1, 18.227, 260),
    (1257, 2, 41.430, 260),
    (1258, 3, 64.175, 260),
    (1259, 4, 81.779, 260),
    (1260, 5, 96.628, 260),
    (1261, 1, 23.933, 261),
    (1262, 2, 42.688, 261),
    (1263, 3, 63.920, 261),
    (1264, 4, 83.768, 261),
    (1265, 5, 104.818, 261),
    (1266, 1, 17.207, 262),
    (1267, 2, 39.172, 262),
    (1268, 3, 58.667, 262),
    (1269, 4, 84.970, 262),
    (1270, 5, 96.252, 262),
    (1271, 1, 18.913, 263),
    (1272, 2, 38.118, 263),
    (1273, 3, 64.601, 263),
    (1274, 4, 76.364, 263),
    (1275, 5, 103.464, 263),
    (1276, 1, 21.132, 264),
    (1277, 2, 40.712, 264),
    (1278, 3, 61.348, 264),
    (1279, 4, 84.392, 264),
    (1280, 5, 103.391, 264),
    (1281, 1, 20.345, 265),
    (1282, 2, 39.642, 265),
    (1283, 3, 62.361, 265),
    (1284, 4, 80.530, 265),
    (1285, 5, 96.167, 265),
    (1286, 1, 19.269, 267),
    (1287, 2, 36.462, 267),
    (1288, 3, 59.507, 267),
    (1289, 4, 80.174, 267),
    (1290, 5, 103.862, 267),
    (1291, 1, 16.827, 268),
    (1292, 2, 37.868, 268),
    (1293, 3, 59.660, 268),
    (1294, 4, 84.311, 268),
    (1295, 5, 99.551, 268),
    (1296, 1, 21.889, 269),
    (1297, 2, 43.370, 269),
    (1298, 3, 57.943, 269),
    (1299, 4, 81.316, 269),
    (1300, 5, 96.985, 269),
    (1301, 1, 18.237, 270),
    (1302, 2, 42.504, 270),
    (1303, 3, 63.589, 270),
    (1304, 4, 83.739, 270),
    (1305, 5, 100.637, 270),
    (1306, 1, 23.112, 271),
    (1307, 2, 39.751, 271),
    (1308, 3, 56.658, 271),
    (1309, 4, 76.953, 271),
    (1310, 5, 103.304, 271),
    (1311, 1, 17.260, 272),
    (1312, 2, 36.777, 272),
    (1313, 3, 63.278, 272),
    (1314, 4, 78.525, 272),
    (1315, 5, 96.514, 272),
    (1316, 1, 24.250, 273),
    (1317, 2, 40.266, 273),
    (1318, 3, 61.697, 273),
    (1319, 4, 83.822, 273),
    (1320, 5, 97.709, 273),
    (1321, 1, 21.312, 274),
    (1322, 2, 43.597, 274),
    (1323, 3, 56.112, 274),
    (1324, 4, 77.828, 274),
    (1325, 5, 98.739, 274),
    (1326, 1, 16.912, 275),
    (1327, 2, 37.368, 275),
    (1328, 3, 64.196, 275),
    (1329, 4, 82.687, 275),
    (1330, 5, 100.420, 275),
    (1331, 1, 16.769, 276),
    (1332, 2, 43.865, 276),
    (1333, 3, 64.920, 276),
    (1334, 4, 81.994, 276),
    (1335, 5, 99.507, 276),
    (1336, 1, 24.567, 277),
    (1337, 2, 41.731, 277),
    (1338, 3, 61.794, 277),
    (1339, 4, 81.435, 277),
    (1340, 5, 96.592, 277),
    (1341, 1, 22.472, 278),
    (1342, 2, 43.209, 278),
    (1343, 3, 58.278, 278),
    (1344, 4, 81.553, 278),
    (1345, 5, 101.329, 278),
    (1346, 1, 24.567, 279),
    (1347, 2, 41.969, 279),
    (1348, 3, 61.570, 279),
    (1349, 4, 82.292, 279),
    (1350, 5, 96.363, 279),
    (1351, 1, 19.363, 280),
    (1352, 2, 42.668, 280),
    (1353, 3, 63.298, 280),
    (1354, 4, 77.717, 280),
    (1355, 5, 99.994, 280),
    (1356, 1, 17.106, 281),
    (1357, 2, 42.895, 281),
    (1358, 3, 61.950, 281),
    (1359, 4, 82.836, 281),
    (1360, 5, 104.400, 281),
    (1361, 1, 23.905, 282),
    (1362, 2, 43.188, 282),
    (1363, 3, 63.584, 282),
    (1364, 4, 82.770, 282),
    (1365, 5, 102.851, 282),
    (1366, 1, 23.596, 283),
    (1367, 2, 36.129, 283),
    (1368, 3, 64.603, 283),
    (1369, 4, 76.205, 283),
    (1370, 5, 100.789, 283),
    (1371, 1, 17.785, 284),
    (1372, 2, 43.753, 284),
    (1373, 3, 61.258, 284),
    (1374, 4, 81.375, 284),
    (1375, 5, 102.782, 284),
    (1376, 1, 16.904, 285),
    (1377, 2, 40.303, 285),
    (1378, 3, 61.171, 285),
    (1379, 4, 76.547, 285),
    (1380, 5, 96.933, 285),
    (1381, 1, 21.710, 286),
    (1382, 2, 43.350, 286),
    (1383, 3, 56.271, 286),
    (1384, 4, 78.980, 286),
    (1385, 5, 101.326, 286),
    (1386, 1, 24.301, 287),
    (1387, 1, 17.201, 288),
    (1388, 2, 40.612, 288),
    (1389, 3, 64.322, 288),
    (1390, 4, 83.322, 288),
    (1391, 5, 104.691, 288),
    (1392, 1, 19.428, 289),
    (1393, 2, 37.849, 289),
    (1394, 3, 59.316, 289),
    (1395, 4, 82.167, 289),
    (1396, 5, 102.842, 289),
    (1397, 1, 20.551, 290),
    (1398, 2, 39.513, 290),
    (1399, 3, 64.360, 290),
    (1400, 4, 76.262, 290),
    (1401, 5, 100.766, 290),
    (1402, 1, 19.237, 291),
    (1403, 2, 43.523, 291),
    (1404, 3, 63.660, 291),
    (1405, 4, 84.746, 291),
    (1406, 5, 98.533, 291),
    (1407, 1, 24.267, 292),
    (1408, 2, 39.778, 292),
    (1409, 3, 58.730, 292),
    (1410, 4, 84.342, 292),
    (1411, 5, 101.684, 292),
    (1412, 1, 22.667, 293),
    (1413, 2, 42.953, 293),
    (1414, 3, 61.185, 293),
    (1415, 4, 76.904, 293),
    (1416, 5, 103.210, 293),
    (1417, 1, 24.865, 294),
    (1418, 2, 42.410, 294),
    (1419, 3, 58.130, 294),
    (1420, 4, 82.656, 294),
    (1421, 5, 104.439, 294),
    (1422, 1, 23.270, 295),
    (1423, 2, 36.234, 295),
    (1424, 3, 64.770, 295),
    (1425, 4, 79.917, 295),
    (1426, 5, 97.784, 295),
    (1427, 1, 24.589, 296),
    (1428, 2, 40.746, 296),
    (1429, 3, 64.266, 296),
    (1430, 4, 81.261, 296),
    (1431, 5, 101.679, 296),
    (1432, 1, 21.687, 297),
    (1433, 2, 44.708, 297),
    (1434, 3, 56.524, 297),
    (1435, 4, 82.690, 297),
    (1436, 5, 102.826, 297),
    (1437, 1, 23.109, 298),
    (1438, 2, 39.150, 298),
    (1439, 3, 56.967, 298),
    (1440, 1, 16.324, 299),
    (1441, 2, 44.170, 299),
    (1442, 3, 56.285, 299),
    (1443, 4, 77.433, 299),
    (1444, 5, 102.490, 299),
    (1445, 1, 24.203, 300),
    (1446, 2, 39.122, 300),
    (1447, 3, 64.108, 300),
    (1448, 4, 84.306, 300),
    (1449, 5, 99.462, 300),
    (1450, 1, 20.341, 301),
    (1451, 2, 41.759, 301),
    (1452, 3, 59.907, 301),
    (1453, 4, 79.476, 301),
    (1454, 5, 100.323, 301),
    (1455, 1, 18.265, 302),
    (1456, 2, 43.499, 302),
    (1457, 3, 59.293, 302),
    (1458, 4, 82.696, 302),
    (1459, 5, 104.112, 302),
    (1460, 1, 19.952, 303),
    (1461, 2, 36.757, 303),
    (1462, 3, 59.571, 303),
    (1463, 4, 77.801, 303),
    (1464, 5, 101.374, 303),
    (1465, 1, 18.508, 304),
    (1466, 2, 42.507, 304),
    (1467, 3, 63.934, 304),
    (1468, 4, 83.229, 304),
    (1469, 5, 103.409, 304),
    (1470, 1, 18.619, 305),
    (1471, 2, 40.328, 305),
    (1472, 3, 64.668, 305),
    (1473, 4, 81.429, 305),
    (1474, 5, 99.906, 305),
    (1475, 1, 23.672, 306),
    (1476, 2, 38.555, 306),
    (1477, 3, 59.179, 306),
    (1478, 4, 81.789, 306),
    (1479, 5, 96.655, 306),
    (1480, 1, 21.280, 307),
    (1481, 2, 37.612, 307),
    (1482, 3, 61.384, 307),
    (1483, 4, 76.907, 307),
    (1484, 5, 99.462, 307),
    (1485, 1, 21.694, 308),
    (1486, 2, 42.299, 308),
    (1487, 3, 56.367, 308),
    (1488, 4, 78.444, 308),
    (1489, 5, 98.502, 308),
    (1490, 1, 21.630, 309),
    (1491, 2, 44.684, 309),
    (1492, 3, 57.685, 309),
    (1493, 4, 78.818, 309),
    (1494, 5, 99.698, 309),
    (1495, 1, 24.887, 310),
    (1496, 2, 44.502, 310),
    (1497, 3, 57.541, 310),
    (1498, 4, 76.164, 310),
    (1499, 5, 96.985, 310),
    (1500, 1, 23.278, 311),
    (1501, 2, 42.127, 311),
    (1502, 3, 63.775, 311),
    (1503, 4, 82.705, 311),
    (1504, 5, 98.329, 311),
    (1505, 1, 20.164, 312),
    (1506, 2, 38.644, 312),
    (1507, 3, 58.402, 312),
    (1508, 1, 19.891, 313),
    (1509, 2, 43.531, 313),
    (1510, 3, 63.981, 313),
    (1511, 4, 80.441, 313),
    (1512, 5, 96.578, 313),
    (1513, 1, 16.560, 314),
    (1514, 2, 43.372, 314),
    (1515, 3, 62.430, 314),
    (1516, 4, 83.331, 314),
    (1517, 5, 102.835, 314),
    (1518, 1, 22.866, 315),
    (1519, 2, 41.835, 315),
    (1520, 3, 61.240, 315),
    (1521, 4, 79.913, 315),
    (1522, 5, 96.450, 315),
    (1523, 1, 19.208, 316),
    (1524, 2, 38.241, 316),
    (1525, 3, 59.590, 316),
    (1526, 4, 79.719, 316),
    (1527, 5, 100.388, 316),
    (1528, 1, 17.662, 317),
    (1529, 2, 41.712, 317),
    (1530, 3, 64.609, 317),
    (1531, 4, 79.875, 317),
    (1532, 5, 101.749, 317),
    (1533, 1, 21.475, 318),
    (1534, 2, 39.402, 318),
    (1535, 3, 56.787, 318),
    (1536, 4, 84.902, 318),
    (1537, 5, 101.952, 318),
    (1538, 1, 21.328, 319),
    (1539, 2, 44.285, 319),
    (1540, 3, 61.797, 319),
    (1541, 4, 77.545, 319),
    (1542, 5, 100.522, 319),
    (1543, 1, 19.254, 320),
    (1544, 2, 37.579, 320),
    (1545, 3, 62.882, 320),
    (1546, 4, 78.127, 320),
    (1547, 5, 97.606, 320),
    (1548, 1, 22.622, 321),
    (1549, 2, 40.293, 321),
    (1550, 3, 61.524, 321),
    (1551, 4, 78.495, 321),
    (1552, 5, 96.105, 321),
    (1553, 1, 16.995, 322),
    (1554, 2, 41.287, 322),
    (1555, 3, 63.677, 322),
    (1556, 4, 81.596, 322),
    (1557, 5, 103.458, 322),
    (1558, 1, 22.257, 323),
    (1559, 2, 38.408, 323),
    (1560, 3, 61.733, 323),
    (1561, 4, 82.174, 323),
    (1562, 5, 99.673, 323),
    (1563, 1, 21.123, 324),
    (1564, 2, 42.249, 324),
    (1565, 3, 57.412, 324),
    (1566, 4, 80.289, 324),
    (1567, 5, 96.394, 324),
    (1568, 1, 24.455, 325),
    (1569, 2, 44.981, 325),
    (1570, 3, 62.925, 325),
    (1571, 4, 82.786, 325),
    (1572, 5, 102.121, 325),
    (1573, 1, 22.324, 326),
    (1574, 2, 39.864, 326),
    (1575, 3, 62.808, 326),
    (1576, 4, 79.605, 326),
    (1577, 5, 97.330, 326),
    (1578, 1, 17.919, 327),
    (1579, 2, 44.521, 327),
    (1580, 3, 60.399, 327),
    (1581, 4, 77.181, 327),
    (1582, 5, 96.517, 327),
    (1583, 1, 20.788, 328),
    (1584, 2, 40.812, 328),
    (1585, 3, 58.901, 328),
    (1586, 4, 78.635, 328),
    (1587, 5, 98.850, 328),
    (1588, 1, 20.995, 329),
    (1589, 2, 36.727, 329),
    (1590, 3, 64.693, 329),
    (1591, 4, 84.597, 329),
    (1592, 5, 98.957, 329),
    (1593, 1, 17.192, 330),
    (1594, 2, 37.674, 330),
    (1595, 3, 56.156, 330),
    (1596, 4, 76.993, 330),
    (1597, 5, 99.694, 330),
    (1598, 1, 16.504, 331),
    (1599, 2, 42.488, 331),
    (1600, 3, 58.263, 331),
    (1601, 4, 78.963, 331),
    (1602, 5, 98.270, 331),
    (1603, 1, 22.353, 332),
    (1604, 2, 37.984, 332),
    (1605, 3, 60.894, 332),
    (1606, 4, 77.201, 332),
    (1607, 5, 96.879, 332),
    (1608, 1, 22.885, 334),
    (1609, 2, 42.808, 334),
    (1610, 3, 56.783, 334),
    (1611, 4, 84.822, 334),
    (1612, 5, 97.869, 334),
    (1613, 1, 16.441, 335),
    (1614, 2, 41.722, 335),
    (1615, 3, 60.736, 335),
    (1616, 4, 82.632, 335),
    (1617, 5, 104.672, 335),
    (1618, 1, 19.242, 336),
    (1619, 2, 36.194, 336),
    (1620, 3, 63.914, 336),
    (1621, 4, 83.875, 336),
    (1622, 5, 102.218, 336),
    (1623, 1, 21.969, 337),
    (1624, 2, 40.300, 337),
    (1625, 3, 60.959, 337),
    (1626, 4, 80.467, 337),
    (1627, 5, 103.545, 337),
    (1628, 1, 18.465, 338),
    (1629, 2, 36.659, 338),
    (1630, 3, 58.848, 338),
    (1631, 4, 81.144, 338),
    (1632, 5, 97.661, 338),
    (1633, 1, 16.495, 339),
    (1634, 2, 36.559, 339),
    (1635, 3, 62.665, 339),
    (1636, 4, 78.395, 339),
    (1637, 5, 97.371, 339),
    (1638, 1, 22.488, 340),
    (1639, 2, 37.289, 340),
    (1640, 3, 56.493, 340),
    (1641, 4, 81.416, 340),
    (1642, 5, 104.395, 340),
    (1643, 1, 23.505, 341),
    (1644, 2, 37.936, 341),
    (1645, 3, 56.182, 341),
    (1646, 4, 80.964, 341),
    (1647, 5, 98.604, 341),
    (1648, 1, 20.915, 342),
    (1649, 2, 43.633, 342),
    (1650, 3, 61.450, 342),
    (1651, 4, 82.887, 342),
    (1652, 5, 97.995, 342),
    (1653, 1, 23.999, 343),
    (1654, 2, 42.237, 343),
    (1655, 3, 64.476, 343),
    (1656, 4, 77.896, 343),
    (1657, 5, 98.158, 343),
    (1658, 1, 17.279, 344),
    (1659, 2, 44.671, 344),
    (1660, 3, 61.673, 344),
    (1661, 4, 76.944, 344),
    (1662, 5, 99.218, 344),
    (1663, 1, 19.893, 345),
    (1664, 2, 40.418, 345),
    (1665, 3, 62.739, 345),
    (1666, 4, 81.104, 345),
    (1667, 5, 103.531, 345),
    (1668, 1, 17.865, 346),
    (1669, 2, 41.766, 346),
    (1670, 3, 61.224, 346),
    (1671, 4, 78.702, 346),
    (1672, 5, 97.486, 346),
    (1673, 1, 17.696, 347),
    (1674, 2, 42.352, 347),
    (1675, 3, 64.620, 347),
    (1676, 4, 81.495, 347),
    (1677, 5, 100.432, 347),
    (1678, 1, 23.765, 348),
    (1679, 2, 36.117, 348),
    (1680, 3, 62.180, 348),
    (1681, 4, 76.495, 348),
    (1682, 5, 101.144, 348),
    (1683, 1, 20.422, 350),
    (1684, 2, 40.698, 350),
    (1685, 3, 56.407, 350),
    (1686, 4, 84.638, 350),
    (1687, 5, 98.107, 350),
    (1688, 1, 21.836, 351),
    (1689, 2, 38.156, 351),
    (1690, 3, 59.994, 351),
    (1691, 4, 81.483, 351),
    (1692, 5, 103.609, 351),
    (1693, 1, 23.215, 352),
    (1694, 2, 41.378, 352),
    (1695, 3, 57.204, 352),
    (1696, 4, 77.885, 352),
    (1697, 5, 98.652, 352),
    (1698, 1, 20.429, 353),
    (1699, 2, 39.873, 353),
    (1700, 3, 59.178, 353),
    (1701, 4, 80.615, 353),
    (1702, 5, 97.367, 353),
    (1703, 1, 17.516, 354),
    (1704, 2, 39.374, 354),
    (1705, 3, 58.719, 354),
    (1706, 4, 82.345, 354),
    (1707, 5, 104.450, 354),
    (1708, 1, 16.191, 355),
    (1709, 2, 36.996, 355),
    (1710, 3, 63.227, 355),
    (1711, 4, 76.904, 355),
    (1712, 5, 103.431, 355),
    (1713, 1, 21.926, 356),
    (1714, 2, 40.634, 356),
    (1715, 3, 60.533, 356),
    (1716, 4, 81.635, 356),
    (1717, 5, 100.601, 356),
    (1718, 1, 20.648, 357),
    (1719, 2, 39.158, 357),
    (1720, 3, 58.589, 357),
    (1721, 4, 77.652, 357),
    (1722, 5, 101.572, 357),
    (1723, 1, 17.368, 358),
    (1724, 2, 36.749, 358),
    (1725, 3, 64.326, 358),
    (1726, 4, 83.849, 358),
    (1727, 5, 101.695, 358),
    (1728, 1, 22.411, 359),
    (1729, 2, 43.755, 359),
    (1730, 3, 58.148, 359),
    (1731, 4, 83.763, 359),
    (1732, 5, 96.657, 359),
    (1733, 1, 17.948, 360),
    (1734, 2, 41.132, 360),
    (1735, 3, 59.118, 360),
    (1736, 4, 77.493, 360),
    (1737, 5, 102.506, 360),
    (1738, 1, 17.615, 361),
    (1739, 2, 38.463, 361),
    (1740, 3, 64.218, 361),
    (1741, 4, 81.803, 361),
    (1742, 5, 100.648, 361),
    (1743, 1, 16.218, 362),
    (1744, 2, 36.295, 362),
    (1745, 3, 59.624, 362),
    (1746, 4, 84.336, 362),
    (1747, 5, 98.953, 362),
    (1748, 1, 22.516, 363),
    (1749, 2, 38.608, 363),
    (1750, 3, 61.847, 363),
    (1751, 4, 76.374, 363),
    (1752, 5, 101.804, 363),
    (1753, 1, 19.515, 364),
    (1754, 2, 42.177, 364),
    (1755, 1, 22.284, 365),
    (1756, 2, 39.149, 365),
    (1757, 3, 63.132, 365),
    (1758, 4, 79.441, 365),
    (1759, 5, 98.101, 365),
    (1760, 1, 17.489, 366),
    (1761, 2, 42.316, 366),
    (1762, 3, 59.882, 366),
    (1763, 4, 84.461, 366),
    (1764, 5, 101.320, 366),
    (1765, 1, 24.639, 367),
    (1766, 2, 37.956, 367),
    (1767, 3, 60.192, 367),
    (1768, 4, 77.640, 367),
    (1769, 5, 97.228, 367),
    (1770, 1, 20.767, 368),
    (1771, 2, 38.304, 368),
    (1772, 3, 61.226, 368),
    (1773, 4, 79.176, 368),
    (1774, 5, 99.655, 368),
    (1775, 1, 22.394, 369),
    (1776, 2, 41.267, 369),
    (1777, 3, 56.317, 369),
    (1778, 4, 76.173, 369),
    (1779, 5, 97.393, 369),
    (1780, 1, 9.965, 370),
    (1781, 2, 21.914, 370),
    (1782, 3, 30.118, 370),
    (1783, 4, 40.605, 370),
    (1784, 5, 51.897, 370),
    (1785, 1, 7.760, 371),
    (1786, 2, 23.688, 371),
    (1787, 3, 27.555, 371),
    (1788, 4, 40.576, 371),
    (1789, 5, 52.504, 371),
    (1790, 1, 13.782, 372),
    (1791, 2, 22.312, 372),
    (1792, 3, 28.471, 372),
    (1793, 4, 43.932, 372),
    (1794, 5, 50.219, 372),
    (1795, 1, 14.139, 373),
    (1796, 2, 23.422, 373),
    (1797, 3, 29.765, 373),
    (1798, 4, 44.211, 373),
    (1799, 5, 48.442, 373),
    (1800, 1, 7.899, 374),
    (1801, 2, 20.531, 374),
    (1802, 3, 28.376, 374),
    (1803, 4, 38.943, 374),
    (1804, 5, 50.675, 374),
    (1805, 1, 6.503, 375),
    (1806, 2, 16.151, 375),
    (1807, 3, 33.757, 375),
    (1808, 4, 40.405, 375),
    (1809, 5, 47.980, 375),
    (1810, 1, 7.735, 376),
    (1811, 2, 23.389, 376),
    (1812, 3, 28.401, 376),
    (1813, 4, 36.167, 376),
    (1814, 5, 49.209, 376),
    (1815, 1, 6.764, 377),
    (1816, 2, 20.858, 377),
    (1817, 3, 26.144, 377),
    (1818, 4, 40.744, 377),
    (1819, 5, 52.247, 377),
    (1820, 1, 8.121, 378),
    (1821, 2, 20.394, 378),
    (1822, 3, 33.590, 378),
    (1823, 4, 44.947, 378),
    (1824, 5, 53.308, 378),
    (1825, 1, 13.721, 380),
    (1826, 2, 16.833, 380),
    (1827, 3, 29.349, 380),
    (1828, 4, 43.233, 380),
    (1829, 5, 51.357, 380),
    (1830, 1, 8.576, 381),
    (1831, 2, 17.723, 381),
    (1832, 3, 33.262, 381),
    (1833, 4, 43.222, 381),
    (1834, 5, 51.410, 381),
    (1835, 1, 10.205, 382),
    (1836, 2, 16.787, 382),
    (1837, 3, 32.630, 382),
    (1838, 4, 40.931, 382),
    (1839, 5, 51.505, 382),
    (1840, 1, 10.255, 383),
    (1841, 2, 21.997, 383),
    (1842, 3, 31.697, 383),
    (1843, 4, 40.676, 383),
    (1844, 5, 49.444, 383),
    (1845, 1, 10.591, 384),
    (1846, 2, 24.997, 384),
    (1847, 3, 32.773, 384),
    (1848, 4, 40.671, 384),
    (1849, 1, 8.266, 385),
    (1850, 2, 21.917, 385),
    (1851, 3, 28.112, 385),
    (1852, 4, 43.627, 385),
    (1853, 5, 50.225, 385),
    (1854, 1, 12.279, 386),
    (1855, 2, 24.361, 386),
    (1856, 3, 33.688, 386),
    (1857, 4, 36.951, 386),
    (1858, 5, 48.532, 386),
    (1859, 1, 11.779, 387),
    (1860, 2, 24.880, 387),
    (1861, 3, 27.565, 387),
    (1862, 4, 44.124, 387),
    (1863, 5, 53.392, 387),
    (1864, 1, 7.369, 388),
    (1865, 2, 18.135, 388),
    (1866, 3, 29.269, 388),
    (1867, 4, 36.770, 388),
    (1868, 5, 53.997, 388),
    (1869, 1, 14.732, 389),
    (1870, 2, 20.157, 389),
    (1871, 3, 32.172, 389),
    (1872, 4, 40.589, 389),
    (1873, 5, 54.328, 389),
    (1874, 1, 12.724, 390),
    (1875, 2, 18.456, 390),
    (1876, 3, 27.601, 390),
    (1877, 4, 43.234, 390),
    (1878, 5, 47.648, 390),
    (1879, 1, 12.516, 391),
    (1880, 2, 19.784, 391),
    (1881, 3, 31.508, 391),
    (1882, 4, 38.373, 391),
    (1883, 5, 46.788, 391),
    (1884, 1, 8.342, 392),
    (1885, 2, 21.294, 392),
    (1886, 3, 30.343, 392),
    (1887, 4, 42.989, 392),
    (1888, 5, 53.122, 392),
    (1889, 1, 11.669, 393),
    (1890, 2, 16.570, 393),
    (1891, 3, 27.671, 393),
    (1892, 4, 36.225, 393),
    (1893, 5, 48.205, 393),
    (1894, 1, 6.376, 394),
    (1895, 2, 19.770, 394),
    (1896, 3, 34.464, 394),
    (1897, 4, 38.903, 394),
    (1898, 5, 51.856, 394),
    (1899, 1, 11.931, 395),
    (1900, 2, 16.140, 395),
    (1901, 3, 33.782, 395),
    (1902, 4, 44.476, 395),
    (1903, 5, 53.759, 395),
    (1904, 1, 10.744, 396),
    (1905, 2, 16.864, 396),
    (1906, 3, 34.764, 396),
    (1907, 4, 39.798, 396),
    (1908, 5, 46.352, 396),
    (1909, 1, 10.515, 397),
    (1910, 2, 21.391, 397),
    (1911, 3, 26.306, 397),
    (1912, 4, 42.978, 397),
    (1913, 5, 48.626, 397),
    (1914, 1, 6.675, 398),
    (1915, 2, 22.921, 398),
    (1916, 3, 32.132, 398),
    (1917, 4, 41.308, 398),
    (1918, 5, 51.801, 398),
    (1919, 1, 13.164, 399),
    (1920, 2, 20.868, 399),
    (1921, 3, 32.411, 399),
    (1922, 4, 43.244, 399),
    (1923, 5, 46.969, 399),
    (1924, 1, 8.851, 400),
    (1925, 2, 17.544, 400),
    (1926, 3, 26.141, 400),
    (1927, 4, 43.887, 400),
    (1928, 5, 54.753, 400),
    (1929, 1, 6.458, 401),
    (1930, 2, 19.251, 401),
    (1931, 3, 26.470, 401),
    (1932, 4, 43.215, 401),
    (1933, 5, 49.135, 401),
    (1934, 1, 14.434, 402),
    (1935, 2, 18.348, 402),
    (1936, 3, 31.423, 402),
    (1937, 4, 41.410, 402),
    (1938, 5, 47.645, 402),
    (1939, 1, 13.106, 403),
    (1940, 2, 22.625, 403),
    (1941, 3, 30.685, 403),
    (1942, 4, 43.384, 403),
    (1943, 5, 46.757, 403),
    (1944, 1, 9.294, 404),
    (1945, 2, 19.590, 404),
    (1946, 3, 30.204, 404),
    (1947, 4, 41.517, 404),
    (1948, 5, 49.531, 404),
    (1949, 1, 13.169, 405),
    (1950, 2, 17.538, 405),
    (1951, 3, 30.110, 405),
    (1952, 4, 40.575, 405),
    (1953, 5, 50.193, 405),
    (1954, 1, 12.239, 406),
    (1955, 2, 24.751, 406),
    (1956, 3, 34.991, 406),
    (1957, 4, 40.608, 406),
    (1958, 5, 47.118, 406),
    (1959, 1, 6.513, 407),
    (1960, 2, 16.929, 407),
    (1961, 3, 29.535, 407),
    (1962, 4, 37.129, 407),
    (1963, 5, 46.368, 407),
    (1964, 1, 11.594, 408),
    (1965, 2, 24.590, 408),
    (1966, 3, 28.537, 408),
    (1967, 4, 38.704, 408),
    (1968, 5, 50.892, 408),
    (1969, 1, 9.623, 409),
    (1970, 2, 19.643, 409),
    (1971, 3, 33.406, 409),
    (1972, 4, 39.966, 409),
    (1973, 5, 52.657, 409),
    (1974, 1, 10.182, 410),
    (1975, 2, 22.422, 410),
    (1976, 3, 31.401, 410),
    (1977, 4, 41.638, 410),
    (1978, 5, 49.648, 410),
    (1979, 1, 13.545, 411),
    (1980, 2, 22.348, 411),
    (1981, 3, 27.914, 411),
    (1982, 4, 38.923, 411),
    (1983, 5, 48.749, 411),
    (1984, 1, 12.609, 412),
    (1985, 2, 17.387, 412),
    (1986, 3, 31.806, 412),
    (1987, 4, 44.822, 412),
    (1988, 5, 48.576, 412),
    (1989, 1, 12.907, 413),
    (1990, 2, 19.508, 413),
    (1991, 3, 27.268, 413),
    (1992, 4, 40.296, 413),
    (1993, 5, 48.335, 413),
    (1994, 1, 14.231, 414),
    (1995, 2, 18.985, 414),
    (1996, 3, 31.870, 414),
    (1997, 4, 38.346, 414),
    (1998, 5, 49.998, 414),
    (1999, 1, 12.487, 415),
    (2000, 2, 16.207, 415),
    (2001, 3, 28.763, 415),
    (2002, 4, 37.390, 415),
    (2003, 5, 50.195, 415),
    (2004, 1, 13.564, 416),
    (2005, 2, 24.372, 416),
    (2006, 3, 33.895, 416),
    (2007, 4, 43.101, 416),
    (2008, 5, 50.491, 416),
    (2009, 1, 9.913, 417),
    (2010, 2, 24.507, 417),
    (2011, 3, 34.660, 417),
    (2012, 4, 42.341, 417),
    (2013, 5, 52.124, 417),
    (2014, 1, 13.858, 418),
    (2015, 2, 24.296, 418),
    (2016, 3, 31.801, 418),
    (2017, 4, 36.240, 418),
    (2018, 5, 50.584, 418),
    (2019, 1, 12.888, 419),
    (2020, 2, 16.650, 419),
    (2021, 3, 32.174, 419),
    (2022, 4, 38.148, 419),
    (2023, 5, 49.740, 419),
    (2024, 1, 13.936, 420),
    (2025, 2, 20.384, 420),
    (2026, 3, 32.720, 420),
    (2027, 4, 40.379, 420),
    (2028, 5, 49.641, 420),
    (2029, 1, 12.480, 421),
    (2030, 2, 17.680, 421),
    (2031, 3, 31.660, 421),
    (2032, 4, 44.390, 421),
    (2033, 5, 51.980, 421),
    (2034, 1, 14.919, 422),
    (2035, 2, 22.610, 422),
    (2036, 3, 30.525, 422),
    (2037, 4, 38.252, 422),
    (2038, 5, 50.438, 422),
    (2039, 1, 11.817, 423),
    (2040, 2, 24.770, 423),
    (2041, 3, 28.127, 423),
    (2042, 4, 40.178, 423),
    (2043, 5, 54.400, 423),
    (2044, 1, 13.219, 424),
    (2045, 2, 17.963, 424),
    (2046, 3, 31.297, 424),
    (2047, 4, 37.781, 424),
    (2048, 5, 50.493, 424),
    (2049, 1, 12.786, 425),
    (2050, 2, 23.457, 425),
    (2051, 3, 28.371, 425),
    (2052, 4, 38.815, 425),
    (2053, 5, 53.981, 425),
    (2054, 1, 11.102, 426),
    (2055, 2, 16.955, 426),
    (2056, 3, 26.317, 426),
    (2057, 4, 41.549, 426),
    (2058, 5, 47.223, 426),
    (2059, 1, 13.702, 427),
    (2060, 2, 17.188, 427),
    (2061, 3, 27.930, 427),
    (2062, 4, 38.898, 427),
    (2063, 5, 47.485, 427),
    (2064, 1, 9.823, 428),
    (2065, 2, 24.469, 428),
    (2066, 3, 33.516, 428),
    (2067, 4, 41.191, 428),
    (2068, 5, 48.953, 428),
    (2069, 1, 14.212, 429),
    (2070, 2, 19.349, 429),
    (2071, 3, 34.580, 429),
    (2072, 4, 44.996, 429),
    (2073, 5, 53.795, 429),
    (2074, 1, 14.311, 430),
    (2075, 2, 18.638, 430),
    (2076, 3, 34.502, 430),
    (2077, 4, 40.153, 430),
    (2078, 5, 47.505, 430),
    (2079, 1, 8.126, 431),
    (2080, 2, 18.134, 431),
    (2081, 3, 28.181, 431),
    (2082, 4, 43.352, 431),
    (2083, 5, 52.603, 431),
    (2084, 1, 7.683, 432),
    (2085, 2, 18.103, 432),
    (2086, 3, 28.893, 432),
    (2087, 4, 38.378, 432),
    (2088, 5, 48.132, 432),
    (2089, 1, 7.463, 433),
    (2090, 2, 21.580, 433),
    (2091, 3, 26.812, 433),
    (2092, 4, 44.204, 433),
    (2093, 5, 47.905, 433),
    (2094, 1, 9.867, 434),
    (2095, 2, 22.469, 434),
    (2096, 3, 32.941, 434),
    (2097, 4, 40.175, 434),
    (2098, 5, 46.475, 434),
    (2099, 1, 6.648, 435),
    (2100, 2, 19.299, 435),
    (2101, 3, 29.371, 435),
    (2102, 4, 44.735, 435),
    (2103, 5, 52.590, 435),
    (2104, 1, 11.353, 436),
    (2105, 2, 24.247, 436),
    (2106, 3, 30.368, 436),
    (2107, 4, 36.326, 436),
    (2108, 5, 50.628, 436),
    (2109, 1, 12.409, 437),
    (2110, 2, 24.571, 437),
    (2111, 3, 30.836, 437),
    (2112, 4, 38.400, 437),
    (2113, 5, 46.895, 437),
    (2114, 1, 14.334, 438),
    (2115, 2, 17.678, 438),
    (2116, 3, 34.161, 438),
    (2117, 4, 39.963, 438),
    (2118, 5, 53.848, 438),
    (2119, 1, 13.600, 439),
    (2120, 2, 18.582, 439),
    (2121, 3, 27.215, 439),
    (2122, 4, 40.398, 439),
    (2123, 5, 46.653, 439),
    (2124, 1, 8.868, 440),
    (2125, 2, 21.723, 440),
    (2126, 3, 29.577, 440),
    (2127, 4, 36.675, 440),
    (2128, 5, 54.328, 440),
    (2129, 1, 8.940, 441),
    (2130, 2, 17.905, 441),
    (2131, 3, 26.243, 441),
    (2132, 4, 44.582, 441),
    (2133, 5, 52.172, 441),
    (2134, 1, 14.172, 442),
    (2135, 2, 19.420, 442),
    (2136, 3, 26.286, 442),
    (2137, 4, 40.371, 442),
    (2138, 5, 54.873, 442),
    (2139, 1, 9.713, 443),
    (2140, 2, 24.611, 443),
    (2141, 3, 31.926, 443),
    (2142, 4, 37.691, 443),
    (2143, 5, 50.322, 443),
    (2144, 1, 6.804, 444),
    (2145, 2, 22.177, 444),
    (2146, 3, 31.881, 444),
    (2147, 4, 44.342, 444),
    (2148, 5, 48.322, 444),
    (2149, 1, 13.793, 445),
    (2150, 2, 17.935, 445),
    (2151, 3, 31.793, 445),
    (2152, 4, 43.564, 445),
    (2153, 5, 50.384, 445),
    (2154, 1, 7.253, 446),
    (2155, 2, 16.211, 446),
    (2156, 3, 34.814, 446),
    (2157, 4, 39.588, 446),
    (2158, 5, 47.517, 446),
    (2159, 1, 12.661, 447),
    (2160, 2, 21.260, 447),
    (2161, 3, 27.718, 447),
    (2162, 4, 39.181, 447),
    (2163, 5, 47.690, 447),
    (2164, 1, 9.505, 448),
    (2165, 2, 20.110, 448),
    (2166, 3, 27.721, 448),
    (2167, 4, 37.979, 448),
    (2168, 5, 52.247, 448),
    (2169, 1, 9.555, 449),
    (2170, 2, 18.966, 449),
    (2171, 3, 30.827, 449),
    (2172, 4, 36.918, 449),
    (2173, 5, 49.423, 449),
    (2174, 1, 7.252, 450),
    (2175, 2, 16.345, 450),
    (2176, 3, 30.783, 450),
    (2177, 4, 42.376, 450),
    (2178, 5, 54.792, 450),
    (2179, 1, 10.977, 451),
    (2180, 2, 24.233, 451),
    (2181, 3, 27.265, 451),
    (2182, 4, 37.687, 451),
    (2183, 5, 50.167, 451),
    (2184, 1, 6.666, 452),
    (2185, 2, 22.419, 452),
    (2186, 3, 32.954, 452),
    (2187, 4, 39.866, 452),
    (2188, 5, 49.154, 452),
    (2189, 1, 7.170, 453),
    (2190, 2, 16.538, 453),
    (2191, 3, 32.927, 453),
    (2192, 4, 38.386, 453),
    (2193, 5, 46.332, 453),
    (2194, 1, 10.254, 454),
    (2195, 2, 21.732, 454),
    (2196, 3, 27.828, 454),
    (2197, 4, 38.132, 454),
    (2198, 5, 54.263, 454),
    (2199, 1, 11.351, 455),
    (2200, 2, 23.460, 455),
    (2201, 3, 34.228, 455),
    (2202, 4, 40.751, 455),
    (2203, 5, 50.688, 455),
    (2204, 1, 13.588, 456),
    (2205, 2, 18.750, 456),
    (2206, 3, 31.423, 456),
    (2207, 4, 38.933, 456),
    (2208, 5, 50.443, 456),
    (2209, 1, 7.741, 458),
    (2210, 2, 18.734, 458),
    (2211, 3, 30.461, 458),
    (2212, 4, 42.210, 458),
    (2213, 5, 54.660, 458),
    (2214, 1, 6.746, 459),
    (2215, 2, 24.211, 459),
    (2216, 3, 27.431, 459),
    (2217, 4, 44.458, 459),
    (2218, 5, 51.993, 459),
    (2219, 1, 6.553, 460),
    (2220, 2, 23.465, 460),
    (2221, 3, 34.207, 460),
    (2222, 4, 40.991, 460),
    (2223, 5, 52.234, 460),
    (2224, 1, 6.916, 461),
    (2225, 2, 16.240, 461),
    (2226, 3, 28.692, 461),
    (2227, 4, 41.823, 461),
    (2228, 5, 54.558, 461),
    (2229, 1, 14.836, 462),
    (2230, 2, 23.567, 462),
    (2231, 3, 34.436, 462),
    (2232, 4, 41.597, 462),
    (2233, 5, 54.464, 462);
