INSERT OR REPLACE
INTO race_type
    (name, run_count)
VALUES
    ('Downhill', 1),
    ('Super-G', 1),
    ('Slalom', 2),
    ('Giant Slalom', 2);

INSERT OR REPLACE
INTO country
    (code)
VALUES
    ('AFG'),
    ('AND'),
    ('ARG'),
    ('ARM'),
    ('AUS'),
    ('AUT'),
    ('BEL'),
    ('BLR'),
    ('BUL'),
    ('CAN'),
    ('CHI'),
    ('CHN'),
    ('COL'),
    ('CRO'),
    ('CYP'),
    ('CZE'),
    ('DEN'),
    ('ESP'),
    ('FIN'),
    ('FRA'),
    ('GBR'),
    ('GEO'),
    ('GER'),
    ('GRE'),
    ('HUN'),
    ('IND'),
    ('IRI'),
    ('IRL'),
    ('ITA'),
    ('JPN'),
    ('KAZ'),
    ('KGZ'),
    ('KOR'),
    ('KOS'),
    ('LAT'),
    ('LBN'),
    ('LIE'),
    ('MAS'),
    ('MKD'),
    ('MNE'),
    ('MON'),
    ('NED'),
    ('NEP'),
    ('NOR'),
    ('NZL'),
    ('PAK'),
    ('POL'),
    ('ROU'),
    ('RUS'),
    ('SLO'),
    ('SRB'),
    ('SUI'),
    ('SVK'),
    ('SWE'),
    ('TUR'),
    ('UKR'),
    ('USA'),
    ('UZB');

INSERT OR REPLACE
INTO location
    (id, name, country_code)
VALUES
    (1, 'Adelboden', 'SUI'),
    (2, 'Alta Badia', 'ITA'),
    (3, 'Bansko', 'BUL'),
    (4, 'Beaver Creek', 'USA'),
    (5, 'Bormio', 'ITA'),
    (6, 'Chamonix', 'FRA'),
    (7, 'Cortina d''Ampezzo', 'ITA'),
    (8, 'Courchevel', 'FRA'),
    (9, 'Crans-Montana', 'SUI'),
    (10, 'Flachau', 'AUT'),
    (11, 'Garmisch-Partenkirchen', 'GER'),
    (12, 'Hinterstoder', 'AUT'),
    (13, 'Killington', 'USA'),
    (14, 'Kitzbühel', 'AUT'),
    (15, 'Kranjska Gora', 'SLO'),
    (16, 'Kvitfjell', 'NOR'),
    (17, 'La Thuile', 'ITA'),
    (18, 'Lake Louise', 'CAN'),
    (19, 'Levi', 'FIN'),
    (20, 'Lienz', 'AUT'),
    (21, 'Madonna di Campiglio', 'ITA'),
    (22, 'Maribor', 'SLO'),
    (23, 'Ofterschwang', 'GER'),
    (24, 'Rosa Khutor', 'RUS'),
    (25, 'Schladming', 'AUT'),
    (26, 'St. Moritz', 'SUI'),
    (27, 'Sölden', 'AUT'),
    (28, 'Val d''Isère', 'FRA'),
    (29, 'Val Gardena/Groeden', 'ITA'),
    (30, 'Wengen', 'SUI'),
    (31, 'Yanqing', 'CHN'),
    (32, 'Yuzawa Naeba', 'JPN'),
    (33, 'Zagreb', 'CRO'),
    (34, 'Zauchensee', 'AUT'),
    (35, 'Åre', 'SWE');

INSERT OR REPLACE
INTO country
    (code)
VALUES
    ('AFG'),
    ('AND'),
    ('ARG'),
    ('ARM'),
    ('AUS'),
    ('AUT'),
    ('BEL'),
    ('BLR'),
    ('BUL'),
    ('CAN'),
    ('CHI'),
    ('CHN'),
    ('COL'),
    ('CRO'),
    ('CYP'),
    ('CZE'),
    ('DEN'),
    ('ESP'),
    ('FIN'),
    ('FRA'),
    ('GBR'),
    ('GEO'),
    ('GER'),
    ('GRE'),
    ('HUN'),
    ('IND'),
    ('IRI'),
    ('IRL'),
    ('ITA'),
    ('JPN'),
    ('KAZ'),
    ('KGZ'),
    ('KOR'),
    ('KOS'),
    ('LAT'),
    ('LBN'),
    ('LIE'),
    ('MAS'),
    ('MKD'),
    ('MNE'),
    ('MON'),
    ('NED'),
    ('NEP'),
    ('NOR'),
    ('NZL'),
    ('PAK'),
    ('POL'),
    ('ROU'),
    ('RUS'),
    ('SLO'),
    ('SRB'),
    ('SUI'),
    ('SVK'),
    ('SWE'),
    ('TUR'),
    ('UKR'),
    ('USA'),
    ('UZB');

INSERT OR REPLACE
INTO race
    (id, date, description, name, number_of_sensors, website, gender, location_id, race_type_name)
VALUES
    (1, '2019-01-26', NULL, 'Kitzbühel Slalom', 5, 'hahnenkamm.com', 'Male', 14, 'Slalom'),
    (2, '2019-01-29', 'The Schladming Slalom', 'Schladming Slalom', 5, 'thenightrace.at', 'Female', 25, 'Slalom'),
    (3, '2019-01-20', 'The Wengen Giant Slalom', 'Wengen Giant Slalom', 5, NULL, 'Male', 30, 'Giant Slalom'),
    (4, '2019-01-12', 'The Adelboden GiantSlalom', 'Adelboden Giant Slalom', 5, 'weltcup-adelboden.ch', 'Male', 1, 'Giant Slalom'),
    (5, '2019-01-13', 'The Adelboden Slalom', 'Adelboden Slalom', 5, 'weltcup-adelboden.ch', 'Male', 1, 'Slalom'),
    (6, '2019-01-06', NULL, 'Zagreb Slalom', 5, 'snowqueentrophy.com', 'Male', 33, 'Slalom'),
    (7, '2019-01-08', 'The Flachau Slalom', 'Flachau Slalom', 5, 'skiweltcup-flachau.at', 'Female', 10, 'Slalom'),
    (8, '2018-12-21', NULL, 'Courchevel Giant Slalom', 5, 'sportcourchevel.com', 'Female', 8, 'Giant Slalom'),
    (9, '2018-12-22', NULL, 'Courchevel Slalom', 5, 'sportcourchevel.com', 'Female', 8, 'Slalom');

INSERT OR REPLACE
INTO skier
    (id, archived, birthdate, first_name, last_name, gender, picture_url, country_code)
VALUES
    (1, 0, '1998-04-18', 'Ema', 'Martinez', 'Female', NULL, 'USA'),
    (2, 0, '1988-06-01', 'Donghyun', 'Jung', 'Male', NULL, 'KOR'),
    (3, 0, '2000-01-03', 'Jean', 'Kayrouz', 'Male', NULL, 'LBN'),
    (4, 0, '1999-03-11', 'Theodore', 'Coates', 'Male', NULL, 'AUS'),
    (5, 0, '1999-06-25', 'Lucien', 'Bryan', 'Male', NULL, 'USA'),
    (6, 0, '1998-02-10', 'Carlo', 'Dorn', 'Male', NULL, 'GER'),
    (7, 0, '2002-09-04', 'Bobby', 'Stevenish', 'Male', NULL, 'USA'),
    (8, 0, '2002-08-03', 'Sergey', 'Koprikov', 'Male', NULL, 'RUS'),
    (9, 0, '1999-10-24', 'Mihajlo', 'Djordjevic', 'Male', NULL, 'SRB'),
    (10, 0, '1995-02-12', 'Yuriy', 'Drugov', 'Male', NULL, 'RUS'),
    (11, 0, '2001-12-31', 'Gaia', 'Gianassi', 'Female', NULL, 'ITA'),
    (12, 0, '1982-07-01', 'Yo', 'Sugaya', 'Male', NULL, 'JPN'),
    (13, 0, '2002-11-27', 'Olga', 'Nowotny', 'Female', NULL, 'POL'),
    (14, 0, '1991-12-11', 'Ryo', 'Sugai', 'Male', NULL, 'JPN'),
    (15, 0, '1999-07-06', 'Arthur', 'Mugnier', 'Male', NULL, 'FRA'),
    (16, 0, '1969-09-23', 'Luca', 'Bongioanni', 'Male', NULL, 'ITA'),
    (17, 0, '1999-06-08', 'Serge', 'Salameh', 'Male', NULL, 'LBN'),
    (18, 0, '2000-12-24', 'Yuka', 'Miyajima', 'Female', NULL, 'JPN'),
    (19, 0, '2002-12-19', 'Alina', 'Ivleva', 'Female', NULL, 'RUS'),
    (20, 0, '2001-04-08', 'Matteo', 'Orsieres', 'Male', NULL, 'ITA'),
    (21, 0, '2001-10-01', 'Tina', 'Schaedle', 'Female', NULL, 'AUT'),
    (22, 0, '2002-12-26', 'Rinka', 'Shimizu', 'Female', NULL, 'JPN'),
    (23, 0, '2001-11-15', 'Elin', 'Baeccman', 'Female', NULL, 'SWE'),
    (24, 0, '1998-06-14', 'Davis', 'Zvejnieks', 'Male', NULL, 'LAT'),
    (25, 0, '2000-03-10', 'Bradshaw', 'Underhill', 'Male', NULL, 'USA'),
    (26, 0, '2001-01-24', 'Jelena', 'Vujicic', 'Female', NULL, 'MNE'),
    (27, 0, '2001-07-06', 'Maria', 'Astorgano', 'Female', NULL, 'ESP'),
    (28, 0, '2000-01-13', 'Philipp', 'Weissensteiner', 'Male', NULL, 'ITA'),
    (29, 0, '2000-07-19', 'Simon', 'Pavlas', 'Male', NULL, 'CZE'),
    (30, 0, '2000-02-04', 'Luca', 'Gstrein', 'Male', NULL, 'AUT'),
    (31, 0, '2002-03-31', 'Kotaro', 'Omiya', 'Male', NULL, 'JPN'),
    (32, 0, '2001-10-08', 'Ignacio', 'Burgos', 'Male', NULL, 'ESP'),
    (33, 0, '1998-02-19', 'Carina', 'Bracy', 'Female', NULL, 'USA'),
    (34, 0, '2000-02-17', 'Aleksandra', 'Karachun', 'Female', NULL, 'RUS'),
    (35, 0, '2000-05-12', 'Victoria', 'Berne', 'Female', NULL, 'FRA'),
    (36, 0, '1999-08-28', 'Sara', 'Lindstroem', 'Female', NULL, 'SWE'),
    (37, 0, '1994-04-29', 'Xiang', 'Fang', 'Male', NULL, 'CHN'),
    (38, 0, '1996-10-25', 'Ayumu', 'Onishi', 'Male', NULL, 'JPN'),
    (39, 0, '1999-07-22', 'Takanori', 'Saito', 'Male', NULL, 'JPN'),
    (40, 0, '2000-05-19', 'Mira', 'Raggl', 'Female', NULL, 'AUT'),
    (41, 0, '1999-07-28', 'Jeremy', 'Dubois', 'Male', NULL, 'FRA'),
    (42, 0, '2002-04-19', 'Adela', 'Kestlova', 'Female', NULL, 'CZE'),
    (43, 0, '2001-08-01', 'Fazal', 'Wadood', 'Male', NULL, 'PAK'),
    (44, 0, '2001-02-15', 'Sarah', 'Coombs', 'Female', NULL, 'USA'),
    (45, 0, '1991-09-22', 'Guillaume', 'Rambaud', 'Male', NULL, 'FRA'),
    (46, 0, '2002-08-21', 'Dominick', 'Epifanio', 'Male', NULL, 'USA'),
    (47, 0, '2002-05-11', 'Zoe', 'Priest', 'Female', NULL, 'CAN'),
    (48, 0, '1995-06-29', 'Nikolaos', 'Vasileiou', 'Male', NULL, 'GRE'),
    (49, 0, '2002-04-26', 'Nanna', 'Tuhkanen', 'Female', NULL, 'FIN'),
    (50, 0, '2000-05-31', 'Holden', 'Parazette', 'Male', NULL, 'USA'),
    (51, 0, '2001-05-08', 'Peter', 'Krol', 'Male', NULL, 'NED'),
    (52, 0, '1999-02-27', 'Bastien', 'Fracheboud', 'Male', NULL, 'SUI'),
    (53, 0, '1983-05-12', 'Cynthia', 'Denzler', 'Female', NULL, 'COL'),
    (54, 0, '2000-08-19', 'Enrico', 'Pletti', 'Male', NULL, 'ITA'),
    (55, 0, '1995-10-03', 'Paul', 'Perrier', 'Male', NULL, 'FRA'),
    (56, 0, '1994-07-18', 'Christine', 'Scheyer', 'Female', NULL, 'AUT'),
    (57, 0, '2002-03-12', 'Tiziano', 'Gravier', 'Male', NULL, 'ARG'),
    (58, 0, '1988-05-14', 'Kazufumi', 'Takizawa', 'Male', NULL, 'JPN'),
    (59, 0, '2001-09-13', 'Selina', 'Egloff', 'Female', NULL, 'SUI'),
    (60, 0, '1997-04-02', 'Amanda', 'Stenberg', 'Female', NULL, 'SWE'),
    (61, 0, '2000-02-10', 'Eemeli', 'Maklin', 'Male', NULL, 'FIN'),
    (62, 0, '2000-08-28', 'Paul', 'Jaquet', 'Male', NULL, 'SUI'),
    (63, 0, '1999-02-06', 'Paul', 'Menard', 'Male', NULL, 'USA'),
    (64, 0, '2002-01-09', 'Claire', 'Macdonell', 'Female', NULL, 'CAN'),
    (65, 0, '2001-06-23', 'Michele', 'Renzi', 'Male', NULL, 'ITA'),
    (66, 0, '2002-04-13', 'Lauren', 'Brackett', 'Female', NULL, 'CAN'),
    (67, 0, '2001-12-26', 'William', 'Pignon', 'Male', NULL, 'FRA'),
    (68, 0, '1990-03-12', 'Jakob', 'Eriksson', 'Male', NULL, 'SWE'),
    (69, 0, '2001-08-28', 'Sue', 'Fuchs', 'Female', NULL, 'SUI'),
    (70, 0, '1999-02-23', 'Emil', 'Persson', 'Male', NULL, 'SWE'),
    (71, 0, '2002-04-29', 'Andrew', 'Waldman', 'Male', NULL, 'USA'),
    (72, 0, '2001-01-25', 'Federico', 'Toscano', 'Male', NULL, 'SUI'),
    (73, 0, '2000-05-15', 'Eliot', 'Grandjean', 'Male', NULL, 'BEL'),
    (74, 0, '2001-08-28', 'Anna', 'Pertile', 'Female', NULL, 'ITA'),
    (75, 0, '2002-04-19', 'Francesco', 'Sanmartino', 'Male', NULL, 'ITA'),
    (76, 0, '2001-06-28', 'Illia', 'Kirbatov', 'Male', NULL, 'UKR'),
    (77, 0, '1990-03-08', 'Kohei', 'Ohashi', 'Male', NULL, 'JPN'),
    (78, 0, '2001-06-16', 'Hoshimi', 'Kotake', 'Female', NULL, 'JPN'),
    (79, 0, '2002-01-21', 'Miina', 'Sakuma', 'Female', NULL, 'JPN'),
    (80, 0, '2000-09-01', 'Yu', 'Bai', 'Male', NULL, 'CHN'),
    (81, 0, '2001-06-07', 'Jonas', 'Barsch', 'Male', NULL, 'SWE'),
    (82, 0, '2001-05-07', 'Michael', 'Dandy', 'Male', NULL, 'CAN'),
    (83, 0, '1993-05-12', 'Nicholas', 'Krause', 'Male', NULL, 'USA'),
    (84, 0, '1999-06-27', 'Christian', 'Arnold', 'Male', NULL, 'SUI'),
    (85, 0, '2001-07-07', 'Lukas', 'Hromec', 'Male', NULL, 'SVK'),
    (86, 0, '2002-10-12', 'Annika', 'Howell', 'Female', NULL, 'USA'),
    (87, 0, '1997-10-04', 'Virginia', 'Sosio', 'Female', NULL, 'ITA'),
    (88, 0, '2001-10-25', 'Angeliki', 'Maniati', 'Female', NULL, 'GRE'),
    (89, 0, '2002-04-23', 'Georgi', 'Konyarski', 'Male', NULL, 'BUL'),
    (90, 0, '1997-12-20', 'Thomas', 'Cote', 'Male', NULL, 'CAN'),
    (91, 0, '2000-09-20', 'Giovanni', 'Chiolini', 'Male', NULL, 'ITA'),
    (92, 0, '1993-07-06', 'Lukas', 'Kaefer', 'Male', NULL, 'AUT'),
    (93, 0, '2002-05-20', 'Lorenzo', 'Sandri', 'Male', NULL, 'ITA'),
    (94, 0, '1997-04-30', 'Katja', 'Grossmann', 'Female', NULL, 'SUI'),
    (95, 0, '2000-08-10', 'Catherine', 'Krupka', 'Female', NULL, 'USA'),
    (96, 0, '1992-06-14', 'Michaela', 'Wenig', 'Female', NULL, 'GER'),
    (97, 0, '1988-12-14', 'Roberto', 'Nani', 'Male', NULL, 'ITA'),
    (98, 0, '1998-04-30', 'Zaks', 'Gedra', 'Male', NULL, 'LAT'),
    (99, 0, '1998-02-05', 'Claire', 'Tan', 'Female', NULL, 'NED'),
    (100, 0, '1991-05-17', 'Hitomi', 'Sado', 'Female', NULL, 'JPN'),
    (101, 0, '1994-10-31', 'Charlotte', 'Chable', 'Female', NULL, 'SUI'),
    (102, 0, '1999-06-23', 'Anna', 'Trenary', 'Female', NULL, 'USA'),
    (103, 0, '2000-07-30', 'Arman', 'Gayupov', 'Male', NULL, 'UZB'),
    (104, 0, '1996-12-06', 'Jonas', 'Landshom', 'Male', NULL, 'NOR'),
    (105, 0, '2001-05-23', 'Paolo', 'Palmegiano', 'Male', NULL, 'ITA'),
    (106, 0, '2001-11-05', 'Milena', 'Goffredi', 'Female', NULL, 'ITA'),
    (107, 0, '2002-11-03', 'Leo', 'Oesterberg', 'Male', NULL, 'SWE'),
    (108, 0, '2002-01-25', 'Ryota', 'Yuji', 'Male', NULL, 'JPN'),
    (109, 0, '2002-12-26', 'Ryan', 'Becker', 'Male', NULL, 'USA'),
    (110, 0, '2002-12-04', 'Isabel', 'Guerenu', 'Female', NULL, 'ESP'),
    (111, 0, '1993-06-21', 'Mladen', 'Minic', 'Male', NULL, 'MNE'),
    (112, 0, '2002-01-24', 'Leonardo', 'Occoffer', 'Male', NULL, 'ITA'),
    (113, 0, '2002-05-25', 'Noemie', 'Laurier', 'Female', NULL, 'CAN'),
    (114, 0, '2001-03-01', 'Moa', 'Lundquist', 'Female', NULL, 'SWE'),
    (115, 0, '1997-06-15', 'Carter', 'Armstrong', 'Male', NULL, 'CAN'),
    (116, 0, '1998-04-13', 'Galina', 'Vorozheiko', 'Female', NULL, 'RUS'),
    (117, 0, '2002-07-03', 'Marian', 'Danos', 'Male', NULL, 'CZE'),
    (118, 0, '1999-05-21', 'Neena', 'Sore', 'Female', NULL, 'FIN'),
    (119, 0, '1997-06-23', 'Gabriel', 'Aregger', 'Male', NULL, 'SUI'),
    (120, 0, '2001-11-01', 'Rinka', 'Kanai', 'Female', NULL, 'JPN'),
    (121, 0, '2000-11-17', 'Olivia', 'Weymouth', 'Female', NULL, 'USA'),
    (122, 0, '1997-04-23', 'Monika', 'Maroty', 'Female', NULL, 'HUN'),
    (123, 0, '1998-03-20', 'Elle', 'Kempenaers', 'Female', NULL, 'BEL'),
    (124, 0, '2002-03-31', 'Filip', 'Dvorak', 'Male', NULL, 'CZE'),
    (125, 0, '2002-12-19', 'Genya', 'Miyazawa', 'Male', NULL, 'JPN'),
    (126, 0, '2002-05-10', 'Laura', 'Graziani', 'Female', NULL, 'ITA'),
    (127, 0, '2002-07-14', 'Mara', 'Platter', 'Female', NULL, 'ITA'),
    (128, 0, '1990-02-25', 'Hyeontae', 'Kim', 'Male', NULL, 'KOR'),
    (129, 0, '1999-01-27', 'Misato', 'Koba', 'Female', NULL, 'JPN'),
    (130, 0, '1996-04-06', 'Jakub', 'Pospisil', 'Male', NULL, 'CZE'),
    (131, 0, '1960-03-11', 'Stefano', 'Rampazzo', 'Male', NULL, 'ITA'),
    (132, 0, '1995-06-26', 'Takuya', 'Kusakabe', 'Male', NULL, 'JPN'),
    (133, 0, '2001-06-25', 'Ginevra', 'Ostini', 'Female', NULL, 'SUI'),
    (134, 0, '2001-12-17', 'Owen', 'Vinter', 'Male', NULL, 'GBR'),
    (135, 0, '2000-04-13', 'Ignace', 'Keirouz', 'Male', NULL, 'LBN'),
    (136, 0, '1997-05-21', 'Amelia', 'Adams', 'Female', NULL, 'USA'),
    (137, 0, '1999-06-17', 'Eldar', 'Salihovic', 'Male', NULL, 'MNE'),
    (138, 0, '2002-09-17', 'Adam', 'Coito', 'Male', NULL, 'CAN'),
    (139, 0, '1996-04-28', 'Yukihiro', 'Takikawa', 'Male', NULL, 'JPN'),
    (140, 0, '2002-12-04', 'Sini', 'Heikkala', 'Female', NULL, 'FIN'),
    (141, 0, '1997-03-19', 'Martin', 'Bergman', 'Male', NULL, 'SWE'),
    (142, 0, '1998-09-07', 'Luka', 'Bozhinovski', 'Male', NULL, 'MKD'),
    (143, 0, '1998-03-04', 'Shuntaro', 'Nakazawa', 'Male', NULL, 'JPN'),
    (144, 0, '1986-01-23', 'Sandro', 'Viletta', 'Male', NULL, 'SUI'),
    (145, 0, '1997-03-28', 'Deborah', 'Gerber', 'Female', NULL, 'SUI'),
    (146, 0, '2001-02-13', 'Finn', 'Rice', 'Male', NULL, 'IRL'),
    (147, 0, '2001-10-14', 'Alberto', 'Guerrini', 'Male', NULL, 'ITA'),
    (148, 0, '2001-04-04', 'Edoardo', 'Galeasso', 'Male', NULL, 'ITA'),
    (149, 0, '2001-04-14', 'Drew', 'Wingard', 'Male', NULL, 'USA'),
    (150, 0, '2001-07-04', 'Eirik', 'Gjeraldstveit', 'Male', NULL, 'NOR'),
    (151, 0, '2001-09-26', 'Cosmo', 'Osmond', 'Male', NULL, 'GBR'),
    (152, 0, '2000-04-30', 'Lorenzo', 'Bellet', 'Male', NULL, 'ITA'),
    (153, 0, '2001-11-16', 'Carla', 'Torresi', 'Female', NULL, 'ARG'),
    (154, 0, '1998-03-16', 'Ryo', 'Oshikiri', 'Male', NULL, 'JPN'),
    (155, 0, '2001-05-07', 'Alessandro', 'Peaquin', 'Male', NULL, 'ITA'),
    (156, 0, '2002-06-24', 'Yuki', 'Taka', 'Male', NULL, 'JPN'),
    (157, 0, '1996-04-14', 'Frederik', 'Norys', 'Male', NULL, 'GER'),
    (158, 0, '1999-06-08', 'Yuta', 'Uchikawa', 'Male', NULL, 'JPN'),
    (159, 0, '2001-07-03', 'Silvia', 'Lastei', 'Female', NULL, 'ITA'),
    (160, 0, '1999-03-12', 'Juliusz', 'Mitan', 'Male', NULL, 'POL'),
    (161, 0, '2001-02-21', 'Anna', 'Oberdanner', 'Female', NULL, 'AUT'),
    (162, 0, '2002-08-02', 'Samantha', 'Trudeau', 'Female', NULL, 'USA'),
    (163, 0, '1986-10-05', 'Jad', 'Makhoul', 'Male', NULL, 'LBN'),
    (164, 0, '2000-02-10', 'Filippo', 'Collini', 'Male', NULL, 'ITA'),
    (165, 0, '2002-10-15', 'Oskar', 'Gillberg', 'Male', NULL, 'SWE'),
    (166, 0, '2000-03-17', 'Karolina', 'Vlckova', 'Female', NULL, 'CZE'),
    (167, 0, '2000-03-22', 'Nicolo', 'Valentini', 'Male', NULL, 'ITA'),
    (168, 0, '1997-01-18', 'Cristina', 'Pachi', 'Female', NULL, 'GRE'),
    (169, 0, '2002-08-14', 'David', 'Hrbac', 'Male', NULL, 'CZE'),
    (170, 0, '1997-01-15', 'Marco', 'Fischbacher', 'Male', NULL, 'SUI'),
    (171, 0, '2002-03-29', 'Alice', 'Carneli', 'Female', NULL, 'ITA'),
    (172, 0, '1999-12-22', 'Niclas', 'Carlson', 'Male', NULL, 'USA'),
    (173, 0, '2001-01-24', 'Severin', 'Imseng', 'Male', NULL, 'SUI'),
    (174, 0, '1969-12-21', 'Kouichi', 'Murakami', 'Male', NULL, 'JPN'),
    (175, 0, '2001-12-14', 'Eduard', 'Tashov', 'Male', NULL, 'RUS'),
    (176, 0, '2002-03-07', 'Pavel', 'Ustiuzhanin', 'Male', NULL, 'RUS'),
    (177, 0, '2002-09-11', 'Guilhem', 'Castillon', 'Male', NULL, 'FRA'),
    (178, 0, '2000-04-02', 'Grace', 'Klapatiuk', 'Female', NULL, 'CAN'),
    (179, 0, '1995-01-01', 'Michal', 'Staszowski', 'Male', NULL, 'CZE'),
    (180, 0, '2002-08-08', 'Sayo', 'Yamashita', 'Female', NULL, 'JPN'),
    (181, 0, '2001-10-22', 'Maja', 'Fucak', 'Female', NULL, 'CRO'),
    (182, 0, '2001-10-14', 'Marvin', 'Avesani', 'Male', NULL, 'ITA'),
    (183, 0, '1991-06-27', 'Nicolas', 'Raffort', 'Male', NULL, 'FRA'),
    (184, 0, '2002-02-07', 'Alexandra', 'Diessinger', 'Female', NULL, 'GER'),
    (185, 0, '2000-10-03', 'Kyosuke', 'Yamamoto', 'Male', NULL, 'JPN'),
    (186, 0, '2001-03-28', 'Bella', 'Gigone', 'Female', NULL, 'CAN'),
    (187, 0, '2001-01-29', 'Maren', 'Fodnaess', 'Female', NULL, 'NOR'),
    (188, 0, '2002-09-05', 'Justin', 'Laricheliere', 'Male', NULL, 'CAN'),
    (189, 0, '2002-11-24', 'Yudai', 'Katsumasa', 'Male', NULL, 'JPN'),
    (190, 0, '2002-02-01', 'Annelise', 'Norkitis', 'Female', NULL, 'USA'),
    (191, 0, '2002-02-20', 'Bastien', 'Hirschi', 'Male', NULL, 'SUI'),
    (192, 0, '1998-12-15', 'Veronika', 'Kivelevich', 'Female', NULL, 'RUS'),
    (193, 0, '1999-02-19', 'Sumitaka', 'Hagiuda', 'Male', NULL, 'JPN'),
    (194, 0, '2001-03-14', 'Sequoia', 'Anstine', 'Female', NULL, 'USA'),
    (195, 0, '1995-01-13', 'Varsha', 'Devi', 'Female', NULL, 'IND'),
    (196, 0, '1996-12-29', 'Luca', 'Decostanzi', 'Male', NULL, 'ITA'),
    (197, 0, '2002-10-30', 'Antonio', 'Scarpitti', 'Male', NULL, 'ITA'),
    (198, 0, '2002-03-05', 'Martin', 'Mcdonough', 'Male', NULL, 'USA'),
    (199, 0, '2001-05-10', 'Rio', 'Miyazawa', 'Female', NULL, 'JPN'),
    (200, 0, '1995-05-29', 'Ramona', 'Boettinger', 'Female', NULL, 'GER'),
    (201, 0, '1996-07-23', 'Alexandre', 'Trudeau', 'Male', NULL, 'CAN'),
    (202, 0, '2001-04-06', 'Lili', 'Flachbart', 'Female', NULL, 'USA'),
    (203, 0, '2002-06-30', 'Tiago', 'Janet', 'Male', NULL, 'SUI'),
    (204, 0, '2002-12-31', 'Josefine', 'Enqvist', 'Female', NULL, 'SWE'),
    (205, 0, '1989-01-30', 'Thomas', 'Biesemeyer', 'Male', NULL, 'USA'),
    (206, 0, '2002-09-09', 'Oscar', 'Holmqvist', 'Male', NULL, 'SWE'),
    (207, 0, '2001-12-27', 'Una', 'Grauda', 'Female', NULL, 'LAT'),
    (208, 0, '2001-03-02', 'Daria', 'Zaviruha', 'Female', NULL, 'RUS'),
    (209, 0, '1998-06-30', 'Minori', 'Tamura', 'Female', NULL, 'JPN'),
    (210, 0, '1997-11-11', 'Arashi', 'Nagata', 'Male', NULL, 'JPN'),
    (211, 0, '1995-01-01', 'Martin', 'Kucera', 'Male', NULL, 'CZE'),
    (212, 0, '1965-02-14', 'Yoichi', 'Amakasu', 'Male', NULL, 'JPN'),
    (213, 0, '2002-10-15', 'Robin', 'Gross', 'Male', NULL, 'FRA'),
    (214, 0, '1985-08-03', 'Yuheng', 'Tian', 'Male', NULL, 'CHN'),
    (215, 0, '2000-02-09', 'Sam', 'Conzelman', 'Female', NULL, 'USA'),
    (216, 0, '1999-05-09', 'Ashot', 'Karapetyan', 'Male', NULL, 'ARM'),
    (217, 0, '2002-12-25', 'Esperanza', 'Vergara', 'Female', NULL, 'CHI'),
    (218, 0, '1997-03-30', 'Rami', 'Chaaya', 'Male', NULL, 'LBN'),
    (219, 0, '1997-04-14', 'Eric', 'Johnson', 'Male', NULL, 'USA'),
    (220, 0, '1998-06-26', 'Alejandro', 'Triay', 'Male', NULL, 'ESP'),
    (221, 0, '1998-06-29', 'Benjamin', 'Meyers', 'Male', NULL, 'USA'),
    (222, 0, '1997-04-15', 'Paul', 'Rechberger', 'Male', NULL, 'AUT'),
    (223, 0, '1999-05-02', 'Ramon', 'Barrufet', 'Male', NULL, 'ESP'),
    (224, 0, '2001-10-07', 'Lois', 'Abouly', 'Female', NULL, 'FRA'),
    (225, 0, '1999-05-05', 'Jake', 'Abbott', 'Male', NULL, 'USA'),
    (226, 0, '1994-10-13', 'Cyprien', 'Sarrazin', 'Male', NULL, 'FRA'),
    (227, 0, '1997-11-17', 'Pietro', 'Tomei', 'Male', NULL, 'ITA'),
    (228, 0, '2000-11-01', 'Thomas', 'Borash', 'Male', NULL, 'USA'),
    (229, 0, '1981-01-03', 'Cristian', 'Deville', 'Male', NULL, 'ITA'),
    (230, 0, '1980-11-26', 'Hira', 'Lal', 'Male', NULL, 'IND'),
    (231, 0, '2002-11-13', 'Peder', 'Skogstad', 'Male', NULL, 'NOR'),
    (232, 0, '2000-05-08', 'Matteo', 'Tognetti', 'Male', NULL, 'ITA'),
    (233, 0, '1995-04-08', 'Louise', 'Wedin', 'Female', NULL, 'SWE'),
    (234, 0, '2001-06-23', 'Elena', 'Zipp', 'Female', NULL, 'USA'),
    (235, 0, '1998-08-13', 'Masooma', 'Hassani', 'Female', NULL, 'AFG'),
    (236, 0, '1979-09-05', 'Julien', 'Lizeroux', 'Male', NULL, 'FRA'),
    (237, 0, '1993-07-13', 'Petra', 'Houserova', 'Female', NULL, 'CZE'),
    (238, 0, '1992-07-21', 'Niloofar', 'Khorrami', 'Female', NULL, 'IRI'),
    (239, 0, '1998-12-28', 'Yui', 'Yamaguchi', 'Female', NULL, 'JPN'),
    (240, 0, '2002-06-30', 'Lora', 'Broz', 'Female', NULL, 'CRO'),
    (241, 0, '2002-07-28', 'Jacopo', 'Biz', 'Male', NULL, 'ITA'),
    (242, 0, '1997-09-28', 'Matej', 'Prielozny', 'Male', NULL, 'SVK'),
    (243, 0, '2002-03-25', 'Fedor', 'Chernyshev', 'Male', NULL, 'RUS'),
    (244, 0, '2002-06-27', 'Bradley', 'Bonner', 'Male', NULL, 'CAN'),
    (245, 0, '1996-05-12', 'Emer', 'Pisarnik', 'Female', NULL, 'IRL'),
    (246, 0, '2000-07-14', 'Mikael', 'Larsson', 'Male', NULL, 'SWE'),
    (247, 0, '2002-05-18', 'Emil', 'Taernsby', 'Male', NULL, 'SWE'),
    (248, 0, '2001-11-14', 'Mia', 'Saglia', 'Female', NULL, 'FRA'),
    (249, 0, '1990-06-21', 'Paraskevi', 'Mavridou', 'Female', NULL, 'GRE'),
    (250, 0, '2002-03-23', 'Claudia', 'Lopez', 'Female', NULL, 'ESP'),
    (251, 0, '2001-05-25', 'Lucile', 'Goetz', 'Female', NULL, 'FRA'),
    (252, 0, '2002-03-29', 'Jack', 'Borash', 'Male', NULL, 'USA'),
    (253, 0, '2002-06-13', 'Peri', 'Tufekci', 'Female', NULL, 'TUR'),
    (254, 0, '2001-01-24', 'Jordi', 'Beascoechea', 'Male', NULL, 'ESP'),
    (255, 0, '2002-04-17', 'Leonie', 'Schoenherr', 'Female', NULL, 'AUT'),
    (256, 0, '1977-10-12', 'Bode', 'Miller', 'Male', NULL, 'USA'),
    (257, 0, '2002-01-10', 'Ellina', 'Diachenko', 'Female', NULL, 'RUS'),
    (258, 0, '1996-07-21', 'Petko', 'Boyadzhiev', 'Male', NULL, 'BUL'),
    (259, 0, '2000-02-01', 'Waqas', 'Azam', 'Male', NULL, 'PAK'),
    (260, 0, '1996-12-27', 'Nikita', 'Norton', 'Female', NULL, 'USA'),
    (261, 0, '1998-11-05', 'Reina', 'Takita', 'Female', NULL, 'JPN'),
    (262, 0, '2001-03-29', 'Chelsea', 'Smith', 'Female', NULL, 'USA'),
    (263, 0, '2002-07-16', 'Toa', 'Yoshimoto', 'Male', NULL, 'JPN'),
    (264, 0, '1999-01-25', 'Varvara', 'Korotaeva', 'Female', NULL, 'RUS'),
    (265, 0, '2002-06-14', 'Nina', 'Vergely', 'Female', NULL, 'FRA'),
    (266, 0, '1999-02-22', 'William', 'Trudeau', 'Male', NULL, 'USA'),
    (267, 0, '2001-07-01', 'Simone', 'Trambaiolo', 'Male', NULL, 'ITA'),
    (268, 0, '2000-01-04', 'Ian', 'Schilkrut', 'Male', NULL, 'CHI'),
    (269, 0, '2000-10-08', 'Simon', 'Fleisch', 'Male', NULL, 'AUT'),
    (270, 0, '1985-06-19', 'Christoph', 'Noesig', 'Male', NULL, 'AUT'),
    (271, 0, '1981-12-01', 'Andrej', 'Sporn', 'Male', NULL, 'SLO'),
    (272, 0, '1995-07-07', 'Joseph', 'Bobin', 'Male', NULL, 'FRA'),
    (273, 0, '2001-04-19', 'Hanno', 'Stark', 'Male', NULL, 'ITA'),
    (274, 0, '1995-08-11', 'Adam', 'Butterworth', 'Male', NULL, 'MAS'),
    (275, 0, '1981-05-11', 'Evgeny', 'Kovalev', 'Male', NULL, 'RUS'),
    (276, 0, '2001-09-26', 'Stefano', 'Grisa', 'Male', NULL, 'ITA'),
    (277, 0, '2000-11-09', 'Zuzanna', 'Kowalczyk', 'Female', NULL, 'POL'),
    (278, 0, '2001-02-04', 'Claudia', 'Cantin', 'Female', NULL, 'USA'),
    (279, 0, '2002-08-07', 'Alessandro', 'Gualandi', 'Male', NULL, 'ITA'),
    (280, 0, '1997-07-19', 'Youngseo', 'Kang', 'Female', NULL, 'KOR'),
    (281, 0, '2002-11-21', 'Lucien', 'Keirouz', 'Male', NULL, 'LBN'),
    (282, 0, '1998-09-13', 'Kerry', 'Plieninger', 'Female', NULL, 'GER'),
    (283, 0, '1998-05-31', 'Yohei', 'Koyama', 'Male', NULL, 'JPN'),
    (284, 0, '1998-03-17', 'Sofia', 'Armeni', 'Female', NULL, 'CYP'),
    (285, 0, '1992-03-26', 'Stefan', 'Luitz', 'Male', NULL, 'GER'),
    (286, 0, '1994-08-09', 'Zining', 'Chen', 'Male', NULL, 'CHN'),
    (287, 0, '1995-02-08', 'Marco', 'Giunti', 'Male', NULL, 'ITA'),
    (288, 0, '1999-06-15', 'Perrine', 'Salles', 'Female', NULL, 'FRA'),
    (289, 0, '2000-03-27', 'Kenta', 'Akimoto', 'Male', NULL, 'JPN'),
    (290, 0, '2002-08-18', 'Alice', 'Pazzaglia', 'Female', NULL, 'ITA'),
    (291, 0, '1999-10-06', 'Anahita', 'Parsa', 'Female', NULL, 'IRI'),
    (292, 0, '1995-06-27', 'Caroline', 'Bartlett', 'Female', NULL, 'CAN'),
    (293, 0, '1994-08-26', 'Helena', 'Rapaport', 'Female', NULL, 'SWE'),
    (294, 0, '2002-01-01', 'Rasmus', 'Andersson', 'Male', NULL, 'SWE'),
    (295, 0, '1995-06-12', 'Kazuki', 'Sugimoto', 'Male', NULL, 'JPN'),
    (296, 0, '2000-09-06', 'Calum', 'Shepherd', 'Male', NULL, 'GBR'),
    (297, 0, '2001-04-20', 'Jinta', 'Kobayashi', 'Male', NULL, 'JPN'),
    (298, 0, '2002-08-01', 'Arthur', 'Thevelin', 'Male', NULL, 'BEL'),
    (299, 0, '2001-09-19', 'Kieran', 'Harley', 'Male', NULL, 'CAN'),
    (300, 0, '1996-01-19', 'Anisha', 'Karmacharya', 'Female', NULL, 'NEP'),
    (301, 0, '1997-05-15', 'Mihail', 'Dimitrov', 'Male', NULL, 'BUL'),
    (302, 0, '1995-05-15', 'Walid', 'Kahali', 'Male', NULL, 'LBN'),
    (303, 0, '2000-01-17', 'Clement', 'Missillier', 'Male', NULL, 'FRA'),
    (304, 0, '2002-10-15', 'Daniil', 'Vasilev', 'Male', NULL, 'RUS'),
    (305, 0, '2002-11-18', 'Emelyne', 'Avocat', 'Female', NULL, 'FRA'),
    (306, 0, '2001-03-28', 'Vincent', 'Peytavy', 'Male', NULL, 'FRA'),
    (307, 0, '2000-03-23', 'Finlay', 'Stewart', 'Male', NULL, 'GBR'),
    (308, 0, '1966-08-27', 'Yuji', 'Sato', 'Male', NULL, 'JPN'),
    (309, 0, '2002-10-17', 'Tua', 'Normark', 'Female', NULL, 'SWE'),
    (310, 0, '2002-10-17', 'Emile', 'Turcotte', 'Male', NULL, 'CAN'),
    (311, 0, '1998-07-27', 'Matilda', 'Holmberg', 'Female', NULL, 'SWE'),
    (312, 0, '1997-01-22', 'Koya', 'Morita', 'Male', NULL, 'JPN'),
    (313, 0, '1997-07-06', 'Lars', 'Holenstein', 'Male', NULL, 'SUI'),
    (314, 0, '2002-01-14', 'Thomas', 'Inwood', 'Male', NULL, 'USA'),
    (315, 0, '1994-05-27', 'Lukas', 'Vaclavik', 'Male', NULL, 'CZE'),
    (316, 0, '1989-06-13', 'Andreas', 'Sander', 'Male', NULL, 'GER'),
    (317, 0, '2000-04-26', 'Louise', 'Myrling', 'Female', NULL, 'SWE'),
    (318, 0, '1999-10-15', 'Bridger', 'Gile', 'Male', NULL, 'USA'),
    (319, 0, '2001-05-31', 'Philippe', 'Marrocco', 'Male', NULL, 'CAN'),
    (320, 0, '2002-07-08', 'Amir', 'Gainanov', 'Male', NULL, 'RUS'),
    (321, 0, '1995-10-12', 'Yoshihiro', 'Kudo', 'Male', NULL, 'JPN'),
    (322, 0, '2002-07-24', 'Isidora', 'Ross', 'Female', NULL, 'CHI'),
    (323, 0, '2000-03-17', 'Filip', 'Matijevic', 'Male', NULL, 'SRB'),
    (324, 0, '1996-05-23', 'Elias', 'Kolega', 'Male', NULL, 'CRO'),
    (325, 0, '2001-01-25', 'Valentina', 'Savorgnani', 'Female', NULL, 'ITA'),
    (326, 0, '2000-05-28', 'Timea', 'Plachyova', 'Female', NULL, 'SVK'),
    (327, 0, '1999-04-08', 'Jakob', 'Fonda', 'Male', NULL, 'SLO'),
    (328, 0, '2001-04-23', 'Justine', 'Duclos', 'Female', NULL, 'FRA'),
    (329, 0, '1992-09-28', 'Adeline', 'Mugnier', 'Female', NULL, 'FRA'),
    (330, 0, '2002-07-23', 'Mina', 'Bastan', 'Female', NULL, 'TUR'),
    (331, 0, '2001-07-09', 'Beomseo', 'Gil', 'Male', NULL, 'KOR'),
    (332, 0, '1998-07-02', 'Olof', 'Hedelin', 'Male', NULL, 'SWE'),
    (333, 0, '1989-04-11', 'Yixun', 'Gao', 'Female', NULL, 'CHN'),
    (334, 0, '1996-01-19', 'Linn', 'Ljungemo', 'Female', NULL, 'SWE'),
    (335, 0, '2002-06-05', 'Chiara', 'Colombi', 'Female', NULL, 'ITA'),
    (336, 0, '2001-06-12', 'Anna', 'Smirnova', 'Female', NULL, 'BLR'),
    (337, 0, '1998-01-04', 'Bernadette', 'Lorenz', 'Female', NULL, 'AUT'),
    (338, 0, '2001-07-11', 'Vincent', 'Badet', 'Male', NULL, 'FRA'),
    (339, 0, '2000-09-11', 'Josefin', 'Pettersson', 'Female', NULL, 'SWE'),
    (340, 0, '1996-02-04', 'Theresa', 'Steinlechner', 'Female', NULL, 'AUT'),
    (341, 0, '1979-03-04', 'Ivan', 'Borisov', 'Male', NULL, 'KGZ'),
    (342, 0, '2000-04-04', 'Vernor', 'Gjurkaj', 'Male', NULL, 'KOS'),
    (343, 0, '1998-04-27', 'Sarka', 'Chroustova', 'Female', NULL, 'CZE'),
    (344, 0, '2002-10-22', 'Hailey', 'Harsch', 'Female', NULL, 'USA'),
    (345, 0, '1997-07-27', 'Ramsha', 'Shahzad', 'Female', NULL, 'PAK'),
    (346, 0, '1999-03-05', 'Theoxane', 'Laubert', 'Female', NULL, 'FRA'),
    (347, 0, '1999-07-09', 'Shunsuke', 'Nakahata', 'Male', NULL, 'JPN'),
    (348, 0, '2001-08-12', 'Momomi', 'Igarashi', 'Female', NULL, 'JPN'),
    (349, 0, '2001-01-22', 'Ciorstaidh', 'Struthers', 'Female', NULL, 'GBR'),
    (350, 0, '1999-08-30', 'Viktor', 'Petkov', 'Male', NULL, 'MKD'),
    (351, 0, '1998-04-10', 'Duncan', 'Kuwall', 'Male', NULL, 'GBR'),
    (352, 0, '1998-09-29', 'Beatrix', 'Lever', 'Female', NULL, 'CAN'),
    (353, 0, '1996-10-26', 'Genevieve', 'Frigon', 'Female', NULL, 'CAN'),
    (354, 0, '1997-01-29', 'Loic', 'Ricaud', 'Male', NULL, 'CAN'),
    (355, 0, '1997-09-18', 'Consuelo', 'Bigazzi', 'Female', NULL, 'ITA'),
    (356, 0, '1980-06-29', 'Marcos', 'Arguelles', 'Male', NULL, 'AND'),
    (357, 0, '2000-05-21', 'Angelika', 'Larsson', 'Female', NULL, 'SWE'),
    (358, 0, '1983-02-18', 'Howard', 'Fielder', 'Male', NULL, 'GBR'),
    (359, 0, '2002-11-09', 'Rayan', 'Perret', 'Male', NULL, 'SUI'),
    (360, 0, '1944-11-13', 'Leif', 'Kallin', 'Male', NULL, 'SWE'),
    (361, 0, '2002-01-22', 'Kalle', 'Edholm', 'Male', NULL, 'SWE'),
    (362, 0, '2001-08-04', 'Jihoon', 'Pak', 'Male', NULL, 'KOR'),
    (363, 0, '1998-10-23', 'Yamato', 'Kose', 'Male', NULL, 'JPN'),
    (364, 0, '2002-02-16', 'Hunor', 'Szoke', 'Male', NULL, 'ROU'),
    (365, 0, '1985-08-06', 'Ana', 'Drev', 'Female', NULL, 'SLO'),
    (366, 0, '2001-06-25', 'Alyssa', 'George', 'Female', NULL, 'LBN'),
    (367, 0, '2000-10-28', 'Andrin', 'Veraguth', 'Male', NULL, 'SUI'),
    (368, 0, '2001-03-28', 'Niklas', 'Illig', 'Male', NULL, 'GER'),
    (369, 0, '1999-04-08', 'Roberto', 'Pirozzi', 'Male', NULL, 'CHI'),
    (370, 0, '2002-12-01', 'Kaito', 'Murata', 'Male', NULL, 'JPN'),
    (371, 0, '1951-12-07', 'Junichi', 'Ueno', 'Male', NULL, 'JPN'),
    (372, 0, '1996-04-26', 'Anton', 'Endzhievskiy', 'Male', NULL, 'RUS'),
    (373, 0, '2000-08-01', 'Pavel', 'Vstavsky', 'Male', NULL, 'RUS'),
    (374, 0, '1995-04-18', 'Katarina', 'Miklosova', 'Female', NULL, 'SVK'),
    (375, 0, '2001-07-29', 'Jay', 'Sherlock', 'Male', NULL, 'NZL'),
    (376, 0, '1992-07-30', 'Adam', 'Barwood', 'Male', NULL, 'NZL'),
    (377, 0, '2000-01-30', 'Adela', 'Raskova', 'Female', NULL, 'CZE'),
    (378, 0, '2002-04-30', 'Amelia', 'Pinilla', 'Female', NULL, 'CHI'),
    (379, 0, '1962-06-21', 'Takayoshi', 'Takakura', 'Male', NULL, 'JPN'),
    (380, 0, '1998-03-25', 'Juliette', 'Parke', 'Female', NULL, 'USA'),
    (381, 0, '2002-01-22', 'Matteo', 'Bruni', 'Male', NULL, 'ITA'),
    (382, 0, '2002-03-06', 'Kirsten', 'Anderson', 'Female', NULL, 'USA'),
    (383, 0, '1997-08-06', 'Katharine', 'Graham', 'Female', NULL, 'USA'),
    (384, 0, '2000-12-24', 'Sebastian', 'Trapl', 'Male', NULL, 'AUT'),
    (385, 0, '2002-02-23', 'Nicolo', 'David', 'Male', NULL, 'ITA'),
    (386, 0, '2001-04-13', 'Derin', 'Klanten', 'Female', NULL, 'TUR'),
    (387, 0, '2002-05-13', 'Simon', 'Zunterer', 'Male', NULL, 'GER'),
    (388, 0, '1998-09-24', 'Wiktor', 'Apola', 'Male', NULL, 'POL'),
    (389, 0, '2002-10-28', 'Ryuji', 'Niimura', 'Male', NULL, 'JPN'),
    (390, 0, '2000-05-25', 'Gregor', 'Glaess', 'Male', NULL, 'GER'),
    (391, 0, '1984-02-22', 'Xin', 'Jin', 'Male', NULL, 'CHN'),
    (392, 0, '1999-10-27', 'Rebecca', 'Mennini', 'Female', NULL, 'ITA'),
    (393, 0, '2000-07-06', 'Hailley', 'Jones', 'Female', NULL, 'USA'),
    (394, 0, '2002-10-01', 'Ilias', 'Tzoudas', 'Male', NULL, 'GRE'),
    (395, 0, '2000-04-29', 'Alice', 'Larsson', 'Female', NULL, 'SWE'),
    (396, 0, '1998-05-01', 'Enric', 'Parellada', 'Male', NULL, 'ESP'),
    (397, 0, '1987-02-11', 'Beat', 'Feuz', 'Male', NULL, 'SUI'),
    (398, 0, '1997-01-02', 'Ammi', 'Hondo', 'Female', NULL, 'JPN'),
    (399, 0, '1997-03-31', 'Giorgi', 'Kurtanidze', 'Male', NULL, 'GEO'),
    (400, 0, '2001-02-11', 'Adam', 'Matejko', 'Male', NULL, 'CAN'),
    (401, 0, '2002-01-21', 'Vittoria', 'Gualtieri', 'Female', NULL, 'ITA'),
    (402, 0, '1991-10-01', 'Mark', 'Engel', 'Male', NULL, 'USA'),
    (403, 0, '2002-10-05', 'Lucy', 'Benda', 'Female', NULL, 'USA'),
    (404, 0, '2000-04-03', 'Tiphaine', 'Bregou', 'Female', NULL, 'SUI'),
    (405, 0, '2000-03-31', 'Sydney', 'Mason', 'Female', NULL, 'CAN'),
    (406, 0, '2000-01-27', 'Tatsuki', 'Nakata', 'Male', NULL, 'JPN'),
    (407, 0, '2002-02-28', 'Elena', 'Steurer', 'Female', NULL, 'AUT'),
    (408, 0, '2002-11-28', 'Niko', 'Klein', 'Male', NULL, 'SWE'),
    (409, 0, '1997-04-25', 'Lars', 'Hegg', 'Male', NULL, 'NOR'),
    (410, 0, '2000-01-31', 'Philipp', 'Lackner', 'Male', NULL, 'AUT'),
    (411, 0, '2000-10-28', 'Sophie', 'Rosen', 'Female', NULL, 'USA'),
    (412, 0, '2000-11-26', 'Borut', 'Bozic', 'Male', NULL, 'SLO'),
    (413, 0, '1992-05-23', 'Nils', 'Mani', 'Male', NULL, 'SUI'),
    (414, 0, '2002-02-06', 'Oliver', 'Stokkedal', 'Male', NULL, 'NOR'),
    (415, 0, '2000-05-04', 'Alessandro', 'Barbana', 'Male', NULL, 'ITA'),
    (416, 0, '2001-05-10', 'Aaron', 'Leaman', 'Male', NULL, 'CAN'),
    (417, 0, '2001-09-01', 'Catherine', 'Heyburn', 'Female', NULL, 'AUS'),
    (418, 0, '1993-10-05', 'Zan', 'Groselj', 'Male', NULL, 'SLO'),
    (419, 0, '1995-07-27', 'Ty', 'Sprock', 'Male', NULL, 'USA'),
    (420, 0, '2001-06-15', 'Kazuma', 'Sakamoto', 'Male', NULL, 'JPN'),
    (421, 0, '1996-03-24', 'Hayden', 'Grand', 'Male', NULL, 'GBR'),
    (422, 0, '1998-04-23', 'Juliana', 'Suter', 'Female', NULL, 'SUI'),
    (423, 0, '2002-07-24', 'Michael', 'Anderson', 'Male', NULL, 'USA'),
    (424, 0, '1997-10-08', 'Marco', 'Odermatt', 'Male', NULL, 'SUI'),
    (425, 0, '1998-03-27', 'Philippe', 'Calmes', 'Male', NULL, 'FRA'),
    (426, 0, '1999-10-07', 'Remi', 'Barthelemy', 'Male', NULL, 'FRA'),
    (427, 0, '2001-05-03', 'Matteo', 'Ravazzi', 'Male', NULL, 'ITA'),
    (428, 0, '2000-11-05', 'Nazariy', 'Petruk', 'Male', NULL, 'UKR'),
    (429, 0, '2002-05-23', 'Emil', 'Tackman', 'Male', NULL, 'SWE'),
    (430, 0, '2000-12-19', 'Monika', 'Widmoser', 'Female', NULL, 'AUT'),
    (431, 0, '2001-10-24', 'Emilie', 'Nergaard', 'Female', NULL, 'NOR'),
    (432, 0, '1999-02-15', 'Heidi', 'Merisalo', 'Female', NULL, 'FIN'),
    (433, 0, '1998-08-08', 'Arthur', 'Py', 'Male', NULL, 'FRA'),
    (434, 0, '2002-06-27', 'Svenja', 'Senti', 'Female', NULL, 'SUI'),
    (435, 0, '2002-09-21', 'Lea', 'Farbmacher', 'Female', NULL, 'AUT'),
    (436, 0, '1999-09-15', 'Danil', 'Syssoyev', 'Male', NULL, 'KAZ'),
    (437, 0, '1998-05-01', 'Xuelian', 'Zhang', 'Female', NULL, 'CHN'),
    (438, 0, '2000-11-08', 'Egor', 'Sazonov', 'Male', NULL, 'RUS'),
    (439, 0, '1965-04-30', 'Hans', 'Berglund', 'Male', NULL, 'SWE');

INSERT OR REPLACE
INTO skier_run
    (skier_id, race_id, run_number)
VALUES
    --race1
    (97, 1, 1),
    (150, 1, 1),
    (246, 1, 1),
    (230, 1, 1),
    (308, 1, 1),
    (373, 1, 1),
    (51, 1, 1),
    (104, 1, 1),
    (276, 1, 1),
    (347, 1, 1),
    (143, 1, 1),
    (304, 1, 1),
    (415, 1, 1),
    (183, 1, 1),
    (65, 1, 1),
    (15, 1, 1),
    (406, 1, 1),
    (363, 1, 1),
    (29, 1, 1),
    (410, 1, 1),
    (152, 1, 1),
    (266, 1, 1),
    (358, 1, 1),
    (376, 1, 1),
    (77, 1, 1),
    (97, 1, 2),
    (150, 1, 2),
    (246, 1, 2),
    (230, 1, 2),
    (308, 1, 2),
    (373, 1, 2),
    (51, 1, 2),
    (104, 1, 2),
    (276, 1, 2),
    (347, 1, 2),
    (143, 1, 2),
    (304, 1, 2),
    (415, 1, 2),
    (183, 1, 2),
    (65, 1, 2),
    (15, 1, 2),
    (406, 1, 2),
    (363, 1, 2),
    (29, 1, 2),
    (410, 1, 2),
    (152, 1, 2),
    (266, 1, 2),
    (358, 1, 2),
    (376, 1, 2),
    (77, 1, 2),
    (86, 2, 1),
    (122, 2, 1),
    (344, 2, 1),
    (401, 2, 1),
    (325, 2, 1),
    (153, 2, 1),
    (253, 2, 1),
    (21, 2, 1),
    (209, 2, 1),
    (278, 2, 1),
    (293, 2, 1),
    (110, 2, 1),
    (317, 2, 1),
    (18, 2, 1),
    (120, 2, 1),
    (250, 2, 1),
    (434, 2, 1),
    (292, 2, 1),
    (282, 2, 1),
    (300, 2, 1),
    (178, 2, 1),
    (417, 2, 1),
    (411, 2, 1),
    (380, 2, 1),
    (217, 2, 1),
    (378, 2, 1),
    (248, 2, 1),
    (329, 2, 1),
    (88, 2, 1),
    (405, 2, 1),
    (86, 2, 2),
    (122, 2, 2),
    (344, 2, 2),
    (401, 2, 2),
    (325, 2, 2),
    (153, 2, 2),
    (253, 2, 2),
    (209, 2, 2),
    (278, 2, 2),
    (293, 2, 2),
    (110, 2, 2),
    (317, 2, 2),
    (18, 2, 2),
    (120, 2, 2),
    (250, 2, 2),
    (434, 2, 2),
    (292, 2, 2),
    (282, 2, 2),
    (300, 2, 2),
    (178, 2, 2),
    (417, 2, 2),
    (411, 2, 2),
    (380, 2, 2),
    (217, 2, 2),
    (378, 2, 2),
    (248, 2, 2),
    (329, 2, 2),
    (405, 2, 2),
    (241, 3, 1),
    (179, 3, 1),
    (156, 3, 1),
    (48, 3, 1),
    (416, 3, 1),
    (154, 3, 1),
    (89, 3, 1),
    (4, 3, 1),
    (14, 3, 1),
    (130, 3, 1),
    (70, 3, 1),
    (402, 3, 1),
    (75, 3, 1),
    (164, 3, 1),
    (20, 3, 1),
    (220, 3, 1),
    (419, 3, 1),
    (236, 3, 1),
    (151, 3, 1),
    (327, 3, 1),
    (25, 3, 1),
    (283, 3, 1),
    (24, 3, 1),
    (15, 3, 1),
    (399, 3, 1),
    (58, 3, 1),
    (45, 3, 1),
    (241, 3, 2),
    (179, 3, 2),
    (156, 3, 2),
    (48, 3, 2),
    (416, 3, 2),
    (154, 3, 2),
    (89, 3, 2),
    (4, 3, 2),
    (14, 3, 2),
    (130, 3, 2),
    (402, 3, 2),
    (75, 3, 2),
    (164, 3, 2),
    (20, 3, 2),
    (419, 3, 2),
    (236, 3, 2),
    (151, 3, 2),
    (327, 3, 2),
    (25, 3, 2),
    (283, 3, 2),
    (24, 3, 2),
    (15, 3, 2),
    (399, 3, 2),
    (58, 3, 2),
    (45, 3, 2);

INSERT OR REPLACE
INTO start_list
    (id, number, skier_id, race_id, run_number)
VALUES
    (1, 1, 97, 1, 1),
    (2, 2, 150, 1, 1),
    (3, 3, 246, 1, 1),
    (4, 4, 230, 1, 1),
    (5, 5, 308, 1, 1),
    (6, 6, 373, 1, 1),
    (7, 7, 51, 1, 1),
    (8, 8, 104, 1, 1),
    (9, 9, 276, 1, 1),
    (10, 10, 347, 1, 1),
    (11, 11, 143, 1, 1),
    (12, 12, 304, 1, 1),
    (13, 13, 415, 1, 1),
    (14, 14, 183, 1, 1),
    (15, 15, 65, 1, 1),
    (16, 16, 15, 1, 1),
    (17, 17, 406, 1, 1),
    (18, 18, 363, 1, 1),
    (19, 19, 29, 1, 1),
    (20, 20, 410, 1, 1),
    (21, 21, 152, 1, 1),
    (22, 22, 266, 1, 1),
    (23, 23, 358, 1, 1),
    (24, 24, 376, 1, 1),
    (25, 25, 77, 1, 1),
    (26, 1, 77, 1, 2),
    (27, 2, 376, 1, 2),
    (28, 3, 358, 1, 2),
    (29, 4, 266, 1, 2),
    (30, 5, 152, 1, 2),
    (31, 6, 410, 1, 2),
    (32, 7, 29, 1, 2),
    (33, 8, 363, 1, 2),
    (34, 9, 406, 1, 2),
    (35, 10, 15, 1, 2),
    (36, 11, 65, 1, 2),
    (37, 12, 183, 1, 2),
    (38, 13, 415, 1, 2),
    (39, 14, 304, 1, 2),
    (40, 15, 143, 1, 2),
    (41, 16, 347, 1, 2),
    (42, 17, 276, 1, 2),
    (43, 18, 104, 1, 2),
    (44, 19, 51, 1, 2),
    (45, 20, 373, 1, 2),
    (46, 21, 308, 1, 2),
    (47, 22, 230, 1, 2),
    (48, 23, 246, 1, 2),
    (49, 24, 150, 1, 2),
    (50, 25, 97, 1, 2),
    (51, 1, 86, 2, 1),
    (52, 2, 122, 2, 1),
    (53, 3, 344, 2, 1),
    (54, 4, 401, 2, 1),
    (55, 5, 325, 2, 1),
    (56, 6, 153, 2, 1),
    (57, 7, 253, 2, 1),
    (58, 8, 21, 2, 1),
    (59, 9, 209, 2, 1),
    (60, 10, 278, 2, 1),
    (61, 11, 293, 2, 1),
    (62, 12, 110, 2, 1),
    (63, 13, 317, 2, 1),
    (64, 14, 18, 2, 1),
    (65, 15, 120, 2, 1),
    (66, 16, 250, 2, 1),
    (67, 17, 434, 2, 1),
    (68, 18, 292, 2, 1),
    (69, 19, 282, 2, 1),
    (70, 20, 300, 2, 1),
    (71, 21, 178, 2, 1),
    (72, 22, 417, 2, 1),
    (73, 23, 411, 2, 1),
    (74, 24, 380, 2, 1),
    (75, 25, 217, 2, 1),
    (76, 26, 378, 2, 1),
    (77, 27, 248, 2, 1),
    (78, 28, 329, 2, 1),
    (79, 29, 88, 2, 1),
    (80, 30, 405, 2, 1),
    (81, 1, 405, 2, 2),
    (82, 2, 329, 2, 2),
    (83, 3, 248, 2, 2),
    (84, 4, 378, 2, 2),
    (85, 5, 217, 2, 2),
    (86, 6, 380, 2, 2),
    (87, 7, 411, 2, 2),
    (88, 8, 417, 2, 2),
    (89, 9, 178, 2, 2),
    (90, 10, 300, 2, 2),
    (91, 11, 282, 2, 2),
    (92, 12, 292, 2, 2),
    (93, 13, 434, 2, 2),
    (94, 14, 250, 2, 2),
    (95, 15, 120, 2, 2),
    (96, 16, 18, 2, 2),
    (97, 17, 317, 2, 2),
    (98, 18, 110, 2, 2),
    (99, 19, 293, 2, 2),
    (100, 20, 278, 2, 2),
    (101, 21, 209, 2, 2),
    (102, 22, 253, 2, 2),
    (103, 23, 153, 2, 2),
    (104, 24, 325, 2, 2),
    (105, 25, 401, 2, 2),
    (106, 26, 344, 2, 2),
    (107, 27, 122, 2, 2),
    (108, 28, 86, 2, 2),
    (109, 1, 241, 3, 1),
    (110, 2, 179, 3, 1),
    (111, 3, 156, 3, 1),
    (112, 4, 48, 3, 1),
    (113, 5, 416, 3, 1),
    (114, 6, 154, 3, 1),
    (115, 7, 89, 3, 1),
    (116, 8, 4, 3, 1),
    (117, 9, 14, 3, 1),
    (118, 10, 130, 3, 1),
    (119, 11, 70, 3, 1),
    (120, 12, 402, 3, 1),
    (121, 13, 75, 3, 1),
    (122, 14, 164, 3, 1),
    (123, 15, 20, 3, 1),
    (124, 16, 220, 3, 1),
    (125, 17, 419, 3, 1),
    (126, 18, 236, 3, 1),
    (127, 19, 151, 3, 1),
    (128, 20, 327, 3, 1),
    (129, 21, 25, 3, 1),
    (130, 22, 283, 3, 1),
    (131, 23, 24, 3, 1),
    (132, 24, 15, 3, 1),
    (133, 25, 399, 3, 1),
    (134, 26, 58, 3, 1),
    (135, 27, 45, 3, 1),
    (136, 1, 45, 3, 2),
    (137, 2, 58, 3, 2),
    (138, 3, 399, 3, 2),
    (139, 4, 15, 3, 2),
    (140, 5, 24, 3, 2),
    (141, 6, 283, 3, 2),
    (142, 7, 25, 3, 2),
    (143, 8, 327, 3, 2),
    (144, 9, 151, 3, 2),
    (145, 10, 236, 3, 2),
    (146, 11, 419, 3, 2),
    (147, 12, 20, 3, 2),
    (148, 13, 164, 3, 2),
    (149, 14, 75, 3, 2),
    (150, 15, 402, 3, 2),
    (151, 16, 130, 3, 2),
    (152, 17, 14, 3, 2),
    (153, 18, 4, 3, 2),
    (154, 19, 89, 3, 2),
    (155, 20, 154, 3, 2),
    (156, 21, 416, 3, 2),
    (157, 22, 48, 3, 2),
    (158, 23, 156, 3, 2),
    (159, 24, 179, 3, 2),
    (160, 25, 241, 3, 2);

INSERT OR REPLACE
INTO race_data
    (id, time, race_status, skier_id, race_id, run_number)
VALUES
    (1, 44.2, NULL, 97, 1, 1),
    (2, 47.6, NULL, 150, 1, 1),
    (3, 46.4, NULL, 246, 1, 1),
    (4, 45.6, NULL, 230, 1, 1),
    (5, 45.7, NULL, 308, 1, 1),
    (6, 43.5, NULL, 373, 1, 1),
    (7, 47.1, NULL, 51, 1, 1),
    (8, 45.3, NULL, 104, 1, 1),
    (9, 45.7, NULL, 276, 1, 1),
    (10, 44.3, NULL, 347, 1, 1),
    (11, 47.7, NULL, 143, 1, 1),
    (12, 46.2, NULL, 304, 1, 1),
    (13, 47.7, NULL, 415, 1, 1),
    (14, 43.3, NULL, 183, 1, 1),
    (15, 47.1, NULL, 65, 1, 1),
    (16, 43.6, NULL, 15, 1, 1),
    (17, 43.6, NULL, 406, 1, 1),
    (18, 43.6, NULL, 363, 1, 1),
    (19, 47.1, NULL, 29, 1, 1),
    (20, 47.0, NULL, 410, 1, 1),
    (21, 47.7, NULL, 152, 1, 1),
    (22, 46.2, NULL, 266, 1, 1),
    (23, 45.4, NULL, 358, 1, 1),
    (24, 44.7, NULL, 376, 1, 1),
    (25, 46.2, NULL, 77, 1, 1),
    (26, 45.1, NULL, 97, 1, 2),
    (27, 46.7, NULL, 150, 1, 2),
    (28, 45.1, NULL, 246, 1, 2),
    (29, 46.4, NULL, 230, 1, 2),
    (30, 47.2, NULL, 308, 1, 2),
    (31, 44.0, NULL, 373, 1, 2),
    (32, 43.2, NULL, 51, 1, 2),
    (33, 45.7, NULL, 104, 1, 2),
    (34, 46.2, NULL, 276, 1, 2),
    (35, 46.4, NULL, 347, 1, 2),
    (36, 45.4, NULL, 143, 1, 2),
    (37, 43.5, NULL, 304, 1, 2),
    (38, 43.3, NULL, 415, 1, 2),
    (39, 45.3, NULL, 183, 1, 2),
    (40, 47.1, NULL, 65, 1, 2),
    (41, 46.8, NULL, 15, 1, 2),
    (42, 43.6, NULL, 406, 1, 2),
    (43, 45.2, NULL, 363, 1, 2),
    (44, 43.2, NULL, 29, 1, 2),
    (45, 47.0, NULL, 410, 1, 2),
    (46, 47.5, NULL, 152, 1, 2),
    (47, 45.1, NULL, 266, 1, 2),
    (48, 47.6, NULL, 358, 1, 2),
    (49, 45.1, NULL, 376, 1, 2),
    (50, 44.4, NULL, 77, 1, 2),
    (51, 49.4, NULL, 86, 2, 1),
    (52, 49.2, NULL, 122, 2, 1),
    (53, 49.8, NULL, 344, 2, 1),
    (54, 48.4, NULL, 401, 2, 1),
    (55, 47.2, NULL, 325, 2, 1),
    (56, 47.4, NULL, 153, 2, 1),
    (57, 49.0, NULL, 253, 2, 1),
    (58, 49.2, 'DidNotFinish', 21, 2, 1),
    (59, 49.5, NULL, 209, 2, 1),
    (60, 51.8, NULL, 278, 2, 1),
    (61, 49.3, NULL, 293, 2, 1),
    (62, 50.7, NULL, 110, 2, 1),
    (63, 51.7, NULL, 317, 2, 1),
    (64, 47.8, NULL, 18, 2, 1),
    (65, 48.7, NULL, 120, 2, 1),
    (66, 48.5, NULL, 250, 2, 1),
    (67, 50.3, NULL, 434, 2, 1),
    (68, 47.5, NULL, 292, 2, 1),
    (69, 49.6, NULL, 282, 2, 1),
    (70, 50.3, NULL, 300, 2, 1),
    (71, 51.0, NULL, 178, 2, 1),
    (72, 49.3, NULL, 417, 2, 1),
    (73, 50.0, NULL, 411, 2, 1),
    (74, 50.0, NULL, 380, 2, 1),
    (75, 49.5, NULL, 217, 2, 1),
    (76, 50.3, NULL, 378, 2, 1),
    (77, 50.3, NULL, 248, 2, 1),
    (78, 50.7, NULL, 329, 2, 1),
    (79, 50.1, 'DidNotFinish', 88, 2, 1),
    (80, 49.2, NULL, 405, 2, 1),
    (81, 49.3, NULL, 86, 2, 2),
    (82, 48.6, NULL, 122, 2, 2),
    (83, 50.4, NULL, 344, 2, 2),
    (84, 48.6, NULL, 401, 2, 2),
    (85, 47.7, NULL, 325, 2, 2),
    (86, 48.0, NULL, 153, 2, 2),
    (87, 47.6, NULL, 253, 2, 2),
    (88, 51.4, NULL, 209, 2, 2),
    (89, 50.7, NULL, 278, 2, 2),
    (90, 47.4, NULL, 293, 2, 2),
    (91, 50.0, NULL, 110, 2, 2),
    (92, 50.2, NULL, 317, 2, 2),
    (93, 49.7, NULL, 18, 2, 2),
    (94, 47.1, NULL, 120, 2, 2),
    (95, 48.3, NULL, 250, 2, 2),
    (96, 47.2, NULL, 434, 2, 2),
    (97, 49.3, NULL, 292, 2, 2),
    (98, 49.0, NULL, 282, 2, 2),
    (99, 51.7, 'DidNotFinish', 300, 2, 2),
    (100, 51.2, NULL, 178, 2, 2),
    (101, 51.1, NULL, 417, 2, 2),
    (102, 51.4, NULL, 411, 2, 2),
    (103, 48.3, NULL, 380, 2, 2),
    (104, 49.6, NULL, 217, 2, 2),
    (105, 49.5, NULL, 378, 2, 2),
    (106, 49.1, NULL, 248, 2, 2),
    (107, 49.8, NULL, 329, 2, 2),
    (108, 51.6, NULL, 405, 2, 2),
    (109, 93.1, NULL, 241, 3, 1),
    (110, 96.1, NULL, 179, 3, 1),
    (111, 96.4, NULL, 156, 3, 1),
    (112, 95.2, NULL, 48, 3, 1),
    (113, 95.7, NULL, 416, 3, 1),
    (114, 97.6, NULL, 154, 3, 1),
    (115, 96.8, NULL, 89, 3, 1),
    (116, 97.7, NULL, 4, 3, 1),
    (117, 94.1, NULL, 14, 3, 1),
    (118, 96.6, NULL, 130, 3, 1),
    (119, 95.0, 'DidNotFinish', 70, 3, 1),
    (120, 93.5, NULL, 402, 3, 1),
    (121, 93.2, NULL, 75, 3, 1),
    (122, 93.4, NULL, 164, 3, 1),
    (123, 97.5, NULL, 20, 3, 1),
    (124, 95.2, 'DidNotFinish', 220, 3, 1),
    (125, 95.0, NULL, 419, 3, 1),
    (126, 93.0, NULL, 236, 3, 1),
    (127, 96.0, NULL, 151, 3, 1),
    (128, 97.7, NULL, 327, 3, 1),
    (129, 96.0, NULL, 25, 3, 1),
    (130, 96.3, NULL, 283, 3, 1),
    (131, 95.2, NULL, 24, 3, 1),
    (132, 93.3, NULL, 15, 3, 1),
    (133, 97.4, NULL, 399, 3, 1),
    (134, 93.3, NULL, 58, 3, 1),
    (135, 93.8, NULL, 45, 3, 1),
    (136, 94.4, NULL, 241, 3, 2),
    (137, 93.5, 'DidNotFinish', 179, 3, 2),
    (138, 95.5, NULL, 156, 3, 2),
    (139, 95.0, NULL, 48, 3, 2),
    (140, 96.4, NULL, 416, 3, 2),
    (141, 95.5, NULL, 154, 3, 2),
    (142, 95.2, NULL, 89, 3, 2),
    (143, 94.0, NULL, 4, 3, 2),
    (144, 95.1, NULL, 14, 3, 2),
    (145, 96.3, NULL, 130, 3, 2),
    (146, 97.8, NULL, 402, 3, 2),
    (147, 96.1, NULL, 75, 3, 2),
    (148, 97.4, NULL, 164, 3, 2),
    (149, 96.4, NULL, 20, 3, 2),
    (150, 95.1, NULL, 419, 3, 2),
    (151, 96.6, NULL, 236, 3, 2),
    (152, 94.2, NULL, 151, 3, 2),
    (153, 96.2, NULL, 327, 3, 2),
    (154, 94.4, NULL, 25, 3, 2),
    (155, 94.4, NULL, 283, 3, 2),
    (156, 96.2, NULL, 24, 3, 2),
    (157, 97.8, NULL, 15, 3, 2),
    (158, 93.1, NULL, 399, 3, 2),
    (159, 95.5, NULL, 58, 3, 2),
    (160, 96.1, NULL, 45, 3, 2);

-- INSERT OR REPLACE
-- INTO sensor_measurement
--     (id, sensor_id, interim_time, race_data_id)
-- VALUES;
