INSERT INTO country
    (id, code)
VALUES
    (1, 'AF'),
    (2, 'AR'),
    (3, 'AM'),
    (4, 'AU'),
    (5, 'AT'),
    (6, 'BE'),
    (7, 'BZ'),
    (8, 'CA'),
    (9, 'CL'),
    (10, 'CN'),
    (11, 'CO'),
    (12, 'HR'),
    (13, 'CZ'),
    (14, 'ES'),
    (15, 'FI'),
    (16, 'FR'),
    (17, 'GB'),
    (18, 'DE'),
    (19, 'GR'),
    (20, 'HU'),
    (21, 'IN'),
    (22, 'IR'),
    (23, 'IE'),
    (24, 'IT'),
    (25, 'JP'),
    (26, 'KR'),
    (27, 'LV'),
    (28, 'LB'),
    (29, 'MK'),
    (30, 'ME'),
    (31, 'NL'),
    (32, 'NO'),
    (33, 'PK'),
    (34, 'PL'),
    (35, 'RU'),
    (36, 'RS'),
    (37, 'CH'),
    (38, 'SK'),
    (39, 'SE'),
    (40, 'UA'),
    (41, 'US'),
    (42, 'UZ');

INSERT INTO location
    (id, name, country_id)
VALUES
    (1, 'Adelboden', 37),
    (2, 'Alta Badia', 24),
    (3, 'Bansko', 7),
    (4, 'Beaver Creek', 41),
    (5, 'Bormio', 24),
    (6, 'Chamonix', 16),
    (7, 'Cortina d''Ampezzo', 24),
    (8, 'Courchevel', 16),
    (9, 'Crans-Montana', 37),
    (10, 'Flachau', 5),
    (11, 'Garmisch-Partenkirchen', 18),
    (12, 'Hinterstoder', 5),
    (13, 'Killington', 41),
    (14, 'Kitzbühel', 5),
    (15, 'La Thuile', 24),
    (16, 'Lake Louise', 8),
    (17, 'Levi', 15),
    (18, 'Lienz', 5),
    (19, 'Madonna di Campiglio', 24),
    (20, 'Ofterschwang', 18),
    (21, 'Rosa Khutor', 35),
    (22, 'Schladming', 5),
    (23, 'St. Moritz', 37),
    (24, 'Sölden', 5),
    (25, 'Val d''Isère', 16),
    (26, 'Val Gardena/Groeden', 24),
    (27, 'Wengen', 37),
    (28, 'Yanqing', 10),
    (29, 'Yuzawa Naeba', 25),
    (30, 'Zauchensee', 5);

INSERT INTO race
    (id, date, description, name, number_of_sensors, website, picture_url, gender, location_id, race_type, status, completed_runs)
VALUES
    (1, '2019-01-26', 'Yearly slalom competition', 'Kitzbühel Slalom', 5, 'hahnenkamm.com', NULL, 'Male', 14, 'Slalom', 'Finished', 2),
    (2, '2019-01-29', 'Schladming slalom at night', 'Schladming Slalom', 5, 'thenightrace.at', NULL, 'Female', 22, 'Slalom', 'Finished', 2),
    (3, '2019-01-20', 'Winter sports in Wengen', 'Wengen Giant Slalom', 5, NULL, NULL, 'Male', 27, 'SuperSlalom', 'Finished', 2),
    (4, '2019-01-12', 'January'' giant slalom', 'Adelboden Giant Slalom', 5, 'weltcup-adelboden.ch', NULL, 'Male', 1, 'SuperSlalom', 'Ready',0 ),
    (5, '2019-01-13', 'World cup slalom competition', 'Adelboden Slalom', 5, 'weltcup-adelboden.ch', NULL, 'Male', 1, 'Slalom', 'Ready', 0),
    (6, '2019-01-06', 'Newyear''s slalom race', 'La Thuile', 5, 'snowqueentrophy.com', NULL, 'Male', 15, 'Slalom', 'Ready', 0),
    (7, '2019-01-08', 'Female skiing competition', 'Flachau Slalom', 5, 'skiweltcup-flachau.at', NULL, 'Female', 10, 'Slalom', 'Ready', 0),
    (8, '2018-12-21', 'Giant slalom female race', 'Courchevel Giant Slalom', 5, 'sportcourchevel.com', NULL, 'Female', 8, 'SuperSlalom', 'Ready', 0),
    (9, '2018-12-22', NULL, 'Courchevel Slalom', 5, 'sportcourchevel.com', NULL, 'Male', 8, 'Slalom', 'Ready', 0),
    (10, '2019-03-05', 'End season''s slalom competition', 'Lake Louise', 5, 'sportcourchevel.com', NULL, 'Male', 16, 'Slalom', 'Ready', 0);

INSERT INTO skier
    (id, archived, birthdate, first_name, last_name, gender, picture_url, country_id)
VALUES
    (1, 0, '1998-04-18', 'Ema', 'Martinez', 'Female', NULL, 41),
    (2, 0, '1988-06-01', 'Donghyun', 'Jung', 'Male', NULL, 26),
    (3, 0, '2000-01-03', 'Jean', 'Kayrouz', 'Male', NULL, 28),
    (4, 0, '1999-03-11', 'Theodore', 'Coates', 'Male', NULL, 4),
    (5, 0, '1999-06-25', 'Lucien', 'Bryan', 'Male', NULL, 41),
    (6, 0, '1998-02-10', 'Carlo', 'Dorn', 'Male', NULL, 18),
    (7, 0, '2002-09-04', 'Bobby', 'Stevenish', 'Male', NULL, 41),
    (8, 0, '2002-08-03', 'Sergey', 'Koprikov', 'Male', NULL, 35),
    (9, 0, '1999-10-24', 'Mihajlo', 'Djordjevic', 'Male', NULL, 36),
    (10, 0, '1995-02-12', 'Yuriy', 'Drugov', 'Male', NULL, 35),
    (11, 0, '2001-12-31', 'Gaia', 'Gianassi', 'Female', NULL, 24),
    (12, 0, '1982-07-01', 'Yo', 'Sugaya', 'Male', NULL, 25),
    (13, 0, '2002-11-27', 'Olga', 'Nowotny', 'Female', NULL, 34),
    (14, 0, '1991-12-11', 'Ryo', 'Sugai', 'Male', NULL, 25),
    (15, 0, '1999-07-06', 'Arthur', 'Mugnier', 'Male', NULL, 16),
    (16, 0, '1969-09-23', 'Luca', 'Bongioanni', 'Male', NULL, 24),
    (17, 0, '1999-06-08', 'Serge', 'Salameh', 'Male', NULL, 28),
    (18, 0, '2000-12-24', 'Yuka', 'Miyajima', 'Female', NULL, 25),
    (19, 0, '2002-12-19', 'Alina', 'Ivleva', 'Female', NULL, 35),
    (20, 0, '2001-04-08', 'Matteo', 'Orsieres', 'Male', NULL, 24),
    (21, 0, '2001-10-01', 'Tina', 'Schaedle', 'Female', NULL, 5),
    (22, 0, '2002-12-26', 'Rinka', 'Shimizu', 'Female', NULL, 25),
    (23, 0, '2001-11-15', 'Elin', 'Baeccman', 'Female', NULL, 39),
    (24, 0, '1998-06-14', 'Davis', 'Zvejnieks', 'Male', NULL, 27),
    (25, 0, '2000-03-10', 'Bradshaw', 'Underhill', 'Male', NULL, 41),
    (26, 0, '2001-01-24', 'Jelena', 'Vujicic', 'Female', NULL, 30),
    (27, 0, '2001-07-06', 'Maria', 'Astorgano', 'Female', NULL, 14),
    (28, 0, '2000-01-13', 'Philipp', 'Weissensteiner', 'Male', NULL, 24),
    (29, 0, '2000-07-19', 'Simon', 'Pavlas', 'Male', NULL, 13),
    (30, 0, '2000-02-04', 'Luca', 'Gstrein', 'Male', NULL, 5),
    (31, 0, '2002-03-31', 'Kotaro', 'Omiya', 'Male', NULL, 25),
    (32, 0, '2001-10-08', 'Ignacio', 'Burgos', 'Male', NULL, 14),
    (33, 0, '1998-02-19', 'Carina', 'Bracy', 'Female', NULL, 41),
    (34, 0, '2000-02-17', 'Aleksandra', 'Karachun', 'Female', NULL, 35),
    (35, 0, '2000-05-12', 'Victoria', 'Berne', 'Female', NULL, 16),
    (36, 0, '1999-08-28', 'Sara', 'Lindstroem', 'Female', NULL, 39),
    (37, 0, '1994-04-29', 'Xiang', 'Fang', 'Male', NULL, 10),
    (38, 0, '1996-10-25', 'Ayumu', 'Onishi', 'Male', NULL, 25),
    (39, 0, '1999-07-22', 'Takanori', 'Saito', 'Male', NULL, 25),
    (40, 0, '2000-05-19', 'Mira', 'Raggl', 'Female', NULL, 5),
    (41, 0, '1999-07-28', 'Jeremy', 'Dubois', 'Male', NULL, 16),
    (42, 0, '2002-04-19', 'Adela', 'Kestlova', 'Female', NULL, 13),
    (43, 0, '2001-08-01', 'Fazal', 'Wadood', 'Male', NULL, 33),
    (44, 0, '2001-02-15', 'Sarah', 'Coombs', 'Female', NULL, 41),
    (45, 0, '1991-09-22', 'Guillaume', 'Rambaud', 'Male', NULL, 16),
    (46, 0, '2002-08-21', 'Dominick', 'Epifanio', 'Male', NULL, 41),
    (47, 0, '2002-05-11', 'Zoe', 'Priest', 'Female', NULL, 8),
    (48, 0, '1995-06-29', 'Nikolaos', 'Vasileiou', 'Male', NULL, 19),
    (49, 0, '2002-04-26', 'Nanna', 'Tuhkanen', 'Female', NULL, 15),
    (50, 0, '2000-05-31', 'Holden', 'Parazette', 'Male', NULL, 41),
    (51, 0, '2001-05-08', 'Peter', 'Krol', 'Male', NULL, 31),
    (52, 0, '1999-02-27', 'Bastien', 'Fracheboud', 'Male', NULL, 37),
    (53, 0, '1983-05-12', 'Cynthia', 'Denzler', 'Female', NULL, 11),
    (54, 0, '2000-08-19', 'Enrico', 'Pletti', 'Male', NULL, 24),
    (55, 0, '1995-10-03', 'Paul', 'Perrier', 'Male', NULL, 16),
    (56, 0, '1994-07-18', 'Christine', 'Scheyer', 'Female', NULL, 5),
    (57, 0, '2002-03-12', 'Tiziano', 'Gravier', 'Male', NULL, 2),
    (58, 0, '1988-05-14', 'Kazufumi', 'Takizawa', 'Male', NULL, 25),
    (59, 0, '2001-09-13', 'Selina', 'Egloff', 'Female', NULL, 37),
    (60, 0, '1997-04-02', 'Amanda', 'Stenberg', 'Female', NULL, 39),
    (61, 0, '2000-02-10', 'Eemeli', 'Maklin', 'Male', NULL, 15),
    (62, 0, '2000-08-28', 'Paul', 'Jaquet', 'Male', NULL, 37),
    (63, 0, '1999-02-06', 'Paul', 'Menard', 'Male', NULL, 41),
    (64, 0, '2002-01-09', 'Claire', 'Macdonell', 'Female', NULL, 8),
    (65, 0, '2001-06-23', 'Michele', 'Renzi', 'Male', NULL, 24),
    (66, 0, '2002-04-13', 'Lauren', 'Brackett', 'Female', NULL, 8),
    (67, 0, '2001-12-26', 'William', 'Pignon', 'Male', NULL, 16),
    (68, 0, '1990-03-12', 'Jakob', 'Eriksson', 'Male', NULL, 39),
    (69, 0, '2001-08-28', 'Sue', 'Fuchs', 'Female', NULL, 37),
    (70, 0, '1999-02-23', 'Emil', 'Persson', 'Male', NULL, 39),
    (71, 0, '2002-04-29', 'Andrew', 'Waldman', 'Male', NULL, 41),
    (72, 0, '2001-01-25', 'Federico', 'Toscano', 'Male', NULL, 37),
    (73, 0, '2000-05-15', 'Eliot', 'Grandjean', 'Male', NULL, 6),
    (74, 0, '2001-08-28', 'Anna', 'Pertile', 'Female', NULL, 24),
    (75, 0, '2002-04-19', 'Francesco', 'Sanmartino', 'Male', NULL, 24),
    (76, 0, '2001-06-28', 'Illia', 'Kirbatov', 'Male', NULL, 40),
    (77, 0, '1990-03-08', 'Kohei', 'Ohashi', 'Male', NULL, 25),
    (78, 0, '2001-06-16', 'Hoshimi', 'Kotake', 'Female', NULL, 25),
    (79, 0, '2002-01-21', 'Miina', 'Sakuma', 'Female', NULL, 25),
    (80, 0, '2000-09-01', 'Yu', 'Bai', 'Male', NULL, 10),
    (81, 0, '2001-06-07', 'Jonas', 'Barsch', 'Male', NULL, 39),
    (82, 0, '2001-05-07', 'Michael', 'Dandy', 'Male', NULL, 8),
    (83, 0, '1993-05-12', 'Nicholas', 'Krause', 'Male', NULL, 41),
    (84, 0, '1999-06-27', 'Christian', 'Arnold', 'Male', NULL, 37),
    (85, 0, '2001-07-07', 'Lukas', 'Hromec', 'Male', NULL, 38),
    (86, 0, '2002-10-12', 'Annika', 'Howell', 'Female', NULL, 41),
    (87, 0, '1997-10-04', 'Virginia', 'Sosio', 'Female', NULL, 24),
    (88, 0, '2001-10-25', 'Angeliki', 'Maniati', 'Female', NULL, 19),
    (89, 0, '2002-04-23', 'Georgi', 'Konyarski', 'Male', NULL, 7),
    (90, 0, '1997-12-20', 'Thomas', 'Cote', 'Male', NULL, 8),
    (91, 0, '2000-09-20', 'Giovanni', 'Chiolini', 'Male', NULL, 24),
    (92, 0, '1993-07-06', 'Lukas', 'Kaefer', 'Male', NULL, 5),
    (93, 0, '2002-05-20', 'Lorenzo', 'Sandri', 'Male', NULL, 24),
    (94, 0, '1997-04-30', 'Katja', 'Grossmann', 'Female', NULL, 37),
    (95, 0, '2000-08-10', 'Catherine', 'Krupka', 'Female', NULL, 41),
    (96, 0, '1992-06-14', 'Michaela', 'Wenig', 'Female', NULL, 18),
    (97, 0, '1988-12-14', 'Roberto', 'Nani', 'Male', NULL, 24),
    (98, 0, '1998-04-30', 'Zaks', 'Gedra', 'Male', NULL, 27),
    (99, 0, '1998-02-05', 'Claire', 'Tan', 'Female', NULL, 31),
    (100, 0, '1991-05-17', 'Hitomi', 'Sado', 'Female', NULL, 25),
    (101, 0, '1994-10-31', 'Charlotte', 'Chable', 'Female', NULL, 37),
    (102, 0, '1999-06-23', 'Anna', 'Trenary', 'Female', NULL, 41),
    (103, 0, '2000-07-30', 'Arman', 'Gayupov', 'Male', NULL, 42),
    (104, 0, '1996-12-06', 'Jonas', 'Landshom', 'Male', NULL, 32),
    (105, 0, '2001-05-23', 'Paolo', 'Palmegiano', 'Male', NULL, 24),
    (106, 0, '2001-11-05', 'Milena', 'Goffredi', 'Female', NULL, 24),
    (107, 0, '2002-11-03', 'Leo', 'Oesterberg', 'Male', NULL, 39),
    (108, 0, '2002-01-25', 'Ryota', 'Yuji', 'Male', NULL, 25),
    (109, 0, '2002-12-26', 'Ryan', 'Becker', 'Male', NULL, 41),
    (110, 0, '2002-12-04', 'Isabel', 'Guerenu', 'Female', NULL, 14),
    (111, 0, '1993-06-21', 'Mladen', 'Minic', 'Male', NULL, 30),
    (112, 0, '2002-01-24', 'Leonardo', 'Occoffer', 'Male', NULL, 24),
    (113, 0, '2002-05-25', 'Noemie', 'Laurier', 'Female', NULL, 8),
    (114, 0, '2001-03-01', 'Moa', 'Lundquist', 'Female', NULL, 39),
    (115, 0, '1997-06-15', 'Carter', 'Armstrong', 'Male', NULL, 8),
    (116, 0, '1998-04-13', 'Galina', 'Vorozheiko', 'Female', NULL, 35),
    (117, 0, '2002-07-03', 'Marian', 'Danos', 'Male', NULL, 13),
    (118, 0, '1999-05-21', 'Neena', 'Sore', 'Female', NULL, 15),
    (119, 0, '1997-06-23', 'Gabriel', 'Aregger', 'Male', NULL, 37),
    (120, 0, '2001-11-01', 'Rinka', 'Kanai', 'Female', NULL, 25),
    (121, 0, '2000-11-17', 'Olivia', 'Weymouth', 'Female', NULL, 41),
    (122, 0, '1997-04-23', 'Monika', 'Maroty', 'Female', NULL, 20),
    (123, 0, '1998-03-20', 'Elle', 'Kempenaers', 'Female', NULL, 6),
    (124, 0, '2002-03-31', 'Filip', 'Dvorak', 'Male', NULL, 13),
    (125, 0, '2002-12-19', 'Genya', 'Miyazawa', 'Male', NULL, 25),
    (126, 0, '2002-05-10', 'Laura', 'Graziani', 'Female', NULL, 24),
    (127, 0, '2002-07-14', 'Mara', 'Platter', 'Female', NULL, 24),
    (128, 0, '1990-02-25', 'Hyeontae', 'Kim', 'Male', NULL, 26),
    (129, 0, '1999-01-27', 'Misato', 'Koba', 'Female', NULL, 25),
    (130, 0, '1996-04-06', 'Jakub', 'Pospisil', 'Male', NULL, 13),
    (131, 0, '1960-03-11', 'Stefano', 'Rampazzo', 'Male', NULL, 24),
    (132, 0, '1995-06-26', 'Takuya', 'Kusakabe', 'Male', NULL, 25),
    (133, 0, '2001-06-25', 'Ginevra', 'Ostini', 'Female', NULL, 37),
    (134, 0, '2001-12-17', 'Owen', 'Vinter', 'Male', NULL, 17),
    (135, 0, '2000-04-13', 'Ignace', 'Keirouz', 'Male', NULL, 28),
    (136, 0, '1997-05-21', 'Amelia', 'Adams', 'Female', NULL, 41),
    (137, 0, '1999-06-17', 'Eldar', 'Salihovic', 'Male', NULL, 30),
    (138, 0, '2002-09-17', 'Adam', 'Coito', 'Male', NULL, 8),
    (139, 0, '1996-04-28', 'Yukihiro', 'Takikawa', 'Male', NULL, 25),
    (140, 0, '2002-12-04', 'Sini', 'Heikkala', 'Female', NULL, 15),
    (141, 0, '1997-03-19', 'Martin', 'Bergman', 'Male', NULL, 39),
    (142, 0, '1998-09-07', 'Luka', 'Bozhinovski', 'Male', NULL, 29),
    (143, 0, '1998-03-04', 'Shuntaro', 'Nakazawa', 'Male', NULL, 25),
    (144, 0, '1986-01-23', 'Sandro', 'Viletta', 'Male', NULL, 37),
    (145, 0, '1997-03-28', 'Deborah', 'Gerber', 'Female', NULL, 37),
    (146, 0, '2001-02-13', 'Finn', 'Rice', 'Male', NULL, 23),
    (147, 0, '2001-10-14', 'Alberto', 'Guerrini', 'Male', NULL, 24),
    (148, 0, '2001-04-04', 'Edoardo', 'Galeasso', 'Male', NULL, 24),
    (149, 0, '2001-04-14', 'Drew', 'Wingard', 'Male', NULL, 41),
    (150, 0, '2001-07-04', 'Eirik', 'Gjeraldstveit', 'Male', NULL, 32),
    (151, 0, '2001-09-26', 'Cosmo', 'Osmond', 'Male', NULL, 17),
    (152, 0, '2000-04-30', 'Lorenzo', 'Bellet', 'Male', NULL, 24),
    (153, 0, '2001-11-16', 'Carla', 'Torresi', 'Female', NULL, 2),
    (154, 0, '1998-03-16', 'Ryo', 'Oshikiri', 'Male', NULL, 25),
    (155, 0, '2001-05-07', 'Alessandro', 'Peaquin', 'Male', NULL, 24),
    (156, 0, '2002-06-24', 'Yuki', 'Taka', 'Male', NULL, 25),
    (157, 0, '1996-04-14', 'Frederik', 'Norys', 'Male', NULL, 18),
    (158, 0, '1999-06-08', 'Yuta', 'Uchikawa', 'Male', NULL, 25),
    (159, 0, '2001-07-03', 'Silvia', 'Lastei', 'Female', NULL, 24),
    (160, 0, '1999-03-12', 'Juliusz', 'Mitan', 'Male', NULL, 34),
    (161, 0, '2001-02-21', 'Anna', 'Oberdanner', 'Female', NULL, 5),
    (162, 0, '2002-08-02', 'Samantha', 'Trudeau', 'Female', NULL, 41),
    (163, 0, '1986-10-05', 'Jad', 'Makhoul', 'Male', NULL, 28),
    (164, 0, '2000-02-10', 'Filippo', 'Collini', 'Male', NULL, 24),
    (165, 0, '2002-10-15', 'Oskar', 'Gillberg', 'Male', NULL, 39),
    (166, 0, '2000-03-17', 'Karolina', 'Vlckova', 'Female', NULL, 13),
    (167, 0, '2000-03-22', 'Nicolo', 'Valentini', 'Male', NULL, 24),
    (168, 0, '1997-01-18', 'Cristina', 'Pachi', 'Female', NULL, 19),
    (169, 0, '2002-08-14', 'David', 'Hrbac', 'Male', NULL, 13),
    (170, 0, '1997-01-15', 'Marco', 'Fischbacher', 'Male', NULL, 37),
    (171, 0, '2002-03-29', 'Alice', 'Carneli', 'Female', NULL, 24),
    (172, 0, '1999-12-22', 'Niclas', 'Carlson', 'Male', NULL, 41),
    (173, 0, '2001-01-24', 'Severin', 'Imseng', 'Male', NULL, 37),
    (174, 0, '1969-12-21', 'Kouichi', 'Murakami', 'Male', NULL, 25),
    (175, 0, '2001-12-14', 'Eduard', 'Tashov', 'Male', NULL, 35),
    (176, 0, '2002-03-07', 'Pavel', 'Ustiuzhanin', 'Male', NULL, 35),
    (177, 0, '2002-09-11', 'Guilhem', 'Castillon', 'Male', NULL, 16),
    (178, 0, '2000-04-02', 'Grace', 'Klapatiuk', 'Female', NULL, 8),
    (179, 0, '1995-01-01', 'Michal', 'Staszowski', 'Male', NULL, 13),
    (180, 0, '2002-08-08', 'Sayo', 'Yamashita', 'Female', NULL, 25),
    (181, 0, '2001-10-22', 'Maja', 'Fucak', 'Female', NULL, 12),
    (182, 0, '2001-10-14', 'Marvin', 'Avesani', 'Male', NULL, 24),
    (183, 0, '1991-06-27', 'Nicolas', 'Raffort', 'Male', NULL, 16),
    (184, 0, '2002-02-07', 'Alexandra', 'Diessinger', 'Female', NULL, 18),
    (185, 0, '2000-10-03', 'Kyosuke', 'Yamamoto', 'Male', NULL, 25),
    (186, 0, '2001-03-28', 'Bella', 'Gigone', 'Female', NULL, 8),
    (187, 0, '2001-01-29', 'Maren', 'Fodnaess', 'Female', NULL, 32),
    (188, 0, '2002-09-05', 'Justin', 'Laricheliere', 'Male', NULL, 8),
    (189, 0, '2002-11-24', 'Yudai', 'Katsumasa', 'Male', NULL, 25),
    (190, 0, '2002-02-01', 'Annelise', 'Norkitis', 'Female', NULL, 41),
    (191, 0, '2002-02-20', 'Bastien', 'Hirschi', 'Male', NULL, 37),
    (192, 0, '1998-12-15', 'Veronika', 'Kivelevich', 'Female', NULL, 35),
    (193, 0, '1999-02-19', 'Sumitaka', 'Hagiuda', 'Male', NULL, 25),
    (194, 0, '2001-03-14', 'Sequoia', 'Anstine', 'Female', NULL, 41),
    (195, 0, '1995-01-13', 'Varsha', 'Devi', 'Female', NULL, 21),
    (196, 0, '1996-12-29', 'Luca', 'Decostanzi', 'Male', NULL, 24),
    (197, 0, '2002-10-30', 'Antonio', 'Scarpitti', 'Male', NULL, 24),
    (198, 0, '2002-03-05', 'Martin', 'Mcdonough', 'Male', NULL, 41),
    (199, 0, '2001-05-10', 'Rio', 'Miyazawa', 'Female', NULL, 25),
    (200, 0, '1995-05-29', 'Ramona', 'Boettinger', 'Female', NULL, 18),
    (201, 0, '1996-07-23', 'Alexandre', 'Trudeau', 'Male', NULL, 8),
    (202, 0, '2001-04-06', 'Lili', 'Flachbart', 'Female', NULL, 41),
    (203, 0, '2002-06-30', 'Tiago', 'Janet', 'Male', NULL, 37),
    (204, 0, '2002-12-31', 'Josefine', 'Enqvist', 'Female', NULL, 39),
    (205, 0, '1989-01-30', 'Thomas', 'Biesemeyer', 'Male', NULL, 41),
    (206, 0, '2002-09-09', 'Oscar', 'Holmqvist', 'Male', NULL, 39),
    (207, 0, '2001-12-27', 'Una', 'Grauda', 'Female', NULL, 27),
    (208, 0, '2001-03-02', 'Daria', 'Zaviruha', 'Female', NULL, 35),
    (209, 0, '1998-06-30', 'Minori', 'Tamura', 'Female', NULL, 25),
    (210, 0, '1997-11-11', 'Arashi', 'Nagata', 'Male', NULL, 25),
    (211, 0, '1995-01-01', 'Martin', 'Kucera', 'Male', NULL, 13),
    (212, 0, '1965-02-14', 'Yoichi', 'Amakasu', 'Male', NULL, 25),
    (213, 0, '2002-10-15', 'Robin', 'Gross', 'Male', NULL, 16),
    (214, 0, '1985-08-03', 'Yuheng', 'Tian', 'Male', NULL, 10),
    (215, 0, '2000-02-09', 'Sam', 'Conzelman', 'Female', NULL, 41),
    (216, 0, '1999-05-09', 'Ashot', 'Karapetyan', 'Male', NULL, 3),
    (217, 0, '2002-12-25', 'Esperanza', 'Vergara', 'Female', NULL, 9),
    (218, 0, '1997-03-30', 'Rami', 'Chaaya', 'Male', NULL, 28),
    (219, 0, '1997-04-14', 'Eric', 'Johnson', 'Male', NULL, 41),
    (220, 0, '1998-06-26', 'Alejandro', 'Triay', 'Male', NULL, 14),
    (221, 0, '1998-06-29', 'Benjamin', 'Meyers', 'Male', NULL, 41),
    (222, 0, '1997-04-15', 'Paul', 'Rechberger', 'Male', NULL, 5),
    (223, 0, '1999-05-02', 'Ramon', 'Barrufet', 'Male', NULL, 14),
    (224, 0, '2001-10-07', 'Lois', 'Abouly', 'Female', NULL, 16),
    (225, 0, '1999-05-05', 'Jake', 'Abbott', 'Male', NULL, 41),
    (226, 0, '1994-10-13', 'Cyprien', 'Sarrazin', 'Male', NULL, 16),
    (227, 0, '1997-11-17', 'Pietro', 'Tomei', 'Male', NULL, 24),
    (228, 0, '2000-11-01', 'Thomas', 'Borash', 'Male', NULL, 41),
    (229, 0, '1981-01-03', 'Cristian', 'Deville', 'Male', NULL, 24),
    (230, 0, '1980-11-26', 'Hira', 'Lal', 'Male', NULL, 21),
    (231, 0, '2002-11-13', 'Peder', 'Skogstad', 'Male', NULL, 32),
    (232, 0, '2000-05-08', 'Matteo', 'Tognetti', 'Male', NULL, 24),
    (233, 0, '1995-04-08', 'Louise', 'Wedin', 'Female', NULL, 39),
    (234, 0, '2001-06-23', 'Elena', 'Zipp', 'Female', NULL, 41),
    (235, 0, '1998-08-13', 'Masooma', 'Hassani', 'Female', NULL, 1),
    (236, 0, '1979-09-05', 'Julien', 'Lizeroux', 'Male', NULL, 16),
    (237, 0, '1993-07-13', 'Petra', 'Houserova', 'Female', NULL, 13),
    (238, 0, '1992-07-21', 'Niloofar', 'Khorrami', 'Female', NULL, 22),
    (239, 0, '1998-12-28', 'Yui', 'Yamaguchi', 'Female', NULL, 25),
    (240, 0, '2002-06-30', 'Lora', 'Broz', 'Female', NULL, 12),
    (241, 0, '2002-07-28', 'Jacopo', 'Biz', 'Male', NULL, 24),
    (242, 0, '1997-09-28', 'Matej', 'Prielozny', 'Male', NULL, 38),
    (243, 0, '2002-03-25', 'Fedor', 'Chernyshev', 'Male', NULL, 35),
    (244, 0, '2002-06-27', 'Bradley', 'Bonner', 'Male', NULL, 8),
    (245, 0, '1996-05-12', 'Emer', 'Pisarnik', 'Female', NULL, 23),
    (246, 0, '2000-07-14', 'Mikael', 'Larsson', 'Male', NULL, 39),
    (247, 0, '2002-05-18', 'Emil', 'Taernsby', 'Male', NULL, 39),
    (248, 0, '2001-11-14', 'Mia', 'Saglia', 'Female', NULL, 16),
    (249, 0, '1990-06-21', 'Paraskevi', 'Mavridou', 'Female', NULL, 19),
    (250, 0, '2002-03-23', 'Claudia', 'Lopez', 'Female', NULL, 14);

INSERT INTO run
    (id, skier_id, race_id, run_number, start_position, status, total_time)
VALUES
    (1, 221, 1, 1, 1, 'Completed', 48.728),
    (2, 4, 1, 1, 2, 'Completed', 55.896),
    (3, 227, 1, 1, 3, 'Completed', 54.807),
    (4, 228, 1, 1, 4, 'Completed', 60.284),
    (5, 138, 1, 1, 5, 'Completed', 52.181),
    (6, 137, 1, 1, 6, 'Unfinished', 0),
    (7, 167, 1, 1, 7, 'Completed', 53.296),
    (8, 105, 1, 1, 8, 'Completed', 58.16),
    (9, 156, 1, 1, 9, 'Completed', 47.25),
    (10, 65, 1, 1, 10, 'Completed', 54.332),
    (11, 20, 1, 1, 11, 'Completed', 56.205),
    (12, 57, 1, 1, 12, 'Disqualified', 0),
    (13, 67, 1, 1, 13, 'Disqualified', 0),
    (14, 231, 1, 1, 14, 'Completed', 56.808),
    (15, 77, 1, 1, 15, 'Completed', 63.393),
    (16, 51, 1, 1, 16, 'Completed', 48.641),
    (17, 203, 1, 1, 17, 'Completed', 48.697),
    (18, 212, 1, 1, 18, 'Completed', 49.15),
    (19, 2, 1, 1, 19, 'NotStarted', 0),
    (20, 72, 1, 1, 20, 'Disqualified', 0),
    (21, 92, 1, 1, 21, 'Completed', 55.874),
    (22, 46, 1, 1, 22, 'Completed', 56.488),
    (23, 172, 1, 1, 23, 'Completed', 66.148),
    (24, 193, 1, 1, 24, 'Completed', 52.575),
    (25, 144, 1, 1, 25, 'Completed', 48.108),
    (26, 211, 1, 1, 26, 'Completed', 45.984),
    (27, 177, 1, 1, 27, 'Completed', 44.234),
    (28, 103, 1, 1, 28, 'Completed', 55.617),
    (29, 182, 1, 1, 29, 'Completed', 53.913),
    (30, 223, 1, 1, 30, 'Completed', 53.452),
    (31, 154, 1, 1, 31, 'Completed', 51.825),
    (32, 143, 1, 1, 32, 'Completed', 56.572),
    (33, 41, 1, 1, 33, 'Completed', 56.28),
    (34, 76, 1, 1, 34, 'Completed', 62.89),
    (35, 197, 1, 1, 35, 'Completed', 49.381),
    (36, 30, 1, 1, 36, 'Completed', 54.094),
    (37, 241, 1, 1, 37, 'Completed', 61.384),
    (38, 28, 1, 1, 38, 'Completed', 52.087),
    (39, 164, 1, 1, 39, 'Completed', 55.642),
    (40, 226, 1, 1, 40, 'Completed', 48.086),
    (41, 109, 1, 1, 41, 'Completed', 54.302),
    (42, 50, 1, 1, 42, 'Completed', 45.08),
    (43, 170, 1, 1, 43, 'Completed', 49.099),
    (44, 158, 1, 1, 44, 'Completed', 52.914),
    (45, 147, 1, 1, 45, 'Completed', 51.485),
    (46, 147, 1, 2, 46, 'Completed', 68.218),
    (47, 158, 1, 2, 47, 'Completed', 60.419),
    (48, 170, 1, 2, 48, 'Disqualified', 0),
    (49, 109, 1, 2, 49, 'Unfinished', 0),
    (50, 164, 1, 2, 50, 'Completed', 51.236),
    (51, 28, 1, 2, 51, 'Completed', 48.228),
    (52, 241, 1, 2, 52, 'Completed', 53.131),
    (53, 30, 1, 2, 53, 'Completed', 49.056),
    (54, 197, 1, 2, 54, 'Completed', 53.394),
    (55, 76, 1, 2, 55, 'Completed', 50.588),
    (56, 41, 1, 2, 56, 'Completed', 50.186),
    (57, 143, 1, 2, 57, 'Disqualified', 0),
    (58, 223, 1, 2, 58, 'Completed', 66.05),
    (59, 182, 1, 2, 59, 'Completed', 52.914),
    (60, 103, 1, 2, 60, 'Completed', 57.659),
    (61, 177, 1, 2, 61, 'Completed', 57.703),
    (62, 211, 1, 2, 62, 'Completed', 60.695),
    (63, 144, 1, 2, 63, 'Completed', 53.528),
    (64, 193, 1, 2, 64, 'Completed', 52.662),
    (65, 172, 1, 2, 65, 'Completed', 52.386),
    (66, 46, 1, 2, 66, 'Completed', 55.203),
    (67, 92, 1, 2, 67, 'Completed', 53.804),
    (68, 58, 1, 2, 68, 'Completed', 51.083),
    (69, 132, 1, 2, 69, 'Completed', 63.239),
    (70, 212, 1, 2, 70, 'Completed', 58.189),
    (71, 203, 1, 2, 71, 'Completed', 46.977),
    (72, 51, 1, 2, 72, 'Completed', 54.774),
    (73, 77, 1, 2, 73, 'Completed', 62.762),
    (74, 231, 1, 2, 74, 'Completed', 51.471),
    (75, 63, 1, 2, 75, 'Completed', 51.815),
    (76, 244, 1, 2, 76, 'Completed', 58.387),
    (77, 20, 1, 2, 77, 'Completed', 56.608),
    (78, 65, 1, 2, 78, 'Completed', 56.512),
    (79, 156, 1, 2, 79, 'Completed', 51.168),
    (80, 105, 1, 2, 80, 'Completed', 52.248),
    (81, 167, 1, 2, 81, 'Completed', 56.737),
    (82, 183, 1, 2, 82, 'Completed', 57.746),
    (83, 138, 1, 2, 83, 'NotStarted', 0),
    (84, 227, 1, 2, 84, 'Completed', 60.196),
    (85, 4, 1, 2, 85, 'Completed', 51.422),
    (86, 221, 1, 2, 86, 'Completed', 46.139),
    (87, 66, 2, 1, 1, 'Completed', 59.842),
    (88, 33, 2, 1, 2, 'Completed', 67.257),
    (89, 27, 2, 1, 3, 'Completed', 63.011),
    (90, 26, 2, 1, 4, 'NotStarted', 0),
    (91, 140, 2, 1, 5, 'Completed', 65.736),
    (92, 21, 2, 1, 6, 'Completed', 59.768),
    (93, 240, 2, 1, 7, 'Completed', 58.454),
    (94, 34, 2, 1, 8, 'Completed', 54.628),
    (95, 168, 2, 1, 9, 'Completed', 45.352),
    (96, 126, 2, 1, 10, 'Completed', 58.044),
    (97, 106, 2, 1, 11, 'Completed', 46.832),
    (98, 59, 2, 1, 12, 'Completed', 63.697),
    (99, 237, 2, 1, 13, 'Completed', 61.015),
    (100, 86, 2, 1, 14, 'Completed', 62.459),
    (101, 1, 2, 1, 15, 'NotStarted', 0),
    (102, 36, 2, 1, 16, 'NotStarted', 0),
    (103, 162, 2, 1, 17, 'Completed', 60.509),
    (104, 74, 2, 1, 18, 'Completed', 65.137),
    (105, 116, 2, 1, 19, 'Completed', 52.048),
    (106, 180, 2, 1, 20, 'Disqualified', 0),
    (107, 60, 2, 1, 21, 'Completed', 57.82),
    (108, 35, 2, 1, 22, 'Completed', 57.307),
    (109, 200, 2, 1, 23, 'Completed', 47.594),
    (110, 18, 2, 1, 24, 'Completed', 47.245),
    (111, 56, 2, 1, 25, 'Completed', 58.199),
    (112, 159, 2, 1, 26, 'Completed', 57.792),
    (113, 13, 2, 1, 27, 'Completed', 54.651),
    (114, 79, 2, 1, 28, 'Completed', 57.41),
    (115, 120, 2, 1, 29, 'Completed', 63.22),
    (116, 22, 2, 1, 30, 'Completed', 69.767),
    (117, 215, 2, 1, 31, 'Completed', 57.206),
    (118, 136, 2, 1, 32, 'Completed', 55.787),
    (119, 184, 2, 1, 33, 'Completed', 62.427),
    (120, 133, 2, 1, 34, 'Completed', 58.058),
    (121, 95, 2, 1, 35, 'Completed', 56.431),
    (122, 224, 2, 1, 36, 'Completed', 61.944),
    (123, 224, 2, 2, 37, 'Completed', 61.63),
    (124, 95, 2, 2, 38, 'Completed', 61.548),
    (125, 133, 2, 2, 39, 'Completed', 68.872),
    (126, 184, 2, 2, 40, 'Disqualified', 0),
    (127, 215, 2, 2, 41, 'Completed', 53.362),
    (128, 22, 2, 2, 42, 'Completed', 58.919),
    (129, 120, 2, 2, 43, 'Completed', 54.328),
    (130, 79, 2, 2, 44, 'Completed', 56.817),
    (131, 13, 2, 2, 45, 'Completed', 54.072),
    (132, 159, 2, 2, 46, 'Unfinished', 0),
    (133, 18, 2, 2, 47, 'Completed', 64.268),
    (134, 200, 2, 2, 48, 'Completed', 56.459),
    (135, 35, 2, 2, 49, 'Completed', 55.143),
    (136, 60, 2, 2, 50, 'Completed', 61.373),
    (137, 145, 2, 2, 51, 'Completed', 52.828),
    (138, 116, 2, 2, 52, 'Completed', 59.67),
    (139, 74, 2, 2, 53, 'Completed', 65.305),
    (140, 162, 2, 2, 54, 'Completed', 60.245),
    (141, 113, 2, 2, 55, 'Completed', 60.203),
    (142, 233, 2, 2, 56, 'Completed', 61.739),
    (143, 86, 2, 2, 57, 'NotStarted', 0),
    (144, 59, 2, 2, 58, 'Completed', 66.631),
    (145, 106, 2, 2, 59, 'Completed', 56.527),
    (146, 126, 2, 2, 60, 'Completed', 57.758),
    (147, 168, 2, 2, 61, 'Completed', 57.219),
    (148, 34, 2, 2, 62, 'Completed', 55.433),
    (149, 240, 2, 2, 63, 'Completed', 60.731),
    (150, 21, 2, 2, 64, 'Completed', 62.279),
    (151, 140, 2, 2, 65, 'Completed', 50.276),
    (152, 101, 2, 2, 66, 'Completed', 69.317),
    (153, 27, 2, 2, 67, 'Completed', 58.414),
    (154, 33, 2, 2, 68, 'Completed', 66.363),
    (155, 66, 2, 2, 69, 'Completed', 59.622),
    (156, 10, 3, 1, 1, 'Unfinished', 0),
    (157, 104, 3, 1, 2, 'Completed', 59.734),
    (158, 105, 3, 1, 3, 'Completed', 57.129),
    (159, 107, 3, 1, 4, 'Completed', 50.554),
    (160, 108, 3, 1, 5, 'Completed', 48.68),
    (161, 109, 3, 1, 6, 'Completed', 54.75),
    (162, 111, 3, 1, 7, 'Completed', 46.764),
    (163, 112, 3, 1, 8, 'Completed', 45.074),
    (164, 115, 3, 1, 9, 'Disqualified', 0),
    (165, 119, 3, 1, 10, 'Completed', 46.666),
    (166, 12, 3, 1, 11, 'Completed', 49.243),
    (167, 124, 3, 1, 12, 'Unfinished', 0),
    (168, 128, 3, 1, 13, 'Completed', 51.53),
    (169, 130, 3, 1, 14, 'NotStarted', 0),
    (170, 132, 3, 1, 15, 'Completed', 55.897),
    (171, 134, 3, 1, 16, 'Completed', 41.692),
    (172, 135, 3, 1, 17, 'Completed', 49.731),
    (173, 137, 3, 1, 18, 'Completed', 51.014),
    (174, 138, 3, 1, 19, 'Completed', 51.976),
    (175, 139, 3, 1, 20, 'Completed', 56.237),
    (176, 14, 3, 1, 21, 'Completed', 55.314),
    (177, 141, 3, 1, 22, 'Completed', 58.341),
    (178, 142, 3, 1, 23, 'Unfinished', 0),
    (179, 144, 3, 1, 24, 'Completed', 50.878),
    (180, 146, 3, 1, 25, 'Completed', 56.485),
    (181, 147, 3, 1, 26, 'Completed', 55.657),
    (182, 148, 3, 1, 27, 'Completed', 55.715),
    (183, 149, 3, 1, 28, 'Completed', 54.528),
    (184, 15, 3, 1, 29, 'Completed', 54.176),
    (185, 150, 3, 1, 30, 'Completed', 47.246),
    (186, 151, 3, 1, 31, 'Completed', 56.126),
    (187, 152, 3, 1, 32, 'Completed', 50.504),
    (188, 154, 3, 1, 33, 'Completed', 60.041),
    (189, 155, 3, 1, 34, 'Completed', 57.86),
    (190, 156, 3, 1, 35, 'Completed', 48.958),
    (191, 157, 3, 1, 36, 'Completed', 56.53),
    (192, 158, 3, 1, 37, 'Completed', 61.079),
    (193, 16, 3, 1, 38, 'Completed', 44.557),
    (194, 160, 3, 1, 39, 'Completed', 51.926),
    (195, 163, 3, 1, 40, 'Completed', 52.039),
    (196, 163, 3, 2, 41, 'Completed', 46.925),
    (197, 160, 3, 2, 42, 'Disqualified', 0),
    (198, 158, 3, 2, 43, 'Completed', 55.548),
    (199, 157, 3, 2, 44, 'Completed', 56.022),
    (200, 156, 3, 2, 45, 'Completed', 54.145),
    (201, 155, 3, 2, 46, 'Completed', 55.886),
    (202, 154, 3, 2, 47, 'Completed', 53.129),
    (203, 152, 3, 2, 48, 'Completed', 55.121),
    (204, 151, 3, 2, 49, 'Completed', 54.269),
    (205, 150, 3, 2, 50, 'Completed', 59.171),
    (206, 15, 3, 2, 51, 'Completed', 53.208),
    (207, 149, 3, 2, 52, 'Disqualified', 0),
    (208, 147, 3, 2, 53, 'Completed', 49.906),
    (209, 146, 3, 2, 54, 'Disqualified', 0),
    (210, 143, 3, 2, 55, 'Completed', 50.282),
    (211, 141, 3, 2, 56, 'Completed', 62.466),
    (212, 14, 3, 2, 57, 'Completed', 56.513),
    (213, 139, 3, 2, 58, 'Completed', 57.83),
    (214, 138, 3, 2, 59, 'Completed', 61.654),
    (215, 137, 3, 2, 60, 'Completed', 47.435),
    (216, 135, 3, 2, 61, 'Completed', 48.882),
    (217, 134, 3, 2, 62, 'Completed', 58.592),
    (218, 132, 3, 2, 63, 'Completed', 52.184),
    (219, 131, 3, 2, 64, 'Completed', 57.481),
    (220, 128, 3, 2, 65, 'Completed', 53.796),
    (221, 125, 3, 2, 66, 'Completed', 50.035),
    (222, 12, 3, 2, 67, 'Completed', 57.003),
    (223, 119, 3, 2, 68, 'Completed', 56.989),
    (224, 117, 3, 2, 69, 'Completed', 56.284),
    (225, 112, 3, 2, 70, 'Disqualified', 0),
    (226, 109, 3, 2, 71, 'Completed', 53.517),
    (227, 108, 3, 2, 72, 'Disqualified', 0),
    (228, 105, 3, 2, 73, 'Completed', 56.824),
    (229, 104, 3, 2, 74, 'Completed', 58.313),
    (230, 103, 3, 2, 75, 'Completed', 46.575);

INSERT INTO sensor_measurement
    (id, sensor_id, timestamp, run_id)
VALUES
    (1, 0, 1576850000.000, 1),
    (2, 1, 1576850010.247, 1),
    (3, 2, 1576850020.962, 1),
    (4, 3, 1576850030.886, 1),
    (5, 4, 1576850048.728, 1),
    (6, 0, 1576850000.000, 2),
    (7, 1, 1576850016.399, 2),
    (8, 2, 1576850031.937, 2),
    (9, 3, 1576850044.366, 2),
    (10, 4, 1576850055.896, 2),
    (11, 0, 1576850000.000, 3),
    (12, 1, 1576850009.678, 3),
    (13, 2, 1576850024.779, 3),
    (14, 3, 1576850040.106, 3),
    (15, 4, 1576850054.807, 3),
    (16, 0, 1576850000.000, 4),
    (17, 1, 1576850013.611, 4),
    (18, 2, 1576850030.421, 4),
    (19, 3, 1576850046.722, 4),
    (20, 4, 1576850060.284, 4),
    (21, 0, 1576850000.000, 5),
    (22, 1, 1576850011.106, 5),
    (23, 2, 1576850028.859, 5),
    (24, 3, 1576850039.265, 5),
    (25, 4, 1576850052.181, 5),
    (26, 0, 1576850000.000, 6),
    (27, 0, 1576850000.000, 7),
    (28, 1, 1576850011.661, 7),
    (29, 2, 1576850023.454, 7),
    (30, 3, 1576850035.362, 7),
    (31, 4, 1576850053.296, 7),
    (32, 0, 1576850000.000, 8),
    (33, 1, 1576850013.357, 8),
    (34, 2, 1576850029.037, 8),
    (35, 3, 1576850043.358, 8),
    (36, 4, 1576850058.160, 8),
    (37, 0, 1576850000.000, 9),
    (38, 1, 1576850009.647, 9),
    (39, 2, 1576850025.401, 9),
    (40, 3, 1576850036.895, 9),
    (41, 4, 1576850047.250, 9),
    (42, 0, 1576850000.000, 10),
    (43, 1, 1576850011.239, 10),
    (44, 2, 1576850024.819, 10),
    (45, 3, 1576850040.171, 10),
    (46, 4, 1576850054.332, 10),
    (47, 0, 1576850000.000, 11),
    (48, 1, 1576850014.725, 11),
    (49, 2, 1576850025.529, 11),
    (50, 3, 1576850040.315, 11),
    (51, 4, 1576850056.205, 11),
    (52, 0, 1576850000.000, 12),
    (53, 1, 1576850015.961, 12),
    (54, 2, 1576850025.829, 12),
    (55, 3, 1576850041.969, 12),
    (56, 4, 1576850059.460, 12),
    (57, 0, 1576850000.000, 13),
    (58, 1, 1576850010.174, 13),
    (59, 2, 1576850019.769, 13),
    (60, 3, 1576850029.640, 13),
    (61, 4, 1576850040.305, 13),
    (62, 0, 1576850000.000, 14),
    (63, 1, 1576850016.822, 14),
    (64, 2, 1576850032.299, 14),
    (65, 3, 1576850044.061, 14),
    (66, 4, 1576850056.808, 14),
    (67, 0, 1576850000.000, 15),
    (68, 1, 1576850013.653, 15),
    (69, 2, 1576850031.362, 15),
    (70, 3, 1576850046.839, 15),
    (71, 4, 1576850063.393, 15),
    (72, 0, 1576850000.000, 16),
    (73, 1, 1576850016.298, 16),
    (74, 2, 1576850026.154, 16),
    (75, 3, 1576850035.440, 16),
    (76, 4, 1576850048.641, 16),
    (77, 0, 1576850000.000, 17),
    (78, 1, 1576850013.471, 17),
    (79, 2, 1576850024.651, 17),
    (80, 3, 1576850036.802, 17),
    (81, 4, 1576850048.697, 17),
    (82, 0, 1576850000.000, 18),
    (83, 1, 1576850014.979, 18),
    (84, 2, 1576850025.893, 18),
    (85, 3, 1576850038.330, 18),
    (86, 4, 1576850049.150, 18),
    (87, 0, 1576850000.000, 20),
    (88, 1, 1576850017.107, 20),
    (89, 2, 1576850028.212, 20),
    (90, 3, 1576850039.633, 20),
    (91, 4, 1576850053.305, 20),
    (92, 0, 1576850000.000, 21),
    (93, 1, 1576850017.369, 21),
    (94, 2, 1576850031.959, 21),
    (95, 3, 1576850041.687, 21),
    (96, 4, 1576850055.874, 21),
    (97, 0, 1576850000.000, 22),
    (98, 1, 1576850009.356, 22),
    (99, 2, 1576850026.600, 22),
    (100, 3, 1576850042.203, 22),
    (101, 4, 1576850056.488, 22),
    (102, 0, 1576850000.000, 23),
    (103, 1, 1576850017.428, 23),
    (104, 2, 1576850032.954, 23),
    (105, 3, 1576850050.412, 23),
    (106, 4, 1576850066.148, 23),
    (107, 0, 1576850000.000, 24),
    (108, 1, 1576850012.614, 24),
    (109, 2, 1576850026.806, 24),
    (110, 3, 1576850041.323, 24),
    (111, 4, 1576850052.575, 24),
    (112, 0, 1576850000.000, 25),
    (113, 1, 1576850010.779, 25),
    (114, 2, 1576850020.077, 25),
    (115, 3, 1576850033.225, 25),
    (116, 4, 1576850048.108, 25),
    (117, 0, 1576850000.000, 26),
    (118, 1, 1576850011.585, 26),
    (119, 2, 1576850023.917, 26),
    (120, 3, 1576850035.535, 26),
    (121, 4, 1576850045.984, 26),
    (122, 0, 1576850000.000, 27),
    (123, 1, 1576850009.509, 27),
    (124, 2, 1576850023.955, 27),
    (125, 3, 1576850033.624, 27),
    (126, 4, 1576850044.234, 27),
    (127, 0, 1576850000.000, 28),
    (128, 1, 1576850010.667, 28),
    (129, 2, 1576850027.407, 28),
    (130, 3, 1576850042.386, 28),
    (131, 4, 1576850055.617, 28),
    (132, 0, 1576850000.000, 29),
    (133, 1, 1576850013.341, 29),
    (134, 2, 1576850023.040, 29),
    (135, 3, 1576850040.523, 29),
    (136, 4, 1576850053.913, 29),
    (137, 0, 1576850000.000, 30),
    (138, 1, 1576850013.750, 30),
    (139, 2, 1576850030.342, 30),
    (140, 3, 1576850042.219, 30),
    (141, 4, 1576850053.452, 30),
    (142, 0, 1576850000.000, 31),
    (143, 1, 1576850017.909, 31),
    (144, 2, 1576850032.404, 31),
    (145, 3, 1576850042.402, 31),
    (146, 4, 1576850051.825, 31),
    (147, 0, 1576850000.000, 32),
    (148, 1, 1576850016.110, 32),
    (149, 2, 1576850028.533, 32),
    (150, 3, 1576850046.047, 32),
    (151, 4, 1576850056.572, 32),
    (152, 0, 1576850000.000, 33),
    (153, 1, 1576850011.782, 33),
    (154, 2, 1576850024.769, 33),
    (155, 3, 1576850039.739, 33),
    (156, 4, 1576850056.280, 33),
    (157, 0, 1576850000.000, 34),
    (158, 1, 1576850016.161, 34),
    (159, 2, 1576850031.553, 34),
    (160, 3, 1576850047.995, 34),
    (161, 4, 1576850062.890, 34),
    (162, 0, 1576850000.000, 35),
    (163, 1, 1576850014.244, 35),
    (164, 2, 1576850026.616, 35),
    (165, 3, 1576850038.749, 35),
    (166, 4, 1576850049.381, 35),
    (167, 0, 1576850000.000, 36),
    (168, 1, 1576850014.514, 36),
    (169, 2, 1576850026.057, 36),
    (170, 3, 1576850040.655, 36),
    (171, 4, 1576850054.094, 36),
    (172, 0, 1576850000.000, 37),
    (173, 1, 1576850016.523, 37),
    (174, 2, 1576850034.334, 37),
    (175, 3, 1576850050.124, 37),
    (176, 4, 1576850061.384, 37),
    (177, 0, 1576850000.000, 38),
    (178, 1, 1576850012.481, 38),
    (179, 2, 1576850029.469, 38),
    (180, 3, 1576850040.232, 38),
    (181, 4, 1576850052.087, 38),
    (182, 0, 1576850000.000, 39),
    (183, 1, 1576850009.812, 39),
    (184, 2, 1576850026.193, 39),
    (185, 3, 1576850038.474, 39),
    (186, 4, 1576850055.642, 39),
    (187, 0, 1576850000.000, 40),
    (188, 1, 1576850011.476, 40),
    (189, 2, 1576850023.420, 40),
    (190, 3, 1576850034.374, 40),
    (191, 4, 1576850048.086, 40),
    (192, 0, 1576850000.000, 41),
    (193, 1, 1576850013.112, 41),
    (194, 2, 1576850028.578, 41),
    (195, 3, 1576850041.522, 41),
    (196, 4, 1576850054.302, 41),
    (197, 0, 1576850000.000, 42),
    (198, 1, 1576850011.233, 42),
    (199, 2, 1576850020.472, 42),
    (200, 3, 1576850033.150, 42),
    (201, 4, 1576850045.080, 42),
    (202, 0, 1576850000.000, 43),
    (203, 1, 1576850011.186, 43),
    (204, 2, 1576850026.320, 43),
    (205, 3, 1576850037.699, 43),
    (206, 4, 1576850049.099, 43),
    (207, 0, 1576850000.000, 44),
    (208, 1, 1576850010.373, 44),
    (209, 2, 1576850026.639, 44),
    (210, 3, 1576850043.105, 44),
    (211, 4, 1576850052.914, 44),
    (212, 0, 1576850000.000, 45),
    (213, 1, 1576850016.371, 45),
    (214, 2, 1576850026.494, 45),
    (215, 3, 1576850035.871, 45),
    (216, 4, 1576850051.485, 45),
    (217, 0, 1576850000.000, 46),
    (218, 1, 1576850016.753, 46),
    (219, 2, 1576850033.138, 46),
    (220, 3, 1576850050.728, 46),
    (221, 4, 1576850068.218, 46),
    (222, 0, 1576850000.000, 47),
    (223, 1, 1576850016.947, 47),
    (224, 2, 1576850031.339, 47),
    (225, 3, 1576850046.501, 47),
    (226, 4, 1576850060.419, 47),
    (227, 0, 1576850000.000, 48),
    (228, 1, 1576850013.163, 48),
    (229, 2, 1576850028.281, 48),
    (230, 3, 1576850040.673, 48),
    (231, 4, 1576850054.179, 48),
    (232, 0, 1576850000.000, 49),
    (233, 1, 1576850016.236, 49),
    (234, 0, 1576850000.000, 50),
    (235, 1, 1576850017.321, 50),
    (236, 2, 1576850027.121, 50),
    (237, 3, 1576850038.886, 50),
    (238, 4, 1576850051.236, 50),
    (239, 0, 1576850000.000, 51),
    (240, 1, 1576850009.862, 51),
    (241, 2, 1576850025.718, 51),
    (242, 3, 1576850037.079, 51),
    (243, 4, 1576850048.228, 51),
    (244, 0, 1576850000.000, 52),
    (245, 1, 1576850012.333, 52),
    (246, 2, 1576850022.160, 52),
    (247, 3, 1576850039.857, 52),
    (248, 4, 1576850053.131, 52),
    (249, 0, 1576850000.000, 53),
    (250, 1, 1576850011.729, 53),
    (251, 2, 1576850024.885, 53),
    (252, 3, 1576850037.429, 53),
    (253, 4, 1576850049.056, 53),
    (254, 0, 1576850000.000, 54),
    (255, 1, 1576850012.534, 54),
    (256, 2, 1576850028.426, 54),
    (257, 3, 1576850041.257, 54),
    (258, 4, 1576850053.394, 54),
    (259, 0, 1576850000.000, 55),
    (260, 1, 1576850013.592, 55),
    (261, 2, 1576850025.499, 55),
    (262, 3, 1576850039.721, 55),
    (263, 4, 1576850050.588, 55),
    (264, 0, 1576850000.000, 56),
    (265, 1, 1576850009.542, 56),
    (266, 2, 1576850019.106, 56),
    (267, 3, 1576850033.067, 56),
    (268, 4, 1576850050.186, 56),
    (269, 0, 1576850000.000, 57),
    (270, 1, 1576850016.835, 57),
    (271, 2, 1576850031.218, 57),
    (272, 3, 1576850045.843, 57),
    (273, 4, 1576850062.683, 57),
    (274, 0, 1576850000.000, 58),
    (275, 1, 1576850016.711, 58),
    (276, 2, 1576850034.368, 58),
    (277, 3, 1576850049.590, 58),
    (278, 4, 1576850066.050, 58),
    (279, 0, 1576850000.000, 59),
    (280, 1, 1576850015.112, 59),
    (281, 2, 1576850027.254, 59),
    (282, 3, 1576850039.022, 59),
    (283, 4, 1576850052.914, 59),
    (284, 0, 1576850000.000, 60),
    (285, 1, 1576850013.138, 60),
    (286, 2, 1576850029.398, 60),
    (287, 3, 1576850042.928, 60),
    (288, 4, 1576850057.659, 60),
    (289, 0, 1576850000.000, 61),
    (290, 1, 1576850013.662, 61),
    (291, 2, 1576850023.920, 61),
    (292, 3, 1576850040.704, 61),
    (293, 4, 1576850057.703, 61),
    (294, 0, 1576850000.000, 62),
    (295, 1, 1576850017.678, 62),
    (296, 2, 1576850034.208, 62),
    (297, 3, 1576850044.960, 62),
    (298, 4, 1576850060.695, 62),
    (299, 0, 1576850000.000, 63),
    (300, 1, 1576850010.593, 63),
    (301, 2, 1576850022.219, 63),
    (302, 3, 1576850037.664, 63),
    (303, 4, 1576850053.528, 63),
    (304, 0, 1576850000.000, 64),
    (305, 1, 1576850009.988, 64),
    (306, 2, 1576850027.106, 64),
    (307, 3, 1576850038.980, 64),
    (308, 4, 1576850052.662, 64),
    (309, 0, 1576850000.000, 65),
    (310, 1, 1576850010.971, 65),
    (311, 2, 1576850023.704, 65),
    (312, 3, 1576850041.651, 65),
    (313, 4, 1576850052.386, 65),
    (314, 0, 1576850000.000, 66),
    (315, 1, 1576850010.989, 66),
    (316, 2, 1576850027.968, 66),
    (317, 3, 1576850042.312, 66),
    (318, 4, 1576850055.203, 66),
    (319, 0, 1576850000.000, 67),
    (320, 1, 1576850014.226, 67),
    (321, 2, 1576850030.326, 67),
    (322, 3, 1576850041.865, 67),
    (323, 4, 1576850053.804, 67),
    (324, 0, 1576850000.000, 68),
    (325, 1, 1576850013.284, 68),
    (326, 2, 1576850024.230, 68),
    (327, 3, 1576850036.821, 68),
    (328, 4, 1576850051.083, 68),
    (329, 0, 1576850000.000, 69),
    (330, 1, 1576850013.869, 69),
    (331, 2, 1576850030.744, 69),
    (332, 3, 1576850047.637, 69),
    (333, 4, 1576850063.239, 69),
    (334, 0, 1576850000.000, 70),
    (335, 1, 1576850016.496, 70),
    (336, 2, 1576850032.229, 70),
    (337, 3, 1576850042.668, 70),
    (338, 4, 1576850058.189, 70),
    (339, 0, 1576850000.000, 71),
    (340, 1, 1576850009.384, 71),
    (341, 2, 1576850024.596, 71),
    (342, 3, 1576850035.103, 71),
    (343, 4, 1576850046.977, 71),
    (344, 0, 1576850000.000, 72),
    (345, 1, 1576850016.126, 72),
    (346, 2, 1576850026.922, 72),
    (347, 3, 1576850042.494, 72),
    (348, 4, 1576850054.774, 72),
    (349, 0, 1576850000.000, 73),
    (350, 1, 1576850014.177, 73),
    (351, 2, 1576850031.573, 73),
    (352, 3, 1576850047.198, 73),
    (353, 4, 1576850062.762, 73),
    (354, 0, 1576850000.000, 74),
    (355, 1, 1576850009.161, 74),
    (356, 2, 1576850022.872, 74),
    (357, 3, 1576850035.583, 74),
    (358, 4, 1576850051.471, 74),
    (359, 0, 1576850000.000, 75),
    (360, 1, 1576850013.375, 75),
    (361, 2, 1576850026.540, 75),
    (362, 3, 1576850040.179, 75),
    (363, 4, 1576850051.815, 75),
    (364, 0, 1576850000.000, 76),
    (365, 1, 1576850015.860, 76),
    (366, 2, 1576850026.625, 76),
    (367, 3, 1576850041.148, 76),
    (368, 4, 1576850058.387, 76),
    (369, 0, 1576850000.000, 77),
    (370, 1, 1576850011.608, 77),
    (371, 2, 1576850024.846, 77),
    (372, 3, 1576850040.036, 77),
    (373, 4, 1576850056.608, 77),
    (374, 0, 1576850000.000, 78),
    (375, 1, 1576850017.301, 78),
    (376, 2, 1576850028.177, 78),
    (377, 3, 1576850040.391, 78),
    (378, 4, 1576850056.512, 78),
    (379, 0, 1576850000.000, 79),
    (380, 1, 1576850016.127, 79),
    (381, 2, 1576850027.432, 79),
    (382, 3, 1576850041.997, 79),
    (383, 4, 1576850051.168, 79),
    (384, 0, 1576850000.000, 80),
    (385, 1, 1576850015.277, 80),
    (386, 2, 1576850024.835, 80),
    (387, 3, 1576850034.359, 80),
    (388, 4, 1576850052.248, 80),
    (389, 0, 1576850000.000, 81),
    (390, 1, 1576850014.387, 81),
    (391, 2, 1576850025.681, 81),
    (392, 3, 1576850038.795, 81),
    (393, 4, 1576850056.737, 81),
    (394, 0, 1576850000.000, 82),
    (395, 1, 1576850016.686, 82),
    (396, 2, 1576850026.474, 82),
    (397, 3, 1576850041.628, 82),
    (398, 4, 1576850057.746, 82),
    (399, 0, 1576850000.000, 84),
    (400, 1, 1576850016.399, 84),
    (401, 2, 1576850032.603, 84),
    (402, 3, 1576850049.311, 84),
    (403, 4, 1576850060.196, 84),
    (404, 0, 1576850000.000, 85),
    (405, 1, 1576850011.925, 85),
    (406, 2, 1576850027.121, 85),
    (407, 3, 1576850041.428, 85),
    (408, 4, 1576850051.422, 85),
    (409, 0, 1576850000.000, 86),
    (410, 1, 1576850009.845, 86),
    (411, 2, 1576850022.331, 86),
    (412, 3, 1576850031.746, 86),
    (413, 4, 1576850046.139, 86),
    (414, 0, 1576850000.000, 87),
    (415, 1, 1576850012.196, 87),
    (416, 2, 1576850026.369, 87),
    (417, 3, 1576850042.038, 87),
    (418, 4, 1576850059.842, 87),
    (419, 0, 1576850000.000, 88),
    (420, 1, 1576850017.848, 88),
    (421, 2, 1576850036.586, 88),
    (422, 3, 1576850054.425, 88),
    (423, 4, 1576850067.257, 88),
    (424, 0, 1576850000.000, 89),
    (425, 1, 1576850014.290, 89),
    (426, 2, 1576850029.948, 89),
    (427, 3, 1576850046.475, 89),
    (428, 4, 1576850063.011, 89),
    (429, 0, 1576850000.000, 91),
    (430, 1, 1576850015.608, 91),
    (431, 2, 1576850032.844, 91),
    (432, 3, 1576850051.208, 91),
    (433, 4, 1576850065.736, 91),
    (434, 0, 1576850000.000, 92),
    (435, 1, 1576850012.260, 92),
    (436, 2, 1576850027.895, 92),
    (437, 3, 1576850044.846, 92),
    (438, 4, 1576850059.768, 92),
    (439, 0, 1576850000.000, 93),
    (440, 1, 1576850015.919, 93),
    (441, 2, 1576850034.506, 93),
    (442, 3, 1576850045.967, 93),
    (443, 4, 1576850058.454, 93),
    (444, 0, 1576850000.000, 94),
    (445, 1, 1576850010.242, 94),
    (446, 2, 1576850026.625, 94),
    (447, 3, 1576850039.873, 94),
    (448, 4, 1576850054.628, 94),
    (449, 0, 1576850000.000, 95),
    (450, 1, 1576850010.658, 95),
    (451, 2, 1576850022.824, 95),
    (452, 3, 1576850034.728, 95),
    (453, 4, 1576850045.352, 95),
    (454, 0, 1576850000.000, 96),
    (455, 1, 1576850011.290, 96),
    (456, 2, 1576850023.735, 96),
    (457, 3, 1576850041.480, 96),
    (458, 4, 1576850058.044, 96),
    (459, 0, 1576850000.000, 97),
    (460, 1, 1576850011.915, 97),
    (461, 2, 1576850024.111, 97),
    (462, 3, 1576850036.586, 97),
    (463, 4, 1576850046.832, 97),
    (464, 0, 1576850000.000, 98),
    (465, 1, 1576850014.635, 98),
    (466, 2, 1576850032.986, 98),
    (467, 3, 1576850050.182, 98),
    (468, 4, 1576850063.697, 98),
    (469, 0, 1576850000.000, 99),
    (470, 1, 1576850013.429, 99),
    (471, 2, 1576850030.138, 99),
    (472, 3, 1576850044.454, 99),
    (473, 4, 1576850061.015, 99),
    (474, 0, 1576850000.000, 100),
    (475, 1, 1576850013.893, 100),
    (476, 2, 1576850030.388, 100),
    (477, 3, 1576850044.174, 100),
    (478, 4, 1576850062.459, 100),
    (479, 0, 1576850000.000, 103),
    (480, 1, 1576850014.159, 103),
    (481, 2, 1576850032.569, 103),
    (482, 3, 1576850046.019, 103),
    (483, 4, 1576850060.509, 103),
    (484, 0, 1576850000.000, 104),
    (485, 1, 1576850012.610, 104),
    (486, 2, 1576850029.093, 104),
    (487, 3, 1576850046.282, 104),
    (488, 4, 1576850065.137, 104),
    (489, 0, 1576850000.000, 105),
    (490, 1, 1576850010.776, 105),
    (491, 2, 1576850021.176, 105),
    (492, 3, 1576850039.502, 105),
    (493, 4, 1576850052.048, 105),
    (494, 0, 1576850000.000, 106),
    (495, 1, 1576850010.854, 106),
    (496, 2, 1576850024.134, 106),
    (497, 3, 1576850036.465, 106),
    (498, 4, 1576850047.824, 106),
    (499, 0, 1576850000.000, 107),
    (500, 1, 1576850017.863, 107),
    (501, 2, 1576850036.164, 107),
    (502, 3, 1576850046.883, 107),
    (503, 4, 1576850057.820, 107),
    (504, 0, 1576850000.000, 108),
    (505, 1, 1576850013.882, 108),
    (506, 2, 1576850026.052, 108),
    (507, 3, 1576850038.361, 108),
    (508, 4, 1576850057.307, 108),
    (509, 0, 1576850000.000, 109),
    (510, 1, 1576850010.302, 109),
    (511, 2, 1576850022.996, 109),
    (512, 3, 1576850037.383, 109),
    (513, 4, 1576850047.594, 109),
    (514, 0, 1576850000.000, 110),
    (515, 1, 1576850010.567, 110),
    (516, 2, 1576850021.320, 110),
    (517, 3, 1576850032.016, 110),
    (518, 4, 1576850047.245, 110),
    (519, 0, 1576850000.000, 111),
    (520, 1, 1576850014.931, 111),
    (521, 2, 1576850028.496, 111),
    (522, 3, 1576850044.817, 111),
    (523, 4, 1576850058.199, 111),
    (524, 0, 1576850000.000, 112),
    (525, 1, 1576850012.276, 112),
    (526, 2, 1576850023.049, 112),
    (527, 3, 1576850041.940, 112),
    (528, 4, 1576850057.792, 112),
    (529, 0, 1576850000.000, 113),
    (530, 1, 1576850011.800, 113),
    (531, 2, 1576850030.738, 113),
    (532, 3, 1576850042.182, 113),
    (533, 4, 1576850054.651, 113),
    (534, 0, 1576850000.000, 114),
    (535, 1, 1576850014.414, 114),
    (536, 2, 1576850028.788, 114),
    (537, 3, 1576850044.538, 114),
    (538, 4, 1576850057.410, 114),
    (539, 0, 1576850000.000, 115),
    (540, 1, 1576850016.293, 115),
    (541, 2, 1576850034.282, 115),
    (542, 3, 1576850047.477, 115),
    (543, 4, 1576850063.220, 115),
    (544, 0, 1576850000.000, 116),
    (545, 1, 1576850018.784, 116),
    (546, 2, 1576850035.062, 116),
    (547, 3, 1576850053.036, 116),
    (548, 4, 1576850069.767, 116),
    (549, 0, 1576850000.000, 117),
    (550, 1, 1576850014.613, 117),
    (551, 2, 1576850031.605, 117),
    (552, 3, 1576850043.278, 117),
    (553, 4, 1576850057.206, 117),
    (554, 0, 1576850000.000, 118),
    (555, 1, 1576850017.364, 118),
    (556, 2, 1576850029.964, 118),
    (557, 3, 1576850044.929, 118),
    (558, 4, 1576850055.787, 118),
    (559, 0, 1576850000.000, 119),
    (560, 1, 1576850018.149, 119),
    (561, 2, 1576850033.885, 119),
    (562, 3, 1576850049.280, 119),
    (563, 4, 1576850062.427, 119),
    (564, 0, 1576850000.000, 120),
    (565, 1, 1576850016.449, 120),
    (566, 2, 1576850029.303, 120),
    (567, 3, 1576850040.585, 120),
    (568, 4, 1576850058.058, 120),
    (569, 0, 1576850000.000, 121),
    (570, 1, 1576850011.811, 121),
    (571, 2, 1576850029.946, 121),
    (572, 3, 1576850043.769, 121),
    (573, 4, 1576850056.431, 121),
    (574, 0, 1576850000.000, 122),
    (575, 1, 1576850016.567, 122),
    (576, 2, 1576850026.685, 122),
    (577, 3, 1576850044.380, 122),
    (578, 4, 1576850061.944, 122),
    (579, 0, 1576850000.000, 123),
    (580, 1, 1576850013.599, 123),
    (581, 2, 1576850031.158, 123),
    (582, 3, 1576850046.768, 123),
    (583, 4, 1576850061.630, 123),
    (584, 0, 1576850000.000, 124),
    (585, 1, 1576850018.941, 124),
    (586, 2, 1576850032.384, 124),
    (587, 3, 1576850047.026, 124),
    (588, 4, 1576850061.548, 124),
    (589, 0, 1576850000.000, 125),
    (590, 1, 1576850017.102, 125),
    (591, 2, 1576850034.687, 125),
    (592, 3, 1576850051.881, 125),
    (593, 4, 1576850068.872, 125),
    (594, 0, 1576850000.000, 126),
    (595, 1, 1576850016.249, 126),
    (596, 2, 1576850035.186, 126),
    (597, 3, 1576850047.601, 126),
    (598, 4, 1576850062.969, 126),
    (599, 0, 1576850000.000, 127),
    (600, 1, 1576850011.115, 127),
    (601, 2, 1576850028.720, 127),
    (602, 3, 1576850040.671, 127),
    (603, 4, 1576850053.362, 127),
    (604, 0, 1576850000.000, 128),
    (605, 1, 1576850015.955, 128),
    (606, 2, 1576850029.426, 128),
    (607, 3, 1576850046.740, 128),
    (608, 4, 1576850058.919, 128),
    (609, 0, 1576850000.000, 129),
    (610, 1, 1576850013.242, 129),
    (611, 2, 1576850023.812, 129),
    (612, 3, 1576850037.627, 129),
    (613, 4, 1576850054.328, 129),
    (614, 0, 1576850000.000, 130),
    (615, 1, 1576850011.736, 130),
    (616, 2, 1576850025.359, 130),
    (617, 3, 1576850041.217, 130),
    (618, 4, 1576850056.817, 130),
    (619, 0, 1576850000.000, 131),
    (620, 1, 1576850014.691, 131),
    (621, 2, 1576850025.809, 131),
    (622, 3, 1576850041.935, 131),
    (623, 4, 1576850054.072, 131),
    (624, 0, 1576850000.000, 132),
    (625, 1, 1576850012.933, 132),
    (626, 2, 1576850025.451, 132),
    (627, 0, 1576850000.000, 133),
    (628, 1, 1576850016.347, 133),
    (629, 2, 1576850033.243, 133),
    (630, 3, 1576850050.609, 133),
    (631, 4, 1576850064.268, 133),
    (632, 0, 1576850000.000, 134),
    (633, 1, 1576850016.548, 134),
    (634, 2, 1576850029.007, 134),
    (635, 3, 1576850043.217, 134),
    (636, 4, 1576850056.459, 134),
    (637, 0, 1576850000.000, 135),
    (638, 1, 1576850011.341, 135),
    (639, 2, 1576850027.225, 135),
    (640, 3, 1576850041.579, 135),
    (641, 4, 1576850055.143, 135),
    (642, 0, 1576850000.000, 136),
    (643, 1, 1576850015.550, 136),
    (644, 2, 1576850033.328, 136),
    (645, 3, 1576850049.799, 136),
    (646, 4, 1576850061.373, 136),
    (647, 0, 1576850000.000, 137),
    (648, 1, 1576850010.559, 137),
    (649, 2, 1576850024.660, 137),
    (650, 3, 1576850040.204, 137),
    (651, 4, 1576850052.828, 137),
    (652, 0, 1576850000.000, 138),
    (653, 1, 1576850012.293, 138),
    (654, 2, 1576850024.229, 138),
    (655, 3, 1576850040.855, 138),
    (656, 4, 1576850059.670, 138),
    (657, 0, 1576850000.000, 139),
    (658, 1, 1576850015.940, 139),
    (659, 2, 1576850034.904, 139),
    (660, 3, 1576850050.778, 139),
    (661, 4, 1576850065.305, 139),
    (662, 0, 1576850000.000, 140),
    (663, 1, 1576850013.257, 140),
    (664, 2, 1576850028.217, 140),
    (665, 3, 1576850043.539, 140),
    (666, 4, 1576850060.245, 140),
    (667, 0, 1576850000.000, 141),
    (668, 1, 1576850010.785, 141),
    (669, 2, 1576850024.602, 141),
    (670, 3, 1576850043.249, 141),
    (671, 4, 1576850060.203, 141),
    (672, 0, 1576850000.000, 142),
    (673, 1, 1576850012.779, 142),
    (674, 2, 1576850030.401, 142),
    (675, 3, 1576850044.311, 142),
    (676, 4, 1576850061.739, 142),
    (677, 0, 1576850000.000, 144),
    (678, 1, 1576850014.651, 144),
    (679, 2, 1576850032.557, 144),
    (680, 3, 1576850049.353, 144),
    (681, 4, 1576850066.631, 144),
    (682, 0, 1576850000.000, 145),
    (683, 1, 1576850013.138, 145),
    (684, 2, 1576850025.126, 145),
    (685, 3, 1576850041.546, 145),
    (686, 4, 1576850056.527, 145),
    (687, 0, 1576850000.000, 146),
    (688, 1, 1576850013.966, 146),
    (689, 2, 1576850027.920, 146),
    (690, 3, 1576850044.535, 146),
    (691, 4, 1576850057.758, 146),
    (692, 0, 1576850000.000, 147),
    (693, 1, 1576850015.194, 147),
    (694, 2, 1576850028.346, 147),
    (695, 3, 1576850046.091, 147),
    (696, 4, 1576850057.219, 147),
    (697, 0, 1576850000.000, 148),
    (698, 1, 1576850010.799, 148),
    (699, 2, 1576850025.712, 148),
    (700, 3, 1576850041.211, 148),
    (701, 4, 1576850055.433, 148),
    (702, 0, 1576850000.000, 149),
    (703, 1, 1576850016.130, 149),
    (704, 2, 1576850033.303, 149),
    (705, 3, 1576850045.822, 149),
    (706, 4, 1576850060.731, 149),
    (707, 0, 1576850000.000, 150),
    (708, 1, 1576850018.631, 150),
    (709, 2, 1576850036.895, 150),
    (710, 3, 1576850048.132, 150),
    (711, 4, 1576850062.279, 150),
    (712, 0, 1576850000.000, 151),
    (713, 1, 1576850015.847, 151),
    (714, 2, 1576850028.333, 151),
    (715, 3, 1576850038.775, 151),
    (716, 4, 1576850050.276, 151),
    (717, 0, 1576850000.000, 152),
    (718, 1, 1576850018.675, 152),
    (719, 2, 1576850033.480, 152),
    (720, 3, 1576850052.335, 152),
    (721, 4, 1576850069.317, 152),
    (722, 0, 1576850000.000, 153),
    (723, 1, 1576850018.415, 153),
    (724, 2, 1576850028.714, 153),
    (725, 3, 1576850047.470, 153),
    (726, 4, 1576850058.414, 153),
    (727, 0, 1576850000.000, 154),
    (728, 1, 1576850018.379, 154),
    (729, 2, 1576850035.251, 154),
    (730, 3, 1576850049.926, 154),
    (731, 4, 1576850066.363, 154),
    (732, 0, 1576850000.000, 155),
    (733, 1, 1576850017.713, 155),
    (734, 2, 1576850030.356, 155),
    (735, 3, 1576850040.849, 155),
    (736, 4, 1576850059.622, 155),
    (737, 0, 1576850000.000, 156),
    (738, 1, 1576850016.264, 156),
    (739, 2, 1576850032.973, 156),
    (740, 0, 1576850000.000, 157),
    (741, 1, 1576850009.393, 157),
    (742, 2, 1576850027.060, 157),
    (743, 3, 1576850044.395, 157),
    (744, 4, 1576850059.734, 157),
    (745, 0, 1576850000.000, 158),
    (746, 1, 1576850015.743, 158),
    (747, 2, 1576850028.557, 158),
    (748, 3, 1576850039.204, 158),
    (749, 4, 1576850057.129, 158),
    (750, 0, 1576850000.000, 159),
    (751, 1, 1576850012.514, 159),
    (752, 2, 1576850025.082, 159),
    (753, 3, 1576850041.387, 159),
    (754, 4, 1576850050.554, 159),
    (755, 0, 1576850000.000, 160),
    (756, 1, 1576850010.681, 160),
    (757, 2, 1576850021.133, 160),
    (758, 3, 1576850033.075, 160),
    (759, 4, 1576850048.680, 160),
    (760, 0, 1576850000.000, 161),
    (761, 1, 1576850012.184, 161),
    (762, 2, 1576850027.099, 161),
    (763, 3, 1576850038.014, 161),
    (764, 4, 1576850054.750, 161),
    (765, 0, 1576850000.000, 162),
    (766, 1, 1576850014.384, 162),
    (767, 2, 1576850027.152, 162),
    (768, 3, 1576850037.427, 162),
    (769, 4, 1576850046.764, 162),
    (770, 0, 1576850000.000, 163),
    (771, 1, 1576850013.110, 163),
    (772, 2, 1576850023.513, 163),
    (773, 3, 1576850034.296, 163),
    (774, 4, 1576850045.074, 163),
    (775, 0, 1576850000.000, 164),
    (776, 1, 1576850012.536, 164),
    (777, 2, 1576850024.998, 164),
    (778, 3, 1576850036.439, 164),
    (779, 4, 1576850049.570, 164),
    (780, 0, 1576850000.000, 165),
    (781, 1, 1576850009.329, 165),
    (782, 2, 1576850022.029, 165),
    (783, 3, 1576850032.156, 165),
    (784, 4, 1576850046.666, 165),
    (785, 0, 1576850000.000, 166),
    (786, 1, 1576850010.859, 166),
    (787, 2, 1576850026.547, 166),
    (788, 3, 1576850037.655, 166),
    (789, 4, 1576850049.243, 166),
    (790, 0, 1576850000.000, 167),
    (791, 1, 1576850017.543, 167),
    (792, 2, 1576850034.960, 167),
    (793, 3, 1576850045.264, 167),
    (794, 0, 1576850000.000, 168),
    (795, 1, 1576850017.455, 168),
    (796, 2, 1576850030.276, 168),
    (797, 3, 1576850041.155, 168),
    (798, 4, 1576850051.530, 168),
    (799, 0, 1576850000.000, 170),
    (800, 1, 1576850016.524, 170),
    (801, 2, 1576850028.999, 170),
    (802, 3, 1576850046.666, 170),
    (803, 4, 1576850055.897, 170),
    (804, 0, 1576850000.000, 171),
    (805, 1, 1576850009.202, 171),
    (806, 2, 1576850018.847, 171),
    (807, 3, 1576850030.802, 171),
    (808, 4, 1576850041.692, 171),
    (809, 0, 1576850000.000, 172),
    (810, 1, 1576850012.209, 172),
    (811, 2, 1576850025.087, 172),
    (812, 3, 1576850036.264, 172),
    (813, 4, 1576850049.731, 172),
    (814, 0, 1576850000.000, 173),
    (815, 1, 1576850011.392, 173),
    (816, 2, 1576850027.224, 173),
    (817, 3, 1576850040.633, 173),
    (818, 4, 1576850051.014, 173),
    (819, 0, 1576850000.000, 174),
    (820, 1, 1576850010.794, 174),
    (821, 2, 1576850024.148, 174),
    (822, 3, 1576850040.648, 174),
    (823, 4, 1576850051.976, 174),
    (824, 0, 1576850000.000, 175),
    (825, 1, 1576850012.538, 175),
    (826, 2, 1576850029.665, 175),
    (827, 3, 1576850043.952, 175),
    (828, 4, 1576850056.237, 175),
    (829, 0, 1576850000.000, 176),
    (830, 1, 1576850015.825, 176),
    (831, 2, 1576850028.666, 176),
    (832, 3, 1576850043.504, 176),
    (833, 4, 1576850055.314, 176),
    (834, 0, 1576850000.000, 177),
    (835, 1, 1576850015.147, 177),
    (836, 2, 1576850028.532, 177),
    (837, 3, 1576850045.203, 177),
    (838, 4, 1576850058.341, 177),
    (839, 0, 1576850000.000, 178),
    (840, 0, 1576850000.000, 179),
    (841, 1, 1576850009.332, 179),
    (842, 2, 1576850024.008, 179),
    (843, 3, 1576850039.274, 179),
    (844, 4, 1576850050.878, 179),
    (845, 0, 1576850000.000, 180),
    (846, 1, 1576850015.377, 180),
    (847, 2, 1576850024.694, 180),
    (848, 3, 1576850042.112, 180),
    (849, 4, 1576850056.485, 180),
    (850, 0, 1576850000.000, 181),
    (851, 1, 1576850013.991, 181),
    (852, 2, 1576850025.608, 181),
    (853, 3, 1576850041.044, 181),
    (854, 4, 1576850055.657, 181),
    (855, 0, 1576850000.000, 182),
    (856, 1, 1576850010.783, 182),
    (857, 2, 1576850021.899, 182),
    (858, 3, 1576850039.496, 182),
    (859, 4, 1576850055.715, 182),
    (860, 0, 1576850000.000, 183),
    (861, 1, 1576850009.459, 183),
    (862, 2, 1576850026.949, 183),
    (863, 3, 1576850040.278, 183),
    (864, 4, 1576850054.528, 183),
    (865, 0, 1576850000.000, 184),
    (866, 1, 1576850010.162, 184),
    (867, 2, 1576850026.721, 184),
    (868, 3, 1576850043.309, 184),
    (869, 4, 1576850054.176, 184),
    (870, 0, 1576850000.000, 185),
    (871, 1, 1576850013.333, 185),
    (872, 2, 1576850025.926, 185),
    (873, 3, 1576850035.053, 185),
    (874, 4, 1576850047.246, 185),
    (875, 0, 1576850000.000, 186),
    (876, 1, 1576850013.698, 186),
    (877, 2, 1576850026.206, 186),
    (878, 3, 1576850041.962, 186),
    (879, 4, 1576850056.126, 186),
    (880, 0, 1576850000.000, 187),
    (881, 1, 1576850015.792, 187),
    (882, 2, 1576850026.376, 187),
    (883, 3, 1576850039.347, 187),
    (884, 4, 1576850050.504, 187),
    (885, 0, 1576850000.000, 188),
    (886, 1, 1576850011.514, 188),
    (887, 2, 1576850024.414, 188),
    (888, 3, 1576850042.392, 188),
    (889, 4, 1576850060.041, 188),
    (890, 0, 1576850000.000, 189),
    (891, 1, 1576850012.994, 189),
    (892, 2, 1576850025.269, 189),
    (893, 3, 1576850041.259, 189),
    (894, 4, 1576850057.860, 189),
    (895, 0, 1576850000.000, 190),
    (896, 1, 1576850012.832, 190),
    (897, 2, 1576850024.368, 190),
    (898, 3, 1576850037.494, 190),
    (899, 4, 1576850048.958, 190),
    (900, 0, 1576850000.000, 191),
    (901, 1, 1576850017.573, 191),
    (902, 2, 1576850031.410, 191),
    (903, 3, 1576850041.305, 191),
    (904, 4, 1576850056.530, 191),
    (905, 0, 1576850000.000, 192),
    (906, 1, 1576850017.412, 192),
    (907, 2, 1576850026.972, 192),
    (908, 3, 1576850043.444, 192),
    (909, 4, 1576850061.079, 192),
    (910, 0, 1576850000.000, 193),
    (911, 1, 1576850009.725, 193),
    (912, 2, 1576850022.666, 193),
    (913, 3, 1576850034.167, 193),
    (914, 4, 1576850044.557, 193),
    (915, 0, 1576850000.000, 194),
    (916, 1, 1576850009.882, 194),
    (917, 2, 1576850021.230, 194),
    (918, 3, 1576850034.681, 194),
    (919, 4, 1576850051.926, 194),
    (920, 0, 1576850000.000, 195),
    (921, 1, 1576850013.465, 195),
    (922, 2, 1576850024.330, 195),
    (923, 3, 1576850039.893, 195),
    (924, 4, 1576850052.039, 195),
    (925, 0, 1576850000.000, 196),
    (926, 1, 1576850014.845, 196),
    (927, 2, 1576850026.179, 196),
    (928, 3, 1576850035.459, 196),
    (929, 4, 1576850046.925, 196),
    (930, 0, 1576850000.000, 197),
    (931, 1, 1576850014.529, 197),
    (932, 2, 1576850024.307, 197),
    (933, 3, 1576850035.793, 197),
    (934, 4, 1576850045.593, 197),
    (935, 0, 1576850000.000, 198),
    (936, 1, 1576850011.745, 198),
    (937, 2, 1576850029.228, 198),
    (938, 3, 1576850042.617, 198),
    (939, 4, 1576850055.548, 198),
    (940, 0, 1576850000.000, 199),
    (941, 1, 1576850012.862, 199),
    (942, 2, 1576850026.053, 199),
    (943, 3, 1576850043.811, 199),
    (944, 4, 1576850056.022, 199),
    (945, 0, 1576850000.000, 200),
    (946, 1, 1576850012.484, 200),
    (947, 2, 1576850023.693, 200),
    (948, 3, 1576850040.041, 200),
    (949, 4, 1576850054.145, 200),
    (950, 0, 1576850000.000, 201),
    (951, 1, 1576850011.651, 201),
    (952, 2, 1576850024.436, 201),
    (953, 3, 1576850040.194, 201),
    (954, 4, 1576850055.886, 201),
    (955, 0, 1576850000.000, 202),
    (956, 1, 1576850012.952, 202),
    (957, 2, 1576850024.434, 202),
    (958, 3, 1576850035.847, 202),
    (959, 4, 1576850053.129, 202),
    (960, 0, 1576850000.000, 203),
    (961, 1, 1576850016.430, 203),
    (962, 2, 1576850026.095, 203),
    (963, 3, 1576850038.930, 203),
    (964, 4, 1576850055.121, 203),
    (965, 0, 1576850000.000, 204),
    (966, 1, 1576850015.849, 204),
    (967, 2, 1576850028.188, 204),
    (968, 3, 1576850043.032, 204),
    (969, 4, 1576850054.269, 204),
    (970, 0, 1576850000.000, 205),
    (971, 1, 1576850017.293, 205),
    (972, 2, 1576850031.477, 205),
    (973, 3, 1576850044.313, 205),
    (974, 4, 1576850059.171, 205),
    (975, 0, 1576850000.000, 206),
    (976, 1, 1576850011.357, 206),
    (977, 2, 1576850021.880, 206),
    (978, 3, 1576850035.670, 206),
    (979, 4, 1576850053.208, 206),
    (980, 0, 1576850000.000, 207),
    (981, 1, 1576850010.202, 207),
    (982, 2, 1576850025.643, 207),
    (983, 3, 1576850035.838, 207),
    (984, 4, 1576850053.796, 207),
    (985, 0, 1576850000.000, 208),
    (986, 1, 1576850013.629, 208),
    (987, 2, 1576850026.520, 208),
    (988, 3, 1576850038.155, 208),
    (989, 4, 1576850049.906, 208),
    (990, 0, 1576850000.000, 209),
    (991, 1, 1576850013.123, 209),
    (992, 2, 1576850028.977, 209),
    (993, 3, 1576850045.686, 209),
    (994, 4, 1576850057.467, 209),
    (995, 0, 1576850000.000, 210),
    (996, 1, 1576850013.942, 210),
    (997, 2, 1576850030.463, 210),
    (998, 3, 1576850040.121, 210),
    (999, 4, 1576850050.282, 210),
    (1000, 0, 1576850000.000, 211),
    (1001, 1, 1576850015.765, 211),
    (1002, 2, 1576850033.649, 211),
    (1003, 3, 1576850045.026, 211),
    (1004, 4, 1576850062.466, 211),
    (1005, 0, 1576850000.000, 212),
    (1006, 1, 1576850009.842, 212),
    (1007, 2, 1576850022.382, 212),
    (1008, 3, 1576850038.697, 212),
    (1009, 4, 1576850056.513, 212),
    (1010, 0, 1576850000.000, 213),
    (1011, 1, 1576850017.519, 213),
    (1012, 2, 1576850030.628, 213),
    (1013, 3, 1576850041.366, 213),
    (1014, 4, 1576850057.830, 213),
    (1015, 0, 1576850000.000, 214),
    (1016, 1, 1576850014.235, 214),
    (1017, 2, 1576850030.143, 214),
    (1018, 3, 1576850047.018, 214),
    (1019, 4, 1576850061.654, 214),
    (1020, 0, 1576850000.000, 215),
    (1021, 1, 1576850009.585, 215),
    (1022, 2, 1576850019.381, 215),
    (1023, 3, 1576850034.682, 215),
    (1024, 4, 1576850047.435, 215),
    (1025, 0, 1576850000.000, 216),
    (1026, 1, 1576850011.963, 216),
    (1027, 2, 1576850026.696, 216),
    (1028, 3, 1576850038.457, 216),
    (1029, 4, 1576850048.882, 216),
    (1030, 0, 1576850000.000, 217),
    (1031, 1, 1576850012.833, 217),
    (1032, 2, 1576850027.939, 217),
    (1033, 3, 1576850041.182, 217),
    (1034, 4, 1576850058.592, 217),
    (1035, 0, 1576850000.000, 218),
    (1036, 1, 1576850016.805, 218),
    (1037, 2, 1576850027.646, 218),
    (1038, 3, 1576850038.436, 218),
    (1039, 4, 1576850052.184, 218),
    (1040, 0, 1576850000.000, 219),
    (1041, 1, 1576850009.927, 219),
    (1042, 2, 1576850026.708, 219),
    (1043, 3, 1576850044.282, 219),
    (1044, 4, 1576850057.481, 219),
    (1045, 0, 1576850000.000, 220),
    (1046, 1, 1576850009.305, 220),
    (1047, 2, 1576850024.680, 220),
    (1048, 3, 1576850041.958, 220),
    (1049, 4, 1576850053.796, 220),
    (1050, 0, 1576850000.000, 221),
    (1051, 1, 1576850012.159, 221),
    (1052, 2, 1576850026.494, 221),
    (1053, 3, 1576850038.756, 221),
    (1054, 4, 1576850050.035, 221),
    (1055, 0, 1576850000.000, 222),
    (1056, 1, 1576850011.750, 222),
    (1057, 2, 1576850025.496, 222),
    (1058, 3, 1576850041.122, 222),
    (1059, 4, 1576850057.003, 222),
    (1060, 0, 1576850000.000, 223),
    (1061, 1, 1576850013.502, 223),
    (1062, 2, 1576850028.470, 223),
    (1063, 3, 1576850039.080, 223),
    (1064, 4, 1576850056.989, 223),
    (1065, 0, 1576850000.000, 224),
    (1066, 1, 1576850015.251, 224),
    (1067, 2, 1576850030.499, 224),
    (1068, 3, 1576850043.005, 224),
    (1069, 4, 1576850056.284, 224),
    (1070, 0, 1576850000.000, 225),
    (1071, 1, 1576850015.696, 225),
    (1072, 2, 1576850027.056, 225),
    (1073, 3, 1576850041.370, 225),
    (1074, 4, 1576850055.751, 225),
    (1075, 0, 1576850000.000, 226),
    (1076, 1, 1576850010.994, 226),
    (1077, 2, 1576850021.772, 226),
    (1078, 3, 1576850037.882, 226),
    (1079, 4, 1576850053.517, 226),
    (1080, 0, 1576850000.000, 227),
    (1081, 1, 1576850009.237, 227),
    (1082, 2, 1576850025.057, 227),
    (1083, 3, 1576850040.608, 227),
    (1084, 4, 1576850054.759, 227),
    (1085, 0, 1576850000.000, 228),
    (1086, 1, 1576850012.874, 228),
    (1087, 2, 1576850029.516, 228),
    (1088, 3, 1576850040.159, 228),
    (1089, 4, 1576850056.824, 228),
    (1090, 0, 1576850000.000, 229),
    (1091, 1, 1576850013.485, 229),
    (1092, 2, 1576850028.821, 229),
    (1093, 3, 1576850044.036, 229),
    (1094, 4, 1576850058.313, 229),
    (1095, 0, 1576850000.000, 230),
    (1096, 1, 1576850009.338, 230),
    (1097, 2, 1576850019.949, 230),
    (1098, 3, 1576850036.937, 230),
    (1099, 4, 1576850046.575, 230);
