INSERT OR
REPLACE
INTO countries (national_code)
VALUES ('AND'),
       ('AUT'),
       ('BEL'),
       ('BLR'),
       ('BUL'),
       ('CAN'),
       ('CHI'),
       ('CHN'),
       ('CRO'),
       ('CZE'),
       ('DEN'),
       ('ESP'),
       ('FIN'),
       ('FRA'),
       ('GBR'),
       ('GER'),
       ('ITA'),
       ('JPN'),
       ('KOR'),
       ('LIE'),
       ('MON'),
       ('NED'),
       ('NOR'),
       ('NZL'),
       ('POL'),
       ('RUS'),
       ('SLO'),
       ('SRB'),
       ('SUI'),
       ('SVK'),
       ('SWE'),
       ('USA');

INSERT OR
REPLACE
INTO runs (id)
VALUES (1),
       (2);

INSERT OR
REPLACE
INTO genders (id)
VALUES ('m'),
       ('f');

INSERT OR
REPLACE
INTO race_types (id)
VALUES ('Downhill'),
       ('GiantSlalom'),
       ('Slalom'),
       ('SuperG');

INSERT OR
REPLACE
INTO locations (id, name, national_code)
VALUES (1, 'Adelboden', 'SUI'),
       (2, 'Alta Badia', 'ITA'),
       (3, 'Bansko', 'BUL'),
       (4, 'Beaver Creek', 'USA'),
       (5, 'Bormio', 'ITA'),
       (6, 'Chamonix', 'FRA'),
       (7, 'Cortina d''Ampezzo', 'ITA'),
       (8, 'Courchevel', 'FRA'),
       (9, 'Crans-Montana', 'SUI'),
       (10, 'Flachau', 'AUT'),
       (11, 'Garmisch-Partenkirchen', 'GER'),
       (12, 'Hinterstoder', 'AUT'),
       (13, 'Killington', 'USA'),
       (14, 'Kitzbühel', 'AUT'),
       (15, 'Kranjska Gora', 'SLO'),
       (16, 'Kvitfjell', 'NOR'),
       (17, 'La Thuile', 'ITA'),
       (18, 'Lake Louise', 'CAN'),
       (19, 'Levi', 'FIN'),
       (20, 'Lienz', 'AUT'),
       (21, 'Madonna di Campiglio', 'ITA'),
       (22, 'Maribor', 'SLO'),
       (23, 'Ofterschwang', 'GER'),
       (24, 'Rosa Khutor', 'RUS'),
       (25, 'Schladming', 'AUT'),
       (26, 'St. Moritz', 'SUI'),
       (27, 'Sölden', 'AUT'),
       (28, 'Val d''Isère', 'FRA'),
       (29, 'Val Gardena/Groeden', 'ITA'),
       (30, 'Wengen', 'SUI'),
       (31, 'Yanqing', 'CHN'),
       (32, 'Yuzawa Naeba', 'JPN'),
       (33, 'Zagreb', 'CRO'),
       (34, 'Zauchensee', 'AUT'),
       (35, 'Åre', 'SWE');

INSERT OR
REPLACE
INTO competitions (id, location_id, race_type_id)
VALUES (1, 25, 'Slalom'), /* Schladming Slalom */
       (2, 14, 'SuperG'), /* Kitzbühel Super G */
       (3, 14, 'Downhill'), /* Kitzbbühel Downhill */
       (4, 14, 'Slalom'), /* Kitzbühel Slalom */
       (5, 30, 'Downhill'), /* Wengen Downhill */
       (6, 30, 'Slalom'), /* Wengen Slalom */
       (7, 1, 'GiantSlalom'), /* Adelboden Giant Slalom */
       (8, 1, 'Slalom'), /* Adelboden Slalom */
       (9, 10, 'Slalom'), /* Flachau Slalom */
       (10, 33, 'Slalom'), /* Zagreb Slalom */
       (11, 8, 'Slalom'), /* Courchevel Slalom */
       (12, 8, 'GiantSlalom'); /* Courchevel Giant Slalom */

INSERT OR
REPLACE
INTO races (id, date, description, name, number_of_sensors, website, gender_id, competition_id)
VALUES (1, '2019-01-26 00:00:00.000', 'The Kitzbühel Slalom', 'Kitzbühel Slalom', 5, 'hahnenkamm.com', 'm', 4),
       (2, '2019-01-29 00:00:00.000', 'The Schladming Slalom', 'Schladming Slalom', 5, 'thenightrace.at', 'm', 1),
       (3, '2019-01-20 00:00:00.000', 'The Wengen Slalom', 'Wengen Slalom', 5, NULL, 'm', 6),
       (4, '2019-01-12 00:00:00.000', 'The Adelboden Giant Slalom', 'Adelboden Giant Slalom', 5, 'weltcup-adelboden.ch', 'm', 7),
       (5, '2019-01-13 00:00:00.000', 'The Adelboden Slalom', 'Adelboden Slalom', 5, 'weltcup-adelboden.ch', 'm', 8),
       (6, '2019-01-06 00:00:00.000', 'The Zagreb Slalom', 'Zagreb Slalom', 5, 'snowqueentrophy.com', 'm', 10),
       (7, '2019-01-05 00:00:00.000', 'The Zagreb Slalom', 'Zagreb Slalom', 5, 'snowqueentrophy.com', 'w', 10),
       (8, '2019-01-08 00:00:00.000', 'The Flachau Slalom', 'Flachau Slalom', 5, 'skiweltcup-flachau.at', 'w', 9),
       (9, '2018-12-21 00:00:00.000', 'The Courchevel Giant Slalom', 'Courchevel Giant Slalom', 5, 'sportcourchevel.com', 'w', 12),
       (10, '2018-12-22 00:00:00.000', 'The Courchevel Slalom', 'Courchevel Slalom', 5, 'sportcourchevel.com', 'w', 11);

INSERT OR
REPLACE 
INTO skiers (id, birthdate, first_name, last_name, profile_image, national_code, gender_id) 
VALUES (1, '1998-04-18', 'Ema', 'Martinez', NULL, 'USA', 'f'),
       (2, '1988-06-01', 'Donghyun', 'Jung', NULL, 'KOR', 'm'),
       (3, '2000-01-03', 'Jean', 'Kayrouz', NULL, 'LBN', 'm'),
       (4, '1999-03-11', 'Theodore', 'Coates', NULL, 'AUS', 'm'),
       (5, '1999-06-25', 'Lucien', 'Bryan', NULL, 'USA', 'm'),
       (6, '1998-02-10', 'Carlo', 'Dorn', NULL, 'GER', 'm'),
       (7, '2002-09-04', 'Bobby', 'Stevenish', NULL, 'USA', 'm'),
       (8, '2002-08-03', 'Sergey', 'Koprikov', NULL, 'RUS', 'm'),
       (9, '1999-10-24', 'Mihajlo', 'Djordjevic', NULL, 'SRB', 'm'),
       (10, '1995-02-12', 'Yuriy', 'Drugov', NULL, 'RUS', 'm'),
       (11, '2001-12-31', 'Gaia', 'Gianassi', NULL, 'ITA', 'f'),
       (12, '1982-07-01', 'Yo', 'Sugaya', NULL, 'JPN', 'm'),
       (13, '2002-11-27', 'Olga', 'Nowotny', NULL, 'POL', 'f'),
       (14, '1991-12-11', 'Ryo', 'Sugai', NULL, 'JPN', 'm'),
       (15, '1999-07-06', 'Arthur', 'Mugnier', NULL, 'FRA', 'm'),
       (16, '1969-09-23', 'Luca', 'Bongioanni', NULL, 'ITA', 'm'),
       (17, '1999-06-08', 'Serge', 'Salameh', NULL, 'LBN', 'm'),
       (18, '2000-12-24', 'Yuka', 'Miyajima', NULL, 'JPN', 'f'),
       (19, '2002-12-19', 'Alina', 'Ivleva', NULL, 'RUS', 'f'),
       (20, '2001-04-08', 'Matteo', 'Orsieres', NULL, 'ITA', 'm'),
       (21, '2001-10-01', 'Tina', 'Schaedle', NULL, 'AUT', 'f'),
       (22, '2002-12-26', 'Rinka', 'Shimizu', NULL, 'JPN', 'f'),
       (23, '2001-11-15', 'Elin', 'Baeccman', NULL, 'SWE', 'f'),
       (24, '1998-06-14', 'Davis', 'Zvejnieks', NULL, 'LAT', 'm'),
       (25, '2000-03-10', 'Bradshaw', 'Underhill', NULL, 'USA', 'm'),
       (26, '2001-01-24', 'Jelena', 'Vujicic', NULL, 'MNE', 'f'),
       (27, '2001-07-06', 'Maria', 'Astorgano', NULL, 'ESP', 'f'),
       (28, '2000-01-13', 'Philipp', 'Weissensteiner', NULL, 'ITA', 'm'),
       (29, '2000-07-19', 'Simon', 'Pavlas', NULL, 'CZE', 'm'),
       (30, '2000-02-04', 'Luca', 'Gstrein', NULL, 'AUT', 'm'),
       (31, '2002-03-31', 'Kotaro', 'Omiya', NULL, 'JPN', 'm'),
       (32, '2001-10-08', 'Ignacio', 'Burgos', NULL, 'ESP', 'm'),
       (33, '1998-02-19', 'Carina', 'Bracy', NULL, 'USA', 'f'),
       (34, '2000-02-17', 'Aleksandra', 'Karachun', NULL, 'RUS', 'f'),
       (35, '2000-05-12', 'Victoria', 'Berne', NULL, 'FRA', 'f'),
       (36, '1999-08-28', 'Sara', 'Lindstroem', NULL, 'SWE', 'f'),
       (37, '1994-04-29', 'Xiang', 'Fang', NULL, 'CHN', 'm'),
       (38, '1996-10-25', 'Ayumu', 'Onishi', NULL, 'JPN', 'm'),
       (39, '1999-07-22', 'Takanori', 'Saito', NULL, 'JPN', 'm'),
       (40, '2000-05-19', 'Mira', 'Raggl', NULL, 'AUT', 'f'),
       (41, '1999-07-28', 'Jeremy', 'Dubois', NULL, 'FRA', 'm'),
       (42, '2002-04-19', 'Adela', 'Kestlova', NULL, 'CZE', 'f'),
       (43, '2001-08-01', 'Fazal', 'Wadood', NULL, 'PAK', 'm'),
       (44, '2001-02-15', 'Sarah', 'Coombs', NULL, 'USA', 'f'),
       (45, '1991-09-22', 'Guillaume', 'Rambaud', NULL, 'FRA', 'm'),
       (46, '2002-08-21', 'Dominick', 'Epifanio', NULL, 'USA', 'm'),
       (47, '2002-05-11', 'Zoe', 'Priest', NULL, 'CAN', 'f'),
       (48, '1995-06-29', 'Nikolaos', 'Vasileiou', NULL, 'GRE', 'm'),
       (49, '2002-04-26', 'Nanna', 'Tuhkanen', NULL, 'FIN', 'f'),
       (50, '2000-05-31', 'Holden', 'Parazette', NULL, 'USA', 'm'),
       (51, '2001-05-08', 'Peter', 'Krol', NULL, 'NED', 'm'),
       (52, '1999-02-27', 'Bastien', 'Fracheboud', NULL, 'SUI', 'm'),
       (53, '1983-05-12', 'Cynthia', 'Denzler', NULL, 'COL', 'f'),
       (54, '2000-08-19', 'Enrico', 'Pletti', NULL, 'ITA', 'm'),
       (55, '1995-10-03', 'Paul', 'Perrier', NULL, 'FRA', 'm'),
       (56, '1994-07-18', 'Christine', 'Scheyer', NULL, 'AUT', 'f'),
       (57, '2002-03-12', 'Tiziano', 'Gravier', NULL, 'ARG', 'm'),
       (58, '1988-05-14', 'Kazufumi', 'Takizawa', NULL, 'JPN', 'm'),
       (59, '2001-09-13', 'Selina', 'Egloff', NULL, 'SUI', 'f'),
       (60, '1997-04-02', 'Amanda', 'Stenberg', NULL, 'SWE', 'f'),
       (61, '2000-02-10', 'Eemeli', 'Maklin', NULL, 'FIN', 'm'),
       (62, '2000-08-28', 'Paul', 'Jaquet', NULL, 'SUI', 'm'),
       (63, '1999-02-06', 'Paul', 'Menard', NULL, 'USA', 'm'),
       (64, '2002-01-09', 'Claire', 'Macdonell', NULL, 'CAN', 'f'),
       (65, '2001-06-23', 'Michele', 'Renzi', NULL, 'ITA', 'm'),
       (66, '2002-04-13', 'Lauren', 'Brackett', NULL, 'CAN', 'f'),
       (67, '2001-12-26', 'William', 'Pignon', NULL, 'FRA', 'm'),
       (68, '1990-03-12', 'Jakob', 'Eriksson', NULL, 'SWE', 'm'),
       (69, '2001-08-28', 'Sue', 'Fuchs', NULL, 'SUI', 'f'),
       (70, '1999-02-23', 'Emil', 'Persson', NULL, 'SWE', 'm'),
       (71, '2002-04-29', 'Andrew', 'Waldman', NULL, 'USA', 'm'),
       (72, '2001-01-25', 'Federico', 'Toscano', NULL, 'SUI', 'm'),
       (73, '2000-05-15', 'Eliot', 'Grandjean', NULL, 'BEL', 'm'),
       (74, '2001-08-28', 'Anna', 'Pertile', NULL, 'ITA', 'f'),
       (75, '2002-04-19', 'Francesco', 'Sanmartino', NULL, 'ITA', 'm'),
       (76, '2001-06-28', 'Illia', 'Kirbatov', NULL, 'UKR', 'm'),
       (77, '1990-03-08', 'Kohei', 'Ohashi', NULL, 'JPN', 'm'),
       (78, '2001-06-16', 'Hoshimi', 'Kotake', NULL, 'JPN', 'f'),
       (79, '2002-01-21', 'Miina', 'Sakuma', NULL, 'JPN', 'f'),
       (80, '2000-09-01', 'Yu', 'Bai', NULL, 'CHN', 'm'),
       (81, '2001-06-07', 'Jonas', 'Barsch', NULL, 'SWE', 'm'),
       (82, '2001-05-07', 'Michael', 'Dandy', NULL, 'CAN', 'm'),
       (83, '1993-05-12', 'Nicholas', 'Krause', NULL, 'USA', 'm'),
       (84, '1999-06-27', 'Christian', 'Arnold', NULL, 'SUI', 'm'),
       (85, '2001-07-07', 'Lukas', 'Hromec', NULL, 'SVK', 'm'),
       (86, '2002-10-12', 'Annika', 'Howell', NULL, 'USA', 'f'),
       (87, '1997-10-04', 'Virginia', 'Sosio', NULL, 'ITA', 'f'),
       (88, '2001-10-25', 'Angeliki', 'Maniati', NULL, 'GRE', 'f'),
       (89, '2002-04-23', 'Georgi', 'Konyarski', NULL, 'BUL', 'm'),
       (90, '1997-12-20', 'Thomas', 'Cote', NULL, 'CAN', 'm'),
       (91, '2000-09-20', 'Giovanni', 'Chiolini', NULL, 'ITA', 'm'),
       (92, '1993-07-06', 'Lukas', 'Kaefer', NULL, 'AUT', 'm'),
       (93, '2002-05-20', 'Lorenzo', 'Sandri', NULL, 'ITA', 'm'),
       (94, '1997-04-30', 'Katja', 'Grossmann', NULL, 'SUI', 'f'),
       (95, '2000-08-10', 'Catherine', 'Krupka', NULL, 'USA', 'f'),
       (96, '1992-06-14', 'Michaela', 'Wenig', NULL, 'GER', 'f'),
       (97, '1988-12-14', 'Roberto', 'Nani', NULL, 'ITA', 'm'),
       (98, '1998-04-30', 'Zaks', 'Gedra', NULL, 'LAT', 'm'),
       (99, '1998-02-05', 'Claire', 'Tan', NULL, 'NED', 'f'),
       (100, '1991-05-17', 'Hitomi', 'Sado', NULL, 'JPN', 'f'),
       (101, '1994-10-31', 'Charlotte', 'Chable', NULL, 'SUI', 'f'),
       (102, '1999-06-23', 'Anna', 'Trenary', NULL, 'USA', 'f'),
       (103, '2000-07-30', 'Arman', 'Gayupov', NULL, 'UZB', 'm'),
       (104, '1996-12-06', 'Jonas', 'Landshom', NULL, 'NOR', 'm'),
       (105, '2001-05-23', 'Paolo', 'Palmegiano', NULL, 'ITA', 'm'),
       (106, '2001-11-05', 'Milena', 'Goffredi', NULL, 'ITA', 'f'),
       (107, '2002-11-03', 'Leo', 'Oesterberg', NULL, 'SWE', 'm'),
       (108, '2002-01-25', 'Ryota', 'Yuji', NULL, 'JPN', 'm'),
       (109, '2002-12-26', 'Ryan', 'Becker', NULL, 'USA', 'm'),
       (110, '2002-12-04', 'Isabel', 'Guerenu', NULL, 'ESP', 'f'),
       (111, '1993-06-21', 'Mladen', 'Minic', NULL, 'MNE', 'm'),
       (112, '2002-01-24', 'Leonardo', 'Occoffer', NULL, 'ITA', 'm'),
       (113, '2002-05-25', 'Noemie', 'Laurier', NULL, 'CAN', 'f'),
       (114, '2001-03-01', 'Moa', 'Lundquist', NULL, 'SWE', 'f'),
       (115, '1997-06-15', 'Carter', 'Armstrong', NULL, 'CAN', 'm'),
       (116, '1998-04-13', 'Galina', 'Vorozheiko', NULL, 'RUS', 'f'),
       (117, '2002-07-03', 'Marian', 'Danos', NULL, 'CZE', 'm'),
       (118, '1999-05-21', 'Neena', 'Sore', NULL, 'FIN', 'f'),
       (119, '1997-06-23', 'Gabriel', 'Aregger', NULL, 'SUI', 'm'),
       (120, '2001-11-01', 'Rinka', 'Kanai', NULL, 'JPN', 'f'),
       (121, '2000-11-17', 'Olivia', 'Weymouth', NULL, 'USA', 'f'),
       (122, '1997-04-23', 'Monika', 'Maroty', NULL, 'HUN', 'f'),
       (123, '1998-03-20', 'Elle', 'Kempenaers', NULL, 'BEL', 'f'),
       (124, '2002-03-31', 'Filip', 'Dvorak', NULL, 'CZE', 'm'),
       (125, '2002-12-19', 'Genya', 'Miyazawa', NULL, 'JPN', 'm'),
       (126, '2002-05-10', 'Laura', 'Graziani', NULL, 'ITA', 'f'),
       (127, '2002-07-14', 'Mara', 'Platter', NULL, 'ITA', 'f'),
       (128, '1990-02-25', 'Hyeontae', 'Kim', NULL, 'KOR', 'm'),
       (129, '1999-01-27', 'Misato', 'Koba', NULL, 'JPN', 'f'),
       (130, '1996-04-06', 'Jakub', 'Pospisil', NULL, 'CZE', 'm'),
       (131, '1960-03-11', 'Stefano', 'Rampazzo', NULL, 'ITA', 'm'),
       (132, '1995-06-26', 'Takuya', 'Kusakabe', NULL, 'JPN', 'm'),
       (133, '2001-06-25', 'Ginevra', 'Ostini', NULL, 'SUI', 'f'),
       (134, '2001-12-17', 'Owen', 'Vinter', NULL, 'GBR', 'm'),
       (135, '2000-04-13', 'Ignace', 'Keirouz', NULL, 'LBN', 'm'),
       (136, '1997-05-21', 'Amelia', 'Adams', NULL, 'USA', 'f'),
       (137, '1999-06-17', 'Eldar', 'Salihovic', NULL, 'MNE', 'm'),
       (138, '2002-09-17', 'Adam', 'Coito', NULL, 'CAN', 'm'),
       (139, '1996-04-28', 'Yukihiro', 'Takikawa', NULL, 'JPN', 'm'),
       (140, '2002-12-04', 'Sini', 'Heikkala', NULL, 'FIN', 'f'),
       (141, '1997-03-19', 'Martin', 'Bergman', NULL, 'SWE', 'm'),
       (142, '1998-09-07', 'Luka', 'Bozhinovski', NULL, 'MKD', 'm'),
       (143, '1998-03-04', 'Shuntaro', 'Nakazawa', NULL, 'JPN', 'm'),
       (144, '1986-01-23', 'Sandro', 'Viletta', NULL, 'SUI', 'm'),
       (145, '1997-03-28', 'Deborah', 'Gerber', NULL, 'SUI', 'f'),
       (146, '2001-02-13', 'Finn', 'Rice', NULL, 'IRL', 'm'),
       (147, '2001-10-14', 'Alberto', 'Guerrini', NULL, 'ITA', 'm'),
       (148, '2001-04-04', 'Edoardo', 'Galeasso', NULL, 'ITA', 'm'),
       (149, '2001-04-14', 'Drew', 'Wingard', NULL, 'USA', 'm'),
       (150, '2001-07-04', 'Eirik', 'Gjeraldstveit', NULL, 'NOR', 'm'),
       (151, '2001-09-26', 'Cosmo', 'Osmond', NULL, 'GBR', 'm'),
       (152, '2000-04-30', 'Lorenzo', 'Bellet', NULL, 'ITA', 'm'),
       (153, '2001-11-16', 'Carla', 'Torresi', NULL, 'ARG', 'f'),
       (154, '1998-03-16', 'Ryo', 'Oshikiri', NULL, 'JPN', 'm'),
       (155, '2001-05-07', 'Alessandro', 'Peaquin', NULL, 'ITA', 'm'),
       (156, '2002-06-24', 'Yuki', 'Taka', NULL, 'JPN', 'm'),
       (157, '1996-04-14', 'Frederik', 'Norys', NULL, 'GER', 'm'),
       (158, '1999-06-08', 'Yuta', 'Uchikawa', NULL, 'JPN', 'm'),
       (159, '2001-07-03', 'Silvia', 'Lastei', NULL, 'ITA', 'f'),
       (160, '1999-03-12', 'Juliusz', 'Mitan', NULL, 'POL', 'm'),
       (161, '2001-02-21', 'Anna', 'Oberdanner', NULL, 'AUT', 'f'),
       (162, '2002-08-02', 'Samantha', 'Trudeau', NULL, 'USA', 'f'),
       (163, '1986-10-05', 'Jad', 'Makhoul', NULL, 'LBN', 'm'),
       (164, '2000-02-10', 'Filippo', 'Collini', NULL, 'ITA', 'm'),
       (165, '2002-10-15', 'Oskar', 'Gillberg', NULL, 'SWE', 'm'),
       (166, '2000-03-17', 'Karolina', 'Vlckova', NULL, 'CZE', 'f'),
       (167, '2000-03-22', 'Nicolo', 'Valentini', NULL, 'ITA', 'm'),
       (168, '1997-01-18', 'Cristina', 'Pachi', NULL, 'GRE', 'f'),
       (169, '2002-08-14', 'David', 'Hrbac', NULL, 'CZE', 'm'),
       (170, '1997-01-15', 'Marco', 'Fischbacher', NULL, 'SUI', 'm'),
       (171, '2002-03-29', 'Alice', 'Carneli', NULL, 'ITA', 'f'),
       (172, '1999-12-22', 'Niclas', 'Carlson', NULL, 'USA', 'm'),
       (173, '2001-01-24', 'Severin', 'Imseng', NULL, 'SUI', 'm'),
       (174, '1969-12-21', 'Kouichi', 'Murakami', NULL, 'JPN', 'm'),
       (175, '2001-12-14', 'Eduard', 'Tashov', NULL, 'RUS', 'm'),
       (176, '2002-03-07', 'Pavel', 'Ustiuzhanin', NULL, 'RUS', 'm'),
       (177, '2002-09-11', 'Guilhem', 'Castillon', NULL, 'FRA', 'm'),
       (178, '2000-04-02', 'Grace', 'Klapatiuk', NULL, 'CAN', 'f'),
       (179, '1995-01-01', 'Michal', 'Staszowski', NULL, 'CZE', 'm'),
       (180, '2002-08-08', 'Sayo', 'Yamashita', NULL, 'JPN', 'f'),
       (181, '2001-10-22', 'Maja', 'Fucak', NULL, 'CRO', 'f'),
       (182, '2001-10-14', 'Marvin', 'Avesani', NULL, 'ITA', 'm'),
       (183, '1991-06-27', 'Nicolas', 'Raffort', NULL, 'FRA', 'm'),
       (184, '2002-02-07', 'Alexandra', 'Diessinger', NULL, 'GER', 'f'),
       (185, '2000-10-03', 'Kyosuke', 'Yamamoto', NULL, 'JPN', 'm'),
       (186, '2001-03-28', 'Bella', 'Gigone', NULL, 'CAN', 'f'),
       (187, '2001-01-29', 'Maren', 'Fodnaess', NULL, 'NOR', 'f'),
       (188, '2002-09-05', 'Justin', 'Laricheliere', NULL, 'CAN', 'm'),
       (189, '2002-11-24', 'Yudai', 'Katsumasa', NULL, 'JPN', 'm'),
       (190, '2002-02-01', 'Annelise', 'Norkitis', NULL, 'USA', 'f'),
       (191, '2002-02-20', 'Bastien', 'Hirschi', NULL, 'SUI', 'm'),
       (192, '1998-12-15', 'Veronika', 'Kivelevich', NULL, 'RUS', 'f'),
       (193, '1999-02-19', 'Sumitaka', 'Hagiuda', NULL, 'JPN', 'm'),
       (194, '2001-03-14', 'Sequoia', 'Anstine', NULL, 'USA', 'f'),
       (195, '1995-01-13', 'Varsha', 'Devi', NULL, 'IND', 'f'),
       (196, '1996-12-29', 'Luca', 'Decostanzi', NULL, 'ITA', 'm'),
       (197, '2002-10-30', 'Antonio', 'Scarpitti', NULL, 'ITA', 'm'),
       (198, '2002-03-05', 'Martin', 'Mcdonough', NULL, 'USA', 'm'),
       (199, '2001-05-10', 'Rio', 'Miyazawa', NULL, 'JPN', 'f'),
       (200, '1995-05-29', 'Ramona', 'Boettinger', NULL, 'GER', 'f'),
       (201, '1996-07-23', 'Alexandre', 'Trudeau', NULL, 'CAN', 'm'),
       (202, '2001-04-06', 'Lili', 'Flachbart', NULL, 'USA', 'f'),
       (203, '2002-06-30', 'Tiago', 'Janet', NULL, 'SUI', 'm'),
       (204, '2002-12-31', 'Josefine', 'Enqvist', NULL, 'SWE', 'f'),
       (205, '1989-01-30', 'Thomas', 'Biesemeyer', NULL, 'USA', 'm'),
       (206, '2002-09-09', 'Oscar', 'Holmqvist', NULL, 'SWE', 'm'),
       (207, '2001-12-27', 'Una', 'Grauda', NULL, 'LAT', 'f'),
       (208, '2001-03-02', 'Daria', 'Zaviruha', NULL, 'RUS', 'f'),
       (209, '1998-06-30', 'Minori', 'Tamura', NULL, 'JPN', 'f'),
       (210, '1997-11-11', 'Arashi', 'Nagata', NULL, 'JPN', 'm'),
       (211, '1995-01-01', 'Martin', 'Kucera', NULL, 'CZE', 'm'),
       (212, '1965-02-14', 'Yoichi', 'Amakasu', NULL, 'JPN', 'm'),
       (213, '2002-10-15', 'Robin', 'Gross', NULL, 'FRA', 'm'),
       (214, '1985-08-03', 'Yuheng', 'Tian', NULL, 'CHN', 'm'),
       (215, '2000-02-09', 'Sam', 'Conzelman', NULL, 'USA', 'f'),
       (216, '1999-05-09', 'Ashot', 'Karapetyan', NULL, 'ARM', 'm'),
       (217, '2002-12-25', 'Esperanza', 'Vergara', NULL, 'CHI', 'f'),
       (218, '1997-03-30', 'Rami', 'Chaaya', NULL, 'LBN', 'm'),
       (219, '1997-04-14', 'Eric', 'Johnson', NULL, 'USA', 'm'),
       (220, '1998-06-26', 'Alejandro', 'Triay', NULL, 'ESP', 'm'),
       (221, '1998-06-29', 'Benjamin', 'Meyers', NULL, 'USA', 'm'),
       (222, '1997-04-15', 'Paul', 'Rechberger', NULL, 'AUT', 'm'),
       (223, '1999-05-02', 'Ramon', 'Barrufet', NULL, 'ESP', 'm'),
       (224, '2001-10-07', 'Lois', 'Abouly', NULL, 'FRA', 'f'),
       (225, '1999-05-05', 'Jake', 'Abbott', NULL, 'USA', 'm'),
       (226, '1994-10-13', 'Cyprien', 'Sarrazin', NULL, 'FRA', 'm'),
       (227, '1997-11-17', 'Pietro', 'Tomei', NULL, 'ITA', 'm'),
       (228, '2000-11-01', 'Thomas', 'Borash', NULL, 'USA', 'm'),
       (229, '1981-01-03', 'Cristian', 'Deville', NULL, 'ITA', 'm'),
       (230, '1980-11-26', 'Hira', 'Lal', NULL, 'IND', 'm'),
       (231, '2002-11-13', 'Peder', 'Skogstad', NULL, 'NOR', 'm'),
       (232, '2000-05-08', 'Matteo', 'Tognetti', NULL, 'ITA', 'm'),
       (233, '1995-04-08', 'Louise', 'Wedin', NULL, 'SWE', 'f'),
       (234, '2001-06-23', 'Elena', 'Zipp', NULL, 'USA', 'f'),
       (235, '1998-08-13', 'Masooma', 'Hassani', NULL, 'AFG', 'f'),
       (236, '1979-09-05', 'Julien', 'Lizeroux', NULL, 'FRA', 'm'),
       (237, '1993-07-13', 'Petra', 'Houserova', NULL, 'CZE', 'f'),
       (238, '1992-07-21', 'Niloofar', 'Khorrami', NULL, 'IRI', 'f'),
       (239, '1998-12-28', 'Yui', 'Yamaguchi', NULL, 'JPN', 'f'),
       (240, '2002-06-30', 'Lora', 'Broz', NULL, 'CRO', 'f'),
       (241, '2002-07-28', 'Jacopo', 'Biz', NULL, 'ITA', 'm'),
       (242, '1997-09-28', 'Matej', 'Prielozny', NULL, 'SVK', 'm'),
       (243, '2002-03-25', 'Fedor', 'Chernyshev', NULL, 'RUS', 'm'),
       (244, '2002-06-27', 'Bradley', 'Bonner', NULL, 'CAN', 'm'),
       (245, '1996-05-12', 'Emer', 'Pisarnik', NULL, 'IRL', 'f'),
       (246, '2000-07-14', 'Mikael', 'Larsson', NULL, 'SWE', 'm'),
       (247, '2002-05-18', 'Emil', 'Taernsby', NULL, 'SWE', 'm'),
       (248, '2001-11-14', 'Mia', 'Saglia', NULL, 'FRA', 'f'),
       (249, '1990-06-21', 'Paraskevi', 'Mavridou', NULL, 'GRE', 'f'),
       (250, '2002-03-23', 'Claudia', 'Lopez', NULL, 'ESP', 'f'),
       (251, '2001-05-25', 'Lucile', 'Goetz', NULL, 'FRA', 'f'),
       (252, '2002-03-29', 'Jack', 'Borash', NULL, 'USA', 'm'),
       (253, '2002-06-13', 'Peri', 'Tufekci', NULL, 'TUR', 'f'),
       (254, '2001-01-24', 'Jordi', 'Beascoechea', NULL, 'ESP', 'm'),
       (255, '2002-04-17', 'Leonie', 'Schoenherr', NULL, 'AUT', 'f'),
       (256, '1977-10-12', 'Bode', 'Miller', NULL, 'USA', 'm'),
       (257, '2002-01-10', 'Ellina', 'Diachenko', NULL, 'RUS', 'f'),
       (258, '1996-07-21', 'Petko', 'Boyadzhiev', NULL, 'BUL', 'm'),
       (259, '2000-02-01', 'Waqas', 'Azam', NULL, 'PAK', 'm'),
       (260, '1996-12-27', 'Nikita', 'Norton', NULL, 'USA', 'f'),
       (261, '1998-11-05', 'Reina', 'Takita', NULL, 'JPN', 'f'),
       (262, '2001-03-29', 'Chelsea', 'Smith', NULL, 'USA', 'f'),
       (263, '2002-07-16', 'Toa', 'Yoshimoto', NULL, 'JPN', 'm'),
       (264, '1999-01-25', 'Varvara', 'Korotaeva', NULL, 'RUS', 'f'),
       (265, '2002-06-14', 'Nina', 'Vergely', NULL, 'FRA', 'f'),
       (266, '1999-02-22', 'William', 'Trudeau', NULL, 'USA', 'm'),
       (267, '2001-07-01', 'Simone', 'Trambaiolo', NULL, 'ITA', 'm'),
       (268, '2000-01-04', 'Ian', 'Schilkrut', NULL, 'CHI', 'm'),
       (269, '2000-10-08', 'Simon', 'Fleisch', NULL, 'AUT', 'm'),
       (270, '1985-06-19', 'Christoph', 'Noesig', NULL, 'AUT', 'm'),
       (271, '1981-12-01', 'Andrej', 'Sporn', NULL, 'SLO', 'm'),
       (272, '1995-07-07', 'Joseph', 'Bobin', NULL, 'FRA', 'm'),
       (273, '2001-04-19', 'Hanno', 'Stark', NULL, 'ITA', 'm'),
       (274, '1995-08-11', 'Adam', 'Butterworth', NULL, 'MAS', 'm'),
       (275, '1981-05-11', 'Evgeny', 'Kovalev', NULL, 'RUS', 'm'),
       (276, '2001-09-26', 'Stefano', 'Grisa', NULL, 'ITA', 'm'),
       (277, '2000-11-09', 'Zuzanna', 'Kowalczyk', NULL, 'POL', 'f'),
       (278, '2001-02-04', 'Claudia', 'Cantin', NULL, 'USA', 'f'),
       (279, '2002-08-07', 'Alessandro', 'Gualandi', NULL, 'ITA', 'm'),
       (280, '1997-07-19', 'Youngseo', 'Kang', NULL, 'KOR', 'f'),
       (281, '2002-11-21', 'Lucien', 'Keirouz', NULL, 'LBN', 'm'),
       (282, '1998-09-13', 'Kerry', 'Plieninger', NULL, 'GER', 'f'),
       (283, '1998-05-31', 'Yohei', 'Koyama', NULL, 'JPN', 'm'),
       (284, '1998-03-17', 'Sofia', 'Armeni', NULL, 'CYP', 'f'),
       (285, '1992-03-26', 'Stefan', 'Luitz', NULL, 'GER', 'm'),
       (286, '1994-08-09', 'Zining', 'Chen', NULL, 'CHN', 'm'),
       (287, '1995-02-08', 'Marco', 'Giunti', NULL, 'ITA', 'm'),
       (288, '1999-06-15', 'Perrine', 'Salles', NULL, 'FRA', 'f'),
       (289, '2000-03-27', 'Kenta', 'Akimoto', NULL, 'JPN', 'm'),
       (290, '2002-08-18', 'Alice', 'Pazzaglia', NULL, 'ITA', 'f'),
       (291, '1999-10-06', 'Anahita', 'Parsa', NULL, 'IRI', 'f'),
       (292, '1995-06-27', 'Caroline', 'Bartlett', NULL, 'CAN', 'f'),
       (293, '1994-08-26', 'Helena', 'Rapaport', NULL, 'SWE', 'f'),
       (294, '2002-01-01', 'Rasmus', 'Andersson', NULL, 'SWE', 'm'),
       (295, '1995-06-12', 'Kazuki', 'Sugimoto', NULL, 'JPN', 'm'),
       (296, '2000-09-06', 'Calum', 'Shepherd', NULL, 'GBR', 'm'),
       (297, '2001-04-20', 'Jinta', 'Kobayashi', NULL, 'JPN', 'm'),
       (298, '2002-08-01', 'Arthur', 'Thevelin', NULL, 'BEL', 'm'),
       (299, '2001-09-19', 'Kieran', 'Harley', NULL, 'CAN', 'm'),
       (300, '1996-01-19', 'Anisha', 'Karmacharya', NULL, 'NEP', 'f'),
       (301, '1997-05-15', 'Mihail', 'Dimitrov', NULL, 'BUL', 'm'),
       (302, '1995-05-15', 'Walid', 'Kahali', NULL, 'LBN', 'm'),
       (303, '2000-01-17', 'Clement', 'Missillier', NULL, 'FRA', 'm'),
       (304, '2002-10-15', 'Daniil', 'Vasilev', NULL, 'RUS', 'm'),
       (305, '2002-11-18', 'Emelyne', 'Avocat', NULL, 'FRA', 'f'),
       (306, '2001-03-28', 'Vincent', 'Peytavy', NULL, 'FRA', 'm'),
       (307, '2000-03-23', 'Finlay', 'Stewart', NULL, 'GBR', 'm'),
       (308, '1966-08-27', 'Yuji', 'Sato', NULL, 'JPN', 'm'),
       (309, '2002-10-17', 'Tua', 'Normark', NULL, 'SWE', 'f'),
       (310, '2002-10-17', 'Emile', 'Turcotte', NULL, 'CAN', 'm'),
       (311, '1998-07-27', 'Matilda', 'Holmberg', NULL, 'SWE', 'f'),
       (312, '1997-01-22', 'Koya', 'Morita', NULL, 'JPN', 'm'),
       (313, '1997-07-06', 'Lars', 'Holenstein', NULL, 'SUI', 'm'),
       (314, '2002-01-14', 'Thomas', 'Inwood', NULL, 'USA', 'm'),
       (315, '1994-05-27', 'Lukas', 'Vaclavik', NULL, 'CZE', 'm'),
       (316, '1989-06-13', 'Andreas', 'Sander', NULL, 'GER', 'm'),
       (317, '2000-04-26', 'Louise', 'Myrling', NULL, 'SWE', 'f'),
       (318, '1999-10-15', 'Bridger', 'Gile', NULL, 'USA', 'm'),
       (319, '2001-05-31', 'Philippe', 'Marrocco', NULL, 'CAN', 'm'),
       (320, '2002-07-08', 'Amir', 'Gainanov', NULL, 'RUS', 'm'),
       (321, '1995-10-12', 'Yoshihiro', 'Kudo', NULL, 'JPN', 'm'),
       (322, '2002-07-24', 'Isidora', 'Ross', NULL, 'CHI', 'f'),
       (323, '2000-03-17', 'Filip', 'Matijevic', NULL, 'SRB', 'm'),
       (324, '1996-05-23', 'Elias', 'Kolega', NULL, 'CRO', 'm'),
       (325, '2001-01-25', 'Valentina', 'Savorgnani', NULL, 'ITA', 'f'),
       (326, '2000-05-28', 'Timea', 'Plachyova', NULL, 'SVK', 'f'),
       (327, '1999-04-08', 'Jakob', 'Fonda', NULL, 'SLO', 'm'),
       (328, '2001-04-23', 'Justine', 'Duclos', NULL, 'FRA', 'f'),
       (329, '1992-09-28', 'Adeline', 'Mugnier', NULL, 'FRA', 'f'),
       (330, '2002-07-23', 'Mina', 'Bastan', NULL, 'TUR', 'f'),
       (331, '2001-07-09', 'Beomseo', 'Gil', NULL, 'KOR', 'm'),
       (332, '1998-07-02', 'Olof', 'Hedelin', NULL, 'SWE', 'm'),
       (333, '1989-04-11', 'Yixun', 'Gao', NULL, 'CHN', 'f'),
       (334, '1996-01-19', 'Linn', 'Ljungemo', NULL, 'SWE', 'f'),
       (335, '2002-06-05', 'Chiara', 'Colombi', NULL, 'ITA', 'f'),
       (336, '2001-06-12', 'Anna', 'Smirnova', NULL, 'BLR', 'f'),
       (337, '1998-01-04', 'Bernadette', 'Lorenz', NULL, 'AUT', 'f'),
       (338, '2001-07-11', 'Vincent', 'Badet', NULL, 'FRA', 'm'),
       (339, '2000-09-11', 'Josefin', 'Pettersson', NULL, 'SWE', 'f'),
       (340, '1996-02-04', 'Theresa', 'Steinlechner', NULL, 'AUT', 'f'),
       (341, '1979-03-04', 'Ivan', 'Borisov', NULL, 'KGZ', 'm'),
       (342, '2000-04-04', 'Vernor', 'Gjurkaj', NULL, 'KOS', 'm'),
       (343, '1998-04-27', 'Sarka', 'Chroustova', NULL, 'CZE', 'f'),
       (344, '2002-10-22', 'Hailey', 'Harsch', NULL, 'USA', 'f'),
       (345, '1997-07-27', 'Ramsha', 'Shahzad', NULL, 'PAK', 'f'),
       (346, '1999-03-05', 'Theoxane', 'Laubert', NULL, 'FRA', 'f'),
       (347, '1999-07-09', 'Shunsuke', 'Nakahata', NULL, 'JPN', 'm'),
       (348, '2001-08-12', 'Momomi', 'Igarashi', NULL, 'JPN', 'f'),
       (349, '2001-01-22', 'Ciorstaidh', 'Struthers', NULL, 'GBR', 'f'),
       (350, '1999-08-30', 'Viktor', 'Petkov', NULL, 'MKD', 'm'),
       (351, '1998-04-10', 'Duncan', 'Kuwall', NULL, 'GBR', 'm'),
       (352, '1998-09-29', 'Beatrix', 'Lever', NULL, 'CAN', 'f'),
       (353, '1996-10-26', 'Genevieve', 'Frigon', NULL, 'CAN', 'f'),
       (354, '1997-01-29', 'Loic', 'Ricaud', NULL, 'CAN', 'm'),
       (355, '1997-09-18', 'Consuelo', 'Bigazzi', NULL, 'ITA', 'f'),
       (356, '1980-06-29', 'Marcos', 'Arguelles', NULL, 'AND', 'm'),
       (357, '2000-05-21', 'Angelika', 'Larsson', NULL, 'SWE', 'f'),
       (358, '1983-02-18', 'Howard', 'Fielder', NULL, 'GBR', 'm'),
       (359, '2002-11-09', 'Rayan', 'Perret', NULL, 'SUI', 'm'),
       (360, '1944-11-13', 'Leif', 'Kallin', NULL, 'SWE', 'm'),
       (361, '2002-01-22', 'Kalle', 'Edholm', NULL, 'SWE', 'm'),
       (362, '2001-08-04', 'Jihoon', 'Pak', NULL, 'KOR', 'm'),
       (363, '1998-10-23', 'Yamato', 'Kose', NULL, 'JPN', 'm'),
       (364, '2002-02-16', 'Hunor', 'Szoke', NULL, 'ROU', 'm'),
       (365, '1985-08-06', 'Ana', 'Drev', NULL, 'SLO', 'f'),
       (366, '2001-06-25', 'Alyssa', 'George', NULL, 'LBN', 'f'),
       (367, '2000-10-28', 'Andrin', 'Veraguth', NULL, 'SUI', 'm'),
       (368, '2001-03-28', 'Niklas', 'Illig', NULL, 'GER', 'm'),
       (369, '1999-04-08', 'Roberto', 'Pirozzi', NULL, 'CHI', 'm'),
       (370, '2002-12-01', 'Kaito', 'Murata', NULL, 'JPN', 'm'),
       (371, '1951-12-07', 'Junichi', 'Ueno', NULL, 'JPN', 'm'),
       (372, '1996-04-26', 'Anton', 'Endzhievskiy', NULL, 'RUS', 'm'),
       (373, '2000-08-01', 'Pavel', 'Vstavsky', NULL, 'RUS', 'm'),
       (374, '1995-04-18', 'Katarina', 'Miklosova', NULL, 'SVK', 'f'),
       (375, '2001-07-29', 'Jay', 'Sherlock', NULL, 'NZL', 'm'),
       (376, '1992-07-30', 'Adam', 'Barwood', NULL, 'NZL', 'm'),
       (377, '2000-01-30', 'Adela', 'Raskova', NULL, 'CZE', 'f'),
       (378, '2002-04-30', 'Amelia', 'Pinilla', NULL, 'CHI', 'f'),
       (379, '1962-06-21', 'Takayoshi', 'Takakura', NULL, 'JPN', 'm'),
       (380, '1998-03-25', 'Juliette', 'Parke', NULL, 'USA', 'f'),
       (381, '2002-01-22', 'Matteo', 'Bruni', NULL, 'ITA', 'm'),
       (382, '2002-03-06', 'Kirsten', 'Anderson', NULL, 'USA', 'f'),
       (383, '1997-08-06', 'Katharine', 'Graham', NULL, 'USA', 'f'),
       (384, '2000-12-24', 'Sebastian', 'Trapl', NULL, 'AUT', 'm'),
       (385, '2002-02-23', 'Nicolo', 'David', NULL, 'ITA', 'm'),
       (386, '2001-04-13', 'Derin', 'Klanten', NULL, 'TUR', 'f'),
       (387, '2002-05-13', 'Simon', 'Zunterer', NULL, 'GER', 'm'),
       (388, '1998-09-24', 'Wiktor', 'Apola', NULL, 'POL', 'm'),
       (389, '2002-10-28', 'Ryuji', 'Niimura', NULL, 'JPN', 'm'),
       (390, '2000-05-25', 'Gregor', 'Glaess', NULL, 'GER', 'm'),
       (391, '1984-02-22', 'Xin', 'Jin', NULL, 'CHN', 'm'),
       (392, '1999-10-27', 'Rebecca', 'Mennini', NULL, 'ITA', 'f'),
       (393, '2000-07-06', 'Hailley', 'Jones', NULL, 'USA', 'f'),
       (394, '2002-10-01', 'Ilias', 'Tzoudas', NULL, 'GRE', 'm'),
       (395, '2000-04-29', 'Alice', 'Larsson', NULL, 'SWE', 'f'),
       (396, '1998-05-01', 'Enric', 'Parellada', NULL, 'ESP', 'm'),
       (397, '1987-02-11', 'Beat', 'Feuz', NULL, 'SUI', 'm'),
       (398, '1997-01-02', 'Ammi', 'Hondo', NULL, 'JPN', 'f'),
       (399, '1997-03-31', 'Giorgi', 'Kurtanidze', NULL, 'GEO', 'm'),
       (400, '2001-02-11', 'Adam', 'Matejko', NULL, 'CAN', 'm'),
       (401, '2002-01-21', 'Vittoria', 'Gualtieri', NULL, 'ITA', 'f'),
       (402, '1991-10-01', 'Mark', 'Engel', NULL, 'USA', 'm'),
       (403, '2002-10-05', 'Lucy', 'Benda', NULL, 'USA', 'f'),
       (404, '2000-04-03', 'Tiphaine', 'Bregou', NULL, 'SUI', 'f'),
       (405, '2000-03-31', 'Sydney', 'Mason', NULL, 'CAN', 'f'),
       (406, '2000-01-27', 'Tatsuki', 'Nakata', NULL, 'JPN', 'm'),
       (407, '2002-02-28', 'Elena', 'Steurer', NULL, 'AUT', 'f'),
       (408, '2002-11-28', 'Niko', 'Klein', NULL, 'SWE', 'm'),
       (409, '1997-04-25', 'Lars', 'Hegg', NULL, 'NOR', 'm'),
       (410, '2000-01-31', 'Philipp', 'Lackner', NULL, 'AUT', 'm'),
       (411, '2000-10-28', 'Sophie', 'Rosen', NULL, 'USA', 'f'),
       (412, '2000-11-26', 'Borut', 'Bozic', NULL, 'SLO', 'm'),
       (413, '1992-05-23', 'Nils', 'Mani', NULL, 'SUI', 'm'),
       (414, '2002-02-06', 'Oliver', 'Stokkedal', NULL, 'NOR', 'm'),
       (415, '2000-05-04', 'Alessandro', 'Barbana', NULL, 'ITA', 'm'),
       (416, '2001-05-10', 'Aaron', 'Leaman', NULL, 'CAN', 'm'),
       (417, '2001-09-01', 'Catherine', 'Heyburn', NULL, 'AUS', 'f'),
       (418, '1993-10-05', 'Zan', 'Groselj', NULL, 'SLO', 'm'),
       (419, '1995-07-27', 'Ty', 'Sprock', NULL, 'USA', 'm'),
       (420, '2001-06-15', 'Kazuma', 'Sakamoto', NULL, 'JPN', 'm'),
       (421, '1996-03-24', 'Hayden', 'Grand', NULL, 'GBR', 'm'),
       (422, '1998-04-23', 'Juliana', 'Suter', NULL, 'SUI', 'f'),
       (423, '2002-07-24', 'Michael', 'Anderson', NULL, 'USA', 'm'),
       (424, '1997-10-08', 'Marco', 'Odermatt', NULL, 'SUI', 'm'),
       (425, '1998-03-27', 'Philippe', 'Calmes', NULL, 'FRA', 'm'),
       (426, '1999-10-07', 'Remi', 'Barthelemy', NULL, 'FRA', 'm'),
       (427, '2001-05-03', 'Matteo', 'Ravazzi', NULL, 'ITA', 'm'),
       (428, '2000-11-05', 'Nazariy', 'Petruk', NULL, 'UKR', 'm'),
       (429, '2002-05-23', 'Emil', 'Tackman', NULL, 'SWE', 'm'),
       (430, '2000-12-19', 'Monika', 'Widmoser', NULL, 'AUT', 'f'),
       (431, '2001-10-24', 'Emilie', 'Nergaard', NULL, 'NOR', 'f'),
       (432, '1999-02-15', 'Heidi', 'Merisalo', NULL, 'FIN', 'f'),
       (433, '1998-08-08', 'Arthur', 'Py', NULL, 'FRA', 'm'),
       (434, '2002-06-27', 'Svenja', 'Senti', NULL, 'SUI', 'f'),
       (435, '2002-09-21', 'Lea', 'Farbmacher', NULL, 'AUT', 'f'),
       (436, '1999-09-15', 'Danil', 'Syssoyev', NULL, 'KAZ', 'm'),
       (437, '1998-05-01', 'Xuelian', 'Zhang', NULL, 'CHN', 'f'),
       (438, '2000-11-08', 'Egor', 'Sazonov', NULL, 'RUS', 'm'),
       (439, '1965-04-30', 'Hans', 'Berglund', NULL, 'SWE', 'm');
